{
  "type": "FeatureCollection",
  "name": "Rekap Gempa Bulanan",
  "features": [
    {
      "type": "Feature",
      "id": "604",
      "geometry": {
        "type": "Point",
        "coordinates": [
          111.4157,
          -8.7924
        ]
      },
      "properties": {
        "id": "604",
        "datetime": "2026-06-30T00:04:31",
        "date": "2026-06-30",
        "time": "00:04:31",
        "latitude": -8.7924,
        "longitude": 111.4157,
        "depth_km": 10.0,
        "depth_class": "Dangkal",
        "magnitude": 2.6,
        "magnitude_class": "lt3",
        "location": "Java, Indonesia",
        "estimated_radius_km": 8.6,
        "estimated_radius_m": 8600,
        "felt": "",
        "tsunami_potential": "",
        "shakemap_url": "",
        "bmkg_note": "",
        "source": "Rekap bulanan",
        "source_row": 605
      }
    },
    {
      "type": "Feature",
      "id": "603",
      "geometry": {
        "type": "Point",
        "coordinates": [
          111.2123,
          -9.0544
        ]
      },
      "properties": {
        "id": "603",
        "datetime": "2026-06-30T00:43:30",
        "date": "2026-06-30",
        "time": "00:43:30",
        "latitude": -9.0544,
        "longitude": 111.2123,
        "depth_km": 28.0,
        "depth_class": "Dangkal",
        "magnitude": 2.8,
        "magnitude_class": "lt3",
        "location": "South of Java, Indonesia",
        "estimated_radius_km": 8.8,
        "estimated_radius_m": 8800,
        "felt": "",
        "tsunami_potential": "",
        "shakemap_url": "",
        "bmkg_note": "",
        "source": "Rekap bulanan",
        "source_row": 604
      }
    },
    {
      "type": "Feature",
      "id": "602",
      "geometry": {
        "type": "Point",
        "coordinates": [
          111.1025,
          -8.4351
        ]
      },
      "properties": {
        "id": "602",
        "datetime": "2026-06-30T01:13:26",
        "date": "2026-06-30",
        "time": "01:13:26",
        "latitude": -8.4351,
        "longitude": 111.1025,
        "depth_km": 22.0,
        "depth_class": "Dangkal",
        "magnitude": 2.4,
        "magnitude_class": "lt3",
        "location": "Java, Indonesia",
        "estimated_radius_km": 8.0,
        "estimated_radius_m": 8000,
        "felt": "",
        "tsunami_potential": "",
        "shakemap_url": "",
        "bmkg_note": "",
        "source": "Rekap bulanan",
        "source_row": 603
      }
    },
    {
      "type": "Feature",
      "id": "601",
      "geometry": {
        "type": "Point",
        "coordinates": [
          114.1026,
          -10.3805
        ]
      },
      "properties": {
        "id": "601",
        "datetime": "2026-06-30T01:47:02",
        "date": "2026-06-30",
        "time": "01:47:02",
        "latitude": -10.3805,
        "longitude": 114.1026,
        "depth_km": 10.0,
        "depth_class": "Dangkal",
        "magnitude": 3.0,
        "magnitude_class": "3to5",
        "location": "South of Bali, Indonesia",
        "estimated_radius_km": 11.8,
        "estimated_radius_m": 11800,
        "felt": "",
        "tsunami_potential": "",
        "shakemap_url": "",
        "bmkg_note": "",
        "source": "Rekap bulanan",
        "source_row": 602
      }
    },
    {
      "type": "Feature",
      "id": "600",
      "geometry": {
        "type": "Point",
        "coordinates": [
          113.5721,
          -8.9245
        ]
      },
      "properties": {
        "id": "600",
        "datetime": "2026-06-30T04:46:15",
        "date": "2026-06-30",
        "time": "04:46:15",
        "latitude": -8.9245,
        "longitude": 113.5721,
        "depth_km": 59.0,
        "depth_class": "Dangkal",
        "magnitude": 2.5,
        "magnitude_class": "lt3",
        "location": "Java, Indonesia",
        "estimated_radius_km": 7.7,
        "estimated_radius_m": 7700,
        "felt": "",
        "tsunami_potential": "",
        "shakemap_url": "",
        "bmkg_note": "",
        "source": "Rekap bulanan",
        "source_row": 601
      }
    },
    {
      "type": "Feature",
      "id": "599",
      "geometry": {
        "type": "Point",
        "coordinates": [
          110.9605,
          -8.7984
        ]
      },
      "properties": {
        "id": "599",
        "datetime": "2026-06-30T08:43:20",
        "date": "2026-06-30",
        "time": "08:43:20",
        "latitude": -8.7984,
        "longitude": 110.9605,
        "depth_km": 13.0,
        "depth_class": "Dangkal",
        "magnitude": 2.6,
        "magnitude_class": "lt3",
        "location": "Java, Indonesia",
        "estimated_radius_km": 8.5,
        "estimated_radius_m": 8500,
        "felt": "",
        "tsunami_potential": "",
        "shakemap_url": "",
        "bmkg_note": "",
        "source": "Rekap bulanan",
        "source_row": 600
      }
    },
    {
      "type": "Feature",
      "id": "598",
      "geometry": {
        "type": "Point",
        "coordinates": [
          110.4632,
          -7.9408
        ]
      },
      "properties": {
        "id": "598",
        "datetime": "2026-06-30T09:12:26",
        "date": "2026-06-30",
        "time": "09:12:26",
        "latitude": -7.9408,
        "longitude": 110.4632,
        "depth_km": 12.0,
        "depth_class": "Dangkal",
        "magnitude": 1.3,
        "magnitude_class": "lt3",
        "location": "Java, Indonesia",
        "estimated_radius_km": 5.8,
        "estimated_radius_m": 5800,
        "felt": "",
        "tsunami_potential": "",
        "shakemap_url": "",
        "bmkg_note": "",
        "source": "Rekap bulanan",
        "source_row": 599
      }
    },
    {
      "type": "Feature",
      "id": "597",
      "geometry": {
        "type": "Point",
        "coordinates": [
          114.1603,
          -9.2419
        ]
      },
      "properties": {
        "id": "597",
        "datetime": "2026-06-30T09:58:08",
        "date": "2026-06-30",
        "time": "09:58:08",
        "latitude": -9.2419,
        "longitude": 114.1603,
        "depth_km": 13.0,
        "depth_class": "Dangkal",
        "magnitude": 2.5,
        "magnitude_class": "lt3",
        "location": "South of Bali, Indonesia",
        "estimated_radius_km": 8.3,
        "estimated_radius_m": 8300,
        "felt": "",
        "tsunami_potential": "",
        "shakemap_url": "",
        "bmkg_note": "",
        "source": "Rekap bulanan",
        "source_row": 598
      }
    },
    {
      "type": "Feature",
      "id": "596",
      "geometry": {
        "type": "Point",
        "coordinates": [
          113.2691,
          -9.2335
        ]
      },
      "properties": {
        "id": "596",
        "datetime": "2026-06-30T11:04:32",
        "date": "2026-06-30",
        "time": "11:04:32",
        "latitude": -9.2335,
        "longitude": 113.2691,
        "depth_km": 3.0,
        "depth_class": "Dangkal",
        "magnitude": 2.6,
        "magnitude_class": "lt3",
        "location": "South of Java, Indonesia",
        "estimated_radius_km": 8.7,
        "estimated_radius_m": 8700,
        "felt": "",
        "tsunami_potential": "",
        "shakemap_url": "",
        "bmkg_note": "",
        "source": "Rekap bulanan",
        "source_row": 597
      }
    },
    {
      "type": "Feature",
      "id": "595",
      "geometry": {
        "type": "Point",
        "coordinates": [
          112.4557,
          -9.2481
        ]
      },
      "properties": {
        "id": "595",
        "datetime": "2026-06-30T14:03:38",
        "date": "2026-06-30",
        "time": "14:03:38",
        "latitude": -9.2481,
        "longitude": 112.4557,
        "depth_km": 27.0,
        "depth_class": "Dangkal",
        "magnitude": 3.1,
        "magnitude_class": "3to5",
        "location": "South of Java, Indonesia",
        "estimated_radius_km": 13.2,
        "estimated_radius_m": 13200,
        "felt": "",
        "tsunami_potential": "",
        "shakemap_url": "",
        "bmkg_note": "",
        "source": "Rekap bulanan",
        "source_row": 596
      }
    },
    {
      "type": "Feature",
      "id": "594",
      "geometry": {
        "type": "Point",
        "coordinates": [
          113.7632,
          -8.8376
        ]
      },
      "properties": {
        "id": "594",
        "datetime": "2026-06-30T14:18:31",
        "date": "2026-06-30",
        "time": "14:18:31",
        "latitude": -8.8376,
        "longitude": 113.7632,
        "depth_km": 77.0,
        "depth_class": "Menengah",
        "magnitude": 2.3,
        "magnitude_class": "lt3",
        "location": "Java, Indonesia",
        "estimated_radius_km": 7.1,
        "estimated_radius_m": 7100,
        "felt": "",
        "tsunami_potential": "",
        "shakemap_url": "",
        "bmkg_note": "",
        "source": "Rekap bulanan",
        "source_row": 595
      }
    },
    {
      "type": "Feature",
      "id": "593",
      "geometry": {
        "type": "Point",
        "coordinates": [
          110.8361,
          -8.4145
        ]
      },
      "properties": {
        "id": "593",
        "datetime": "2026-06-30T15:54:48",
        "date": "2026-06-30",
        "time": "15:54:48",
        "latitude": -8.4145,
        "longitude": 110.8361,
        "depth_km": 77.0,
        "depth_class": "Menengah",
        "magnitude": 2.3,
        "magnitude_class": "lt3",
        "location": "Java, Indonesia",
        "estimated_radius_km": 7.1,
        "estimated_radius_m": 7100,
        "felt": "",
        "tsunami_potential": "",
        "shakemap_url": "",
        "bmkg_note": "",
        "source": "Rekap bulanan",
        "source_row": 594
      }
    },
    {
      "type": "Feature",
      "id": "592",
      "geometry": {
        "type": "Point",
        "coordinates": [
          110.2871,
          -8.1401
        ]
      },
      "properties": {
        "id": "592",
        "datetime": "2026-06-30T17:23:00",
        "date": "2026-06-30",
        "time": "17:23:00",
        "latitude": -8.1401,
        "longitude": 110.2871,
        "depth_km": 85.0,
        "depth_class": "Menengah",
        "magnitude": 2.3,
        "magnitude_class": "lt3",
        "location": "Java, Indonesia",
        "estimated_radius_km": 7.0,
        "estimated_radius_m": 7000,
        "felt": "",
        "tsunami_potential": "",
        "shakemap_url": "",
        "bmkg_note": "",
        "source": "Rekap bulanan",
        "source_row": 593
      }
    },
    {
      "type": "Feature",
      "id": "591",
      "geometry": {
        "type": "Point",
        "coordinates": [
          112.6517,
          -8.9816
        ]
      },
      "properties": {
        "id": "591",
        "datetime": "2026-06-30T17:58:28",
        "date": "2026-06-30",
        "time": "17:58:28",
        "latitude": -8.9816,
        "longitude": 112.6517,
        "depth_km": 29.0,
        "depth_class": "Dangkal",
        "magnitude": 2.7,
        "magnitude_class": "lt3",
        "location": "Java, Indonesia",
        "estimated_radius_km": 8.5,
        "estimated_radius_m": 8500,
        "felt": "",
        "tsunami_potential": "",
        "shakemap_url": "",
        "bmkg_note": "",
        "source": "Rekap bulanan",
        "source_row": 592
      }
    },
    {
      "type": "Feature",
      "id": "590",
      "geometry": {
        "type": "Point",
        "coordinates": [
          113.5895,
          -8.9522
        ]
      },
      "properties": {
        "id": "590",
        "datetime": "2026-06-30T18:19:57",
        "date": "2026-06-30",
        "time": "18:19:57",
        "latitude": -8.9522,
        "longitude": 113.5895,
        "depth_km": 24.0,
        "depth_class": "Dangkal",
        "magnitude": 2.9,
        "magnitude_class": "lt3",
        "location": "Java, Indonesia",
        "estimated_radius_km": 9.0,
        "estimated_radius_m": 9000,
        "felt": "",
        "tsunami_potential": "",
        "shakemap_url": "",
        "bmkg_note": "",
        "source": "Rekap bulanan",
        "source_row": 591
      }
    },
    {
      "type": "Feature",
      "id": "589",
      "geometry": {
        "type": "Point",
        "coordinates": [
          111.5338,
          -9.3345
        ]
      },
      "properties": {
        "id": "589",
        "datetime": "2026-06-30T18:28:47",
        "date": "2026-06-30",
        "time": "18:28:47",
        "latitude": -9.3345,
        "longitude": 111.5338,
        "depth_km": 10.0,
        "depth_class": "Dangkal",
        "magnitude": 2.9,
        "magnitude_class": "lt3",
        "location": "South of Java, Indonesia",
        "estimated_radius_km": 9.2,
        "estimated_radius_m": 9200,
        "felt": "",
        "tsunami_potential": "",
        "shakemap_url": "",
        "bmkg_note": "",
        "source": "Rekap bulanan",
        "source_row": 590
      }
    },
    {
      "type": "Feature",
      "id": "588",
      "geometry": {
        "type": "Point",
        "coordinates": [
          111.9594,
          -8.7953
        ]
      },
      "properties": {
        "id": "588",
        "datetime": "2026-06-30T19:21:47",
        "date": "2026-06-30",
        "time": "19:21:47",
        "latitude": -8.7953,
        "longitude": 111.9594,
        "depth_km": 10.0,
        "depth_class": "Dangkal",
        "magnitude": 2.5,
        "magnitude_class": "lt3",
        "location": "Java, Indonesia",
        "estimated_radius_km": 8.4,
        "estimated_radius_m": 8400,
        "felt": "",
        "tsunami_potential": "",
        "shakemap_url": "",
        "bmkg_note": "",
        "source": "Rekap bulanan",
        "source_row": 589
      }
    },
    {
      "type": "Feature",
      "id": "587",
      "geometry": {
        "type": "Point",
        "coordinates": [
          112.9984,
          -9.0429
        ]
      },
      "properties": {
        "id": "587",
        "datetime": "2026-06-30T19:35:44",
        "date": "2026-06-30",
        "time": "19:35:44",
        "latitude": -9.0429,
        "longitude": 112.9984,
        "depth_km": 23.0,
        "depth_class": "Dangkal",
        "magnitude": 2.9,
        "magnitude_class": "lt3",
        "location": "South of Java, Indonesia",
        "estimated_radius_km": 9.0,
        "estimated_radius_m": 9000,
        "felt": "",
        "tsunami_potential": "",
        "shakemap_url": "",
        "bmkg_note": "",
        "source": "Rekap bulanan",
        "source_row": 588
      }
    },
    {
      "type": "Feature",
      "id": "586",
      "geometry": {
        "type": "Point",
        "coordinates": [
          113.0475,
          -9.0822
        ]
      },
      "properties": {
        "id": "586",
        "datetime": "2026-06-30T19:38:21",
        "date": "2026-06-30",
        "time": "19:38:21",
        "latitude": -9.0822,
        "longitude": 113.0475,
        "depth_km": 27.0,
        "depth_class": "Dangkal",
        "magnitude": 2.8,
        "magnitude_class": "lt3",
        "location": "South of Java, Indonesia",
        "estimated_radius_km": 8.8,
        "estimated_radius_m": 8800,
        "felt": "",
        "tsunami_potential": "",
        "shakemap_url": "",
        "bmkg_note": "",
        "source": "Rekap bulanan",
        "source_row": 587
      }
    },
    {
      "type": "Feature",
      "id": "585",
      "geometry": {
        "type": "Point",
        "coordinates": [
          111.4404,
          -8.8567
        ]
      },
      "properties": {
        "id": "585",
        "datetime": "2026-06-30T20:09:17",
        "date": "2026-06-30",
        "time": "20:09:17",
        "latitude": -8.8567,
        "longitude": 111.4404,
        "depth_km": 51.0,
        "depth_class": "Dangkal",
        "magnitude": 2.6,
        "magnitude_class": "lt3",
        "location": "Java, Indonesia",
        "estimated_radius_km": 8.0,
        "estimated_radius_m": 8000,
        "felt": "",
        "tsunami_potential": "",
        "shakemap_url": "",
        "bmkg_note": "",
        "source": "Rekap bulanan",
        "source_row": 586
      }
    },
    {
      "type": "Feature",
      "id": "584",
      "geometry": {
        "type": "Point",
        "coordinates": [
          114.1503,
          -9.682
        ]
      },
      "properties": {
        "id": "584",
        "datetime": "2026-06-30T20:25:21",
        "date": "2026-06-30",
        "time": "20:25:21",
        "latitude": -9.682,
        "longitude": 114.1503,
        "depth_km": 8.0,
        "depth_class": "Dangkal",
        "magnitude": 2.8,
        "magnitude_class": "lt3",
        "location": "South of Bali, Indonesia",
        "estimated_radius_km": 9.0,
        "estimated_radius_m": 9000,
        "felt": "",
        "tsunami_potential": "",
        "shakemap_url": "",
        "bmkg_note": "",
        "source": "Rekap bulanan",
        "source_row": 585
      }
    },
    {
      "type": "Feature",
      "id": "583",
      "geometry": {
        "type": "Point",
        "coordinates": [
          111.1657,
          -8.8704
        ]
      },
      "properties": {
        "id": "583",
        "datetime": "2026-06-30T20:35:33",
        "date": "2026-06-30",
        "time": "20:35:33",
        "latitude": -8.8704,
        "longitude": 111.1657,
        "depth_km": 23.0,
        "depth_class": "Dangkal",
        "magnitude": 2.5,
        "magnitude_class": "lt3",
        "location": "Java, Indonesia",
        "estimated_radius_km": 8.2,
        "estimated_radius_m": 8200,
        "felt": "",
        "tsunami_potential": "",
        "shakemap_url": "",
        "bmkg_note": "",
        "source": "Rekap bulanan",
        "source_row": 584
      }
    },
    {
      "type": "Feature",
      "id": "582",
      "geometry": {
        "type": "Point",
        "coordinates": [
          114.9201,
          -8.7169
        ]
      },
      "properties": {
        "id": "582",
        "datetime": "2026-06-30T22:11:50",
        "date": "2026-06-30",
        "time": "22:11:50",
        "latitude": -8.7169,
        "longitude": 114.9201,
        "depth_km": 88.0,
        "depth_class": "Menengah",
        "magnitude": 2.3,
        "magnitude_class": "lt3",
        "location": "Bali Region, Indonesia",
        "estimated_radius_km": 7.0,
        "estimated_radius_m": 7000,
        "felt": "",
        "tsunami_potential": "",
        "shakemap_url": "",
        "bmkg_note": "",
        "source": "Rekap bulanan",
        "source_row": 583
      }
    },
    {
      "type": "Feature",
      "id": "581",
      "geometry": {
        "type": "Point",
        "coordinates": [
          109.9972,
          -8.6697
        ]
      },
      "properties": {
        "id": "581",
        "datetime": "2026-07-01T00:09:42",
        "date": "2026-07-01",
        "time": "00:09:42",
        "latitude": -8.6697,
        "longitude": 109.9972,
        "depth_km": 16.0,
        "depth_class": "Dangkal",
        "magnitude": 2.6,
        "magnitude_class": "lt3",
        "location": "Java, Indonesia",
        "estimated_radius_km": 8.5,
        "estimated_radius_m": 8500,
        "felt": "",
        "tsunami_potential": "",
        "shakemap_url": "",
        "bmkg_note": "",
        "source": "Rekap bulanan",
        "source_row": 582
      }
    },
    {
      "type": "Feature",
      "id": "580",
      "geometry": {
        "type": "Point",
        "coordinates": [
          110.1961,
          -8.5143
        ]
      },
      "properties": {
        "id": "580",
        "datetime": "2026-07-01T01:13:31",
        "date": "2026-07-01",
        "time": "01:13:31",
        "latitude": -8.5143,
        "longitude": 110.1961,
        "depth_km": 88.0,
        "depth_class": "Menengah",
        "magnitude": 2.6,
        "magnitude_class": "lt3",
        "location": "Java, Indonesia",
        "estimated_radius_km": 7.5,
        "estimated_radius_m": 7500,
        "felt": "",
        "tsunami_potential": "",
        "shakemap_url": "",
        "bmkg_note": "",
        "source": "Rekap bulanan",
        "source_row": 581
      }
    },
    {
      "type": "Feature",
      "id": "579",
      "geometry": {
        "type": "Point",
        "coordinates": [
          114.2159,
          -8.319
        ]
      },
      "properties": {
        "id": "579",
        "datetime": "2026-07-01T04:26:01",
        "date": "2026-07-01",
        "time": "04:26:01",
        "latitude": -8.319,
        "longitude": 114.2159,
        "depth_km": 10.0,
        "depth_class": "Dangkal",
        "magnitude": 2.5,
        "magnitude_class": "lt3",
        "location": "Bali Region, Indonesia",
        "estimated_radius_km": 8.4,
        "estimated_radius_m": 8400,
        "felt": "",
        "tsunami_potential": "",
        "shakemap_url": "",
        "bmkg_note": "",
        "source": "Rekap bulanan",
        "source_row": 580
      }
    },
    {
      "type": "Feature",
      "id": "578",
      "geometry": {
        "type": "Point",
        "coordinates": [
          110.2222,
          -8.8583
        ]
      },
      "properties": {
        "id": "578",
        "datetime": "2026-07-01T04:59:23",
        "date": "2026-07-01",
        "time": "04:59:23",
        "latitude": -8.8583,
        "longitude": 110.2222,
        "depth_km": 15.0,
        "depth_class": "Dangkal",
        "magnitude": 2.5,
        "magnitude_class": "lt3",
        "location": "Java, Indonesia",
        "estimated_radius_km": 8.3,
        "estimated_radius_m": 8300,
        "felt": "",
        "tsunami_potential": "",
        "shakemap_url": "",
        "bmkg_note": "",
        "source": "Rekap bulanan",
        "source_row": 579
      }
    },
    {
      "type": "Feature",
      "id": "577",
      "geometry": {
        "type": "Point",
        "coordinates": [
          111.1946,
          -8.8129
        ]
      },
      "properties": {
        "id": "577",
        "datetime": "2026-07-01T06:27:14",
        "date": "2026-07-01",
        "time": "06:27:14",
        "latitude": -8.8129,
        "longitude": 111.1946,
        "depth_km": 39.0,
        "depth_class": "Dangkal",
        "magnitude": 2.5,
        "magnitude_class": "lt3",
        "location": "Java, Indonesia",
        "estimated_radius_km": 8.0,
        "estimated_radius_m": 8000,
        "felt": "",
        "tsunami_potential": "",
        "shakemap_url": "",
        "bmkg_note": "",
        "source": "Rekap bulanan",
        "source_row": 578
      }
    },
    {
      "type": "Feature",
      "id": "576",
      "geometry": {
        "type": "Point",
        "coordinates": [
          111.1518,
          -8.9383
        ]
      },
      "properties": {
        "id": "576",
        "datetime": "2026-07-01T06:30:29",
        "date": "2026-07-01",
        "time": "06:30:29",
        "latitude": -8.9383,
        "longitude": 111.1518,
        "depth_km": 10.0,
        "depth_class": "Dangkal",
        "magnitude": 3.9,
        "magnitude_class": "3to5",
        "location": "Java, Indonesia",
        "estimated_radius_km": 27.8,
        "estimated_radius_m": 27800,
        "felt": "",
        "tsunami_potential": "",
        "shakemap_url": "",
        "bmkg_note": "",
        "source": "Rekap bulanan",
        "source_row": 577
      }
    },
    {
      "type": "Feature",
      "id": "575",
      "geometry": {
        "type": "Point",
        "coordinates": [
          113.1284,
          -9.1812
        ]
      },
      "properties": {
        "id": "575",
        "datetime": "2026-07-01T06:40:27",
        "date": "2026-07-01",
        "time": "06:40:27",
        "latitude": -9.1812,
        "longitude": 113.1284,
        "depth_km": 10.0,
        "depth_class": "Dangkal",
        "magnitude": 2.8,
        "magnitude_class": "lt3",
        "location": "South of Java, Indonesia",
        "estimated_radius_km": 9.0,
        "estimated_radius_m": 9000,
        "felt": "",
        "tsunami_potential": "",
        "shakemap_url": "",
        "bmkg_note": "",
        "source": "Rekap bulanan",
        "source_row": 576
      }
    },
    {
      "type": "Feature",
      "id": "574",
      "geometry": {
        "type": "Point",
        "coordinates": [
          110.1567,
          -8.3769
        ]
      },
      "properties": {
        "id": "574",
        "datetime": "2026-07-01T10:10:53",
        "date": "2026-07-01",
        "time": "10:10:53",
        "latitude": -8.3769,
        "longitude": 110.1567,
        "depth_km": 103.0,
        "depth_class": "Menengah",
        "magnitude": 2.3,
        "magnitude_class": "lt3",
        "location": "Java, Indonesia",
        "estimated_radius_km": 6.8,
        "estimated_radius_m": 6800,
        "felt": "",
        "tsunami_potential": "",
        "shakemap_url": "",
        "bmkg_note": "",
        "source": "Rekap bulanan",
        "source_row": 575
      }
    },
    {
      "type": "Feature",
      "id": "573",
      "geometry": {
        "type": "Point",
        "coordinates": [
          117.4129,
          -9.2162
        ]
      },
      "properties": {
        "id": "573",
        "datetime": "2026-07-01T10:50:47",
        "date": "2026-07-01",
        "time": "10:50:47",
        "latitude": -9.2162,
        "longitude": 117.4129,
        "depth_km": 750.0,
        "depth_class": "Dalam",
        "magnitude": 5.0,
        "magnitude_class": "gte5",
        "location": "Sumbawa Region, Indonesia",
        "estimated_radius_km": 22.5,
        "estimated_radius_m": 22500,
        "felt": "",
        "tsunami_potential": "",
        "shakemap_url": "",
        "bmkg_note": "",
        "source": "Rekap bulanan",
        "source_row": 574
      }
    },
    {
      "type": "Feature",
      "id": "572",
      "geometry": {
        "type": "Point",
        "coordinates": [
          111.1129,
          -8.9064
        ]
      },
      "properties": {
        "id": "572",
        "datetime": "2026-07-01T10:58:15",
        "date": "2026-07-01",
        "time": "10:58:15",
        "latitude": -8.9064,
        "longitude": 111.1129,
        "depth_km": 13.0,
        "depth_class": "Dangkal",
        "magnitude": 2.5,
        "magnitude_class": "lt3",
        "location": "Java, Indonesia",
        "estimated_radius_km": 8.3,
        "estimated_radius_m": 8300,
        "felt": "",
        "tsunami_potential": "",
        "shakemap_url": "",
        "bmkg_note": "",
        "source": "Rekap bulanan",
        "source_row": 573
      }
    },
    {
      "type": "Feature",
      "id": "571",
      "geometry": {
        "type": "Point",
        "coordinates": [
          111.1544,
          -8.8523
        ]
      },
      "properties": {
        "id": "571",
        "datetime": "2026-07-01T11:03:51",
        "date": "2026-07-01",
        "time": "11:03:51",
        "latitude": -8.8523,
        "longitude": 111.1544,
        "depth_km": 17.0,
        "depth_class": "Dangkal",
        "magnitude": 2.4,
        "magnitude_class": "lt3",
        "location": "Java, Indonesia",
        "estimated_radius_km": 8.1,
        "estimated_radius_m": 8100,
        "felt": "",
        "tsunami_potential": "",
        "shakemap_url": "",
        "bmkg_note": "",
        "source": "Rekap bulanan",
        "source_row": 572
      }
    },
    {
      "type": "Feature",
      "id": "570",
      "geometry": {
        "type": "Point",
        "coordinates": [
          109.9,
          -8.8884
        ]
      },
      "properties": {
        "id": "570",
        "datetime": "2026-07-01T12:13:10",
        "date": "2026-07-01",
        "time": "12:13:10",
        "latitude": -8.8884,
        "longitude": 109.9,
        "depth_km": 10.0,
        "depth_class": "Dangkal",
        "magnitude": 2.5,
        "magnitude_class": "lt3",
        "location": "Java, Indonesia",
        "estimated_radius_km": 8.4,
        "estimated_radius_m": 8400,
        "felt": "",
        "tsunami_potential": "",
        "shakemap_url": "",
        "bmkg_note": "",
        "source": "Rekap bulanan",
        "source_row": 571
      }
    },
    {
      "type": "Feature",
      "id": "569",
      "geometry": {
        "type": "Point",
        "coordinates": [
          114.8568,
          -1.8725
        ]
      },
      "properties": {
        "id": "569",
        "datetime": "2026-07-01T12:16:05",
        "date": "2026-07-01",
        "time": "12:16:05",
        "latitude": -1.8725,
        "longitude": 114.8568,
        "depth_km": 750.0,
        "depth_class": "Dalam",
        "magnitude": 5.0,
        "magnitude_class": "gte5",
        "location": "Borneo",
        "estimated_radius_km": 22.5,
        "estimated_radius_m": 22500,
        "felt": "",
        "tsunami_potential": "",
        "shakemap_url": "",
        "bmkg_note": "",
        "source": "Rekap bulanan",
        "source_row": 570
      }
    },
    {
      "type": "Feature",
      "id": "568",
      "geometry": {
        "type": "Point",
        "coordinates": [
          110.474,
          -9.0068
        ]
      },
      "properties": {
        "id": "568",
        "datetime": "2026-07-01T13:54:28",
        "date": "2026-07-01",
        "time": "13:54:28",
        "latitude": -9.0068,
        "longitude": 110.474,
        "depth_km": 18.0,
        "depth_class": "Dangkal",
        "magnitude": 2.5,
        "magnitude_class": "lt3",
        "location": "South of Java, Indonesia",
        "estimated_radius_km": 8.3,
        "estimated_radius_m": 8300,
        "felt": "",
        "tsunami_potential": "",
        "shakemap_url": "",
        "bmkg_note": "",
        "source": "Rekap bulanan",
        "source_row": 569
      }
    },
    {
      "type": "Feature",
      "id": "567",
      "geometry": {
        "type": "Point",
        "coordinates": [
          110.2504,
          -8.2783
        ]
      },
      "properties": {
        "id": "567",
        "datetime": "2026-07-01T15:53:31",
        "date": "2026-07-01",
        "time": "15:53:31",
        "latitude": -8.2783,
        "longitude": 110.2504,
        "depth_km": 20.0,
        "depth_class": "Dangkal",
        "magnitude": 2.2,
        "magnitude_class": "lt3",
        "location": "Java, Indonesia",
        "estimated_radius_km": 7.6,
        "estimated_radius_m": 7600,
        "felt": "",
        "tsunami_potential": "",
        "shakemap_url": "",
        "bmkg_note": "",
        "source": "Rekap bulanan",
        "source_row": 568
      }
    },
    {
      "type": "Feature",
      "id": "566",
      "geometry": {
        "type": "Point",
        "coordinates": [
          114.196,
          -9.3032
        ]
      },
      "properties": {
        "id": "566",
        "datetime": "2026-07-01T16:12:35",
        "date": "2026-07-01",
        "time": "16:12:35",
        "latitude": -9.3032,
        "longitude": 114.196,
        "depth_km": 22.0,
        "depth_class": "Dangkal",
        "magnitude": 3.0,
        "magnitude_class": "3to5",
        "location": "South of Bali, Indonesia",
        "estimated_radius_km": 11.6,
        "estimated_radius_m": 11600,
        "felt": "",
        "tsunami_potential": "",
        "shakemap_url": "",
        "bmkg_note": "",
        "source": "Rekap bulanan",
        "source_row": 567
      }
    },
    {
      "type": "Feature",
      "id": "565",
      "geometry": {
        "type": "Point",
        "coordinates": [
          112.8701,
          -9.4989
        ]
      },
      "properties": {
        "id": "565",
        "datetime": "2026-07-01T16:25:59",
        "date": "2026-07-01",
        "time": "16:25:59",
        "latitude": -9.4989,
        "longitude": 112.8701,
        "depth_km": 33.0,
        "depth_class": "Dangkal",
        "magnitude": 2.9,
        "magnitude_class": "lt3",
        "location": "South of Java, Indonesia",
        "estimated_radius_km": 8.9,
        "estimated_radius_m": 8900,
        "felt": "",
        "tsunami_potential": "",
        "shakemap_url": "",
        "bmkg_note": "",
        "source": "Rekap bulanan",
        "source_row": 566
      }
    },
    {
      "type": "Feature",
      "id": "564",
      "geometry": {
        "type": "Point",
        "coordinates": [
          111.5587,
          -8.2843
        ]
      },
      "properties": {
        "id": "564",
        "datetime": "2026-07-01T16:35:48",
        "date": "2026-07-01",
        "time": "16:35:48",
        "latitude": -8.2843,
        "longitude": 111.5587,
        "depth_km": 95.0,
        "depth_class": "Menengah",
        "magnitude": 2.3,
        "magnitude_class": "lt3",
        "location": "Java, Indonesia",
        "estimated_radius_km": 6.9,
        "estimated_radius_m": 6900,
        "felt": "",
        "tsunami_potential": "",
        "shakemap_url": "",
        "bmkg_note": "",
        "source": "Rekap bulanan",
        "source_row": 565
      }
    },
    {
      "type": "Feature",
      "id": "563",
      "geometry": {
        "type": "Point",
        "coordinates": [
          110.6861,
          -9.3356
        ]
      },
      "properties": {
        "id": "563",
        "datetime": "2026-07-01T17:10:42",
        "date": "2026-07-01",
        "time": "17:10:42",
        "latitude": -9.3356,
        "longitude": 110.6861,
        "depth_km": 12.0,
        "depth_class": "Dangkal",
        "magnitude": 2.8,
        "magnitude_class": "lt3",
        "location": "South of Java, Indonesia",
        "estimated_radius_km": 9.0,
        "estimated_radius_m": 9000,
        "felt": "",
        "tsunami_potential": "",
        "shakemap_url": "",
        "bmkg_note": "",
        "source": "Rekap bulanan",
        "source_row": 564
      }
    },
    {
      "type": "Feature",
      "id": "562",
      "geometry": {
        "type": "Point",
        "coordinates": [
          110.2636,
          -8.3488
        ]
      },
      "properties": {
        "id": "562",
        "datetime": "2026-07-01T17:34:53",
        "date": "2026-07-01",
        "time": "17:34:53",
        "latitude": -8.3488,
        "longitude": 110.2636,
        "depth_km": 10.0,
        "depth_class": "Dangkal",
        "magnitude": 2.2,
        "magnitude_class": "lt3",
        "location": "Java, Indonesia",
        "estimated_radius_km": 7.7,
        "estimated_radius_m": 7700,
        "felt": "",
        "tsunami_potential": "",
        "shakemap_url": "",
        "bmkg_note": "",
        "source": "Rekap bulanan",
        "source_row": 563
      }
    },
    {
      "type": "Feature",
      "id": "561",
      "geometry": {
        "type": "Point",
        "coordinates": [
          110.3679,
          -9.41
        ]
      },
      "properties": {
        "id": "561",
        "datetime": "2026-07-01T19:39:22",
        "date": "2026-07-01",
        "time": "19:39:22",
        "latitude": -9.41,
        "longitude": 110.3679,
        "depth_km": 25.0,
        "depth_class": "Dangkal",
        "magnitude": 3.0,
        "magnitude_class": "3to5",
        "location": "South of Java, Indonesia",
        "estimated_radius_km": 11.5,
        "estimated_radius_m": 11500,
        "felt": "",
        "tsunami_potential": "",
        "shakemap_url": "",
        "bmkg_note": "",
        "source": "Rekap bulanan",
        "source_row": 562
      }
    },
    {
      "type": "Feature",
      "id": "560",
      "geometry": {
        "type": "Point",
        "coordinates": [
          111.0911,
          -8.9379
        ]
      },
      "properties": {
        "id": "560",
        "datetime": "2026-07-01T20:15:25",
        "date": "2026-07-01",
        "time": "20:15:25",
        "latitude": -8.9379,
        "longitude": 111.0911,
        "depth_km": 24.0,
        "depth_class": "Dangkal",
        "magnitude": 2.5,
        "magnitude_class": "lt3",
        "location": "Java, Indonesia",
        "estimated_radius_km": 8.2,
        "estimated_radius_m": 8200,
        "felt": "",
        "tsunami_potential": "",
        "shakemap_url": "",
        "bmkg_note": "",
        "source": "Rekap bulanan",
        "source_row": 561
      }
    },
    {
      "type": "Feature",
      "id": "559",
      "geometry": {
        "type": "Point",
        "coordinates": [
          111.1472,
          -8.8835
        ]
      },
      "properties": {
        "id": "559",
        "datetime": "2026-07-01T20:34:33",
        "date": "2026-07-01",
        "time": "20:34:33",
        "latitude": -8.8835,
        "longitude": 111.1472,
        "depth_km": 25.0,
        "depth_class": "Dangkal",
        "magnitude": 2.4,
        "magnitude_class": "lt3",
        "location": "Java, Indonesia",
        "estimated_radius_km": 8.0,
        "estimated_radius_m": 8000,
        "felt": "",
        "tsunami_potential": "",
        "shakemap_url": "",
        "bmkg_note": "",
        "source": "Rekap bulanan",
        "source_row": 560
      }
    },
    {
      "type": "Feature",
      "id": "558",
      "geometry": {
        "type": "Point",
        "coordinates": [
          110.4259,
          -8.0056
        ]
      },
      "properties": {
        "id": "558",
        "datetime": "2026-07-01T20:40:35",
        "date": "2026-07-01",
        "time": "20:40:35",
        "latitude": -8.0056,
        "longitude": 110.4259,
        "depth_km": 32.0,
        "depth_class": "Dangkal",
        "magnitude": 1.7,
        "magnitude_class": "lt3",
        "location": "Java, Indonesia",
        "estimated_radius_km": 6.4,
        "estimated_radius_m": 6400,
        "felt": "",
        "tsunami_potential": "",
        "shakemap_url": "",
        "bmkg_note": "",
        "source": "Rekap bulanan",
        "source_row": 559
      }
    },
    {
      "type": "Feature",
      "id": "557",
      "geometry": {
        "type": "Point",
        "coordinates": [
          112.8804,
          -9.4163
        ]
      },
      "properties": {
        "id": "557",
        "datetime": "2026-07-01T20:59:02",
        "date": "2026-07-01",
        "time": "20:59:02",
        "latitude": -9.4163,
        "longitude": 112.8804,
        "depth_km": 18.0,
        "depth_class": "Dangkal",
        "magnitude": 2.8,
        "magnitude_class": "lt3",
        "location": "South of Java, Indonesia",
        "estimated_radius_km": 8.9,
        "estimated_radius_m": 8900,
        "felt": "",
        "tsunami_potential": "",
        "shakemap_url": "",
        "bmkg_note": "",
        "source": "Rekap bulanan",
        "source_row": 558
      }
    },
    {
      "type": "Feature",
      "id": "556",
      "geometry": {
        "type": "Point",
        "coordinates": [
          112.6527,
          -8.5701
        ]
      },
      "properties": {
        "id": "556",
        "datetime": "2026-07-01T21:21:20",
        "date": "2026-07-01",
        "time": "21:21:20",
        "latitude": -8.5701,
        "longitude": 112.6527,
        "depth_km": 125.0,
        "depth_class": "Menengah",
        "magnitude": 2.7,
        "magnitude_class": "lt3",
        "location": "Java, Indonesia",
        "estimated_radius_km": 7.2,
        "estimated_radius_m": 7200,
        "felt": "",
        "tsunami_potential": "",
        "shakemap_url": "",
        "bmkg_note": "",
        "source": "Rekap bulanan",
        "source_row": 557
      }
    },
    {
      "type": "Feature",
      "id": "555",
      "geometry": {
        "type": "Point",
        "coordinates": [
          118.0468,
          -9.9469
        ]
      },
      "properties": {
        "id": "555",
        "datetime": "2026-07-01T21:22:44",
        "date": "2026-07-01",
        "time": "21:22:44",
        "latitude": -9.9469,
        "longitude": 118.0468,
        "depth_km": 750.0,
        "depth_class": "Dalam",
        "magnitude": 4.8,
        "magnitude_class": "3to5",
        "location": "Sumbawa Region, Indonesia",
        "estimated_radius_km": 20.0,
        "estimated_radius_m": 20000,
        "felt": "",
        "tsunami_potential": "",
        "shakemap_url": "",
        "bmkg_note": "",
        "source": "Rekap bulanan",
        "source_row": 556
      }
    },
    {
      "type": "Feature",
      "id": "554",
      "geometry": {
        "type": "Point",
        "coordinates": [
          109.093,
          -8.3171
        ]
      },
      "properties": {
        "id": "554",
        "datetime": "2026-07-01T21:24:38",
        "date": "2026-07-01",
        "time": "21:24:38",
        "latitude": -8.3171,
        "longitude": 109.093,
        "depth_km": 32.0,
        "depth_class": "Dangkal",
        "magnitude": 3.3,
        "magnitude_class": "3to5",
        "location": "Java, Indonesia",
        "estimated_radius_km": 16.5,
        "estimated_radius_m": 16500,
        "felt": "",
        "tsunami_potential": "",
        "shakemap_url": "",
        "bmkg_note": "",
        "source": "Rekap bulanan",
        "source_row": 555
      }
    },
    {
      "type": "Feature",
      "id": "553",
      "geometry": {
        "type": "Point",
        "coordinates": [
          111.1471,
          -8.9134
        ]
      },
      "properties": {
        "id": "553",
        "datetime": "2026-07-01T21:46:16",
        "date": "2026-07-01",
        "time": "21:46:16",
        "latitude": -8.9134,
        "longitude": 111.1471,
        "depth_km": 15.0,
        "depth_class": "Dangkal",
        "magnitude": 3.2,
        "magnitude_class": "3to5",
        "location": "Java, Indonesia",
        "estimated_radius_km": 15.2,
        "estimated_radius_m": 15200,
        "felt": "",
        "tsunami_potential": "",
        "shakemap_url": "",
        "bmkg_note": "",
        "source": "Rekap bulanan",
        "source_row": 554
      }
    },
    {
      "type": "Feature",
      "id": "552",
      "geometry": {
        "type": "Point",
        "coordinates": [
          113.4861,
          -9.3007
        ]
      },
      "properties": {
        "id": "552",
        "datetime": "2026-07-01T22:12:04",
        "date": "2026-07-01",
        "time": "22:12:04",
        "latitude": -9.3007,
        "longitude": 113.4861,
        "depth_km": 24.0,
        "depth_class": "Dangkal",
        "magnitude": 2.9,
        "magnitude_class": "lt3",
        "location": "South of Java, Indonesia",
        "estimated_radius_km": 9.0,
        "estimated_radius_m": 9000,
        "felt": "",
        "tsunami_potential": "",
        "shakemap_url": "",
        "bmkg_note": "",
        "source": "Rekap bulanan",
        "source_row": 553
      }
    },
    {
      "type": "Feature",
      "id": "551",
      "geometry": {
        "type": "Point",
        "coordinates": [
          113.4731,
          -9.2927
        ]
      },
      "properties": {
        "id": "551",
        "datetime": "2026-07-01T22:26:35",
        "date": "2026-07-01",
        "time": "22:26:35",
        "latitude": -9.2927,
        "longitude": 113.4731,
        "depth_km": 36.0,
        "depth_class": "Dangkal",
        "magnitude": 2.5,
        "magnitude_class": "lt3",
        "location": "South of Java, Indonesia",
        "estimated_radius_km": 8.0,
        "estimated_radius_m": 8000,
        "felt": "",
        "tsunami_potential": "",
        "shakemap_url": "",
        "bmkg_note": "",
        "source": "Rekap bulanan",
        "source_row": 552
      }
    },
    {
      "type": "Feature",
      "id": "550",
      "geometry": {
        "type": "Point",
        "coordinates": [
          112.9244,
          -9.705
        ]
      },
      "properties": {
        "id": "550",
        "datetime": "2026-07-01T22:39:25",
        "date": "2026-07-01",
        "time": "22:39:25",
        "latitude": -9.705,
        "longitude": 112.9244,
        "depth_km": 29.0,
        "depth_class": "Dangkal",
        "magnitude": 3.3,
        "magnitude_class": "3to5",
        "location": "South of Java, Indonesia",
        "estimated_radius_km": 16.6,
        "estimated_radius_m": 16600,
        "felt": "",
        "tsunami_potential": "",
        "shakemap_url": "",
        "bmkg_note": "",
        "source": "Rekap bulanan",
        "source_row": 551
      }
    },
    {
      "type": "Feature",
      "id": "549",
      "geometry": {
        "type": "Point",
        "coordinates": [
          111.2123,
          -8.9783
        ]
      },
      "properties": {
        "id": "549",
        "datetime": "2026-07-01T22:55:09",
        "date": "2026-07-01",
        "time": "22:55:09",
        "latitude": -8.9783,
        "longitude": 111.2123,
        "depth_km": 19.0,
        "depth_class": "Dangkal",
        "magnitude": 2.7,
        "magnitude_class": "lt3",
        "location": "Java, Indonesia",
        "estimated_radius_km": 8.7,
        "estimated_radius_m": 8700,
        "felt": "",
        "tsunami_potential": "",
        "shakemap_url": "",
        "bmkg_note": "",
        "source": "Rekap bulanan",
        "source_row": 550
      }
    },
    {
      "type": "Feature",
      "id": "548",
      "geometry": {
        "type": "Point",
        "coordinates": [
          110.1542,
          -8.7572
        ]
      },
      "properties": {
        "id": "548",
        "datetime": "2026-07-02T01:22:14",
        "date": "2026-07-02",
        "time": "01:22:14",
        "latitude": -8.7572,
        "longitude": 110.1542,
        "depth_km": 13.0,
        "depth_class": "Dangkal",
        "magnitude": 2.5,
        "magnitude_class": "lt3",
        "location": "Java, Indonesia",
        "estimated_radius_km": 8.3,
        "estimated_radius_m": 8300,
        "felt": "",
        "tsunami_potential": "",
        "shakemap_url": "",
        "bmkg_note": "",
        "source": "Rekap bulanan",
        "source_row": 549
      }
    },
    {
      "type": "Feature",
      "id": "547",
      "geometry": {
        "type": "Point",
        "coordinates": [
          101.4896,
          -5.2769
        ]
      },
      "properties": {
        "id": "547",
        "datetime": "2026-07-02T02:41:29",
        "date": "2026-07-02",
        "time": "02:41:29",
        "latitude": -5.2769,
        "longitude": 101.4896,
        "depth_km": 10.0,
        "depth_class": "Dangkal",
        "magnitude": 5.5,
        "magnitude_class": "gte5",
        "location": "Southwest of Sumatra, Indonesia",
        "estimated_radius_km": 69.9,
        "estimated_radius_m": 69900,
        "felt": "",
        "tsunami_potential": "",
        "shakemap_url": "",
        "bmkg_note": "",
        "source": "Rekap bulanan",
        "source_row": 548
      }
    },
    {
      "type": "Feature",
      "id": "546",
      "geometry": {
        "type": "Point",
        "coordinates": [
          109.5665,
          -9.1214
        ]
      },
      "properties": {
        "id": "546",
        "datetime": "2026-07-02T03:06:03",
        "date": "2026-07-02",
        "time": "03:06:03",
        "latitude": -9.1214,
        "longitude": 109.5665,
        "depth_km": 29.0,
        "depth_class": "Dangkal",
        "magnitude": 2.8,
        "magnitude_class": "lt3",
        "location": "South of Java, Indonesia",
        "estimated_radius_km": 8.8,
        "estimated_radius_m": 8800,
        "felt": "",
        "tsunami_potential": "",
        "shakemap_url": "",
        "bmkg_note": "",
        "source": "Rekap bulanan",
        "source_row": 547
      }
    },
    {
      "type": "Feature",
      "id": "545",
      "geometry": {
        "type": "Point",
        "coordinates": [
          111.6086,
          -8.6439
        ]
      },
      "properties": {
        "id": "545",
        "datetime": "2026-07-02T03:38:13",
        "date": "2026-07-02",
        "time": "03:38:13",
        "latitude": -8.6439,
        "longitude": 111.6086,
        "depth_km": 63.0,
        "depth_class": "Menengah",
        "magnitude": 3.0,
        "magnitude_class": "3to5",
        "location": "Java, Indonesia",
        "estimated_radius_km": 10.8,
        "estimated_radius_m": 10800,
        "felt": "",
        "tsunami_potential": "",
        "shakemap_url": "",
        "bmkg_note": "",
        "source": "Rekap bulanan",
        "source_row": 546
      }
    },
    {
      "type": "Feature",
      "id": "544",
      "geometry": {
        "type": "Point",
        "coordinates": [
          111.1937,
          -8.8789
        ]
      },
      "properties": {
        "id": "544",
        "datetime": "2026-07-02T04:07:01",
        "date": "2026-07-02",
        "time": "04:07:01",
        "latitude": -8.8789,
        "longitude": 111.1937,
        "depth_km": 29.0,
        "depth_class": "Dangkal",
        "magnitude": 2.5,
        "magnitude_class": "lt3",
        "location": "Java, Indonesia",
        "estimated_radius_km": 8.1,
        "estimated_radius_m": 8100,
        "felt": "",
        "tsunami_potential": "",
        "shakemap_url": "",
        "bmkg_note": "",
        "source": "Rekap bulanan",
        "source_row": 545
      }
    },
    {
      "type": "Feature",
      "id": "543",
      "geometry": {
        "type": "Point",
        "coordinates": [
          110.3022,
          -8.2812
        ]
      },
      "properties": {
        "id": "543",
        "datetime": "2026-07-02T04:43:20",
        "date": "2026-07-02",
        "time": "04:43:20",
        "latitude": -8.2812,
        "longitude": 110.3022,
        "depth_km": 13.0,
        "depth_class": "Dangkal",
        "magnitude": 2.2,
        "magnitude_class": "lt3",
        "location": "Java, Indonesia",
        "estimated_radius_km": 7.7,
        "estimated_radius_m": 7700,
        "felt": "",
        "tsunami_potential": "",
        "shakemap_url": "",
        "bmkg_note": "",
        "source": "Rekap bulanan",
        "source_row": 544
      }
    },
    {
      "type": "Feature",
      "id": "542",
      "geometry": {
        "type": "Point",
        "coordinates": [
          110.5766,
          -8.8376
        ]
      },
      "properties": {
        "id": "542",
        "datetime": "2026-07-02T06:24:01",
        "date": "2026-07-02",
        "time": "06:24:01",
        "latitude": -8.8376,
        "longitude": 110.5766,
        "depth_km": 21.0,
        "depth_class": "Dangkal",
        "magnitude": 2.5,
        "magnitude_class": "lt3",
        "location": "Java, Indonesia",
        "estimated_radius_km": 8.2,
        "estimated_radius_m": 8200,
        "felt": "",
        "tsunami_potential": "",
        "shakemap_url": "",
        "bmkg_note": "",
        "source": "Rekap bulanan",
        "source_row": 543
      }
    },
    {
      "type": "Feature",
      "id": "541",
      "geometry": {
        "type": "Point",
        "coordinates": [
          111.3381,
          -8.7935
        ]
      },
      "properties": {
        "id": "541",
        "datetime": "2026-07-02T07:59:25",
        "date": "2026-07-02",
        "time": "07:59:25",
        "latitude": -8.7935,
        "longitude": 111.3381,
        "depth_km": 38.0,
        "depth_class": "Dangkal",
        "magnitude": 2.5,
        "magnitude_class": "lt3",
        "location": "Java, Indonesia",
        "estimated_radius_km": 8.0,
        "estimated_radius_m": 8000,
        "felt": "",
        "tsunami_potential": "",
        "shakemap_url": "",
        "bmkg_note": "",
        "source": "Rekap bulanan",
        "source_row": 542
      }
    },
    {
      "type": "Feature",
      "id": "540",
      "geometry": {
        "type": "Point",
        "coordinates": [
          111.3004,
          -9.0456
        ]
      },
      "properties": {
        "id": "540",
        "datetime": "2026-07-02T11:42:59",
        "date": "2026-07-02",
        "time": "11:42:59",
        "latitude": -9.0456,
        "longitude": 111.3004,
        "depth_km": 13.0,
        "depth_class": "Dangkal",
        "magnitude": 2.5,
        "magnitude_class": "lt3",
        "location": "South of Java, Indonesia",
        "estimated_radius_km": 8.3,
        "estimated_radius_m": 8300,
        "felt": "",
        "tsunami_potential": "",
        "shakemap_url": "",
        "bmkg_note": "",
        "source": "Rekap bulanan",
        "source_row": 541
      }
    },
    {
      "type": "Feature",
      "id": "539",
      "geometry": {
        "type": "Point",
        "coordinates": [
          114.6032,
          -9.6663
        ]
      },
      "properties": {
        "id": "539",
        "datetime": "2026-07-02T15:10:08",
        "date": "2026-07-02",
        "time": "15:10:08",
        "latitude": -9.6663,
        "longitude": 114.6032,
        "depth_km": 7.0,
        "depth_class": "Dangkal",
        "magnitude": 2.5,
        "magnitude_class": "lt3",
        "location": "South of Bali, Indonesia",
        "estimated_radius_km": 8.4,
        "estimated_radius_m": 8400,
        "felt": "",
        "tsunami_potential": "",
        "shakemap_url": "",
        "bmkg_note": "",
        "source": "Rekap bulanan",
        "source_row": 540
      }
    },
    {
      "type": "Feature",
      "id": "538",
      "geometry": {
        "type": "Point",
        "coordinates": [
          110.7829,
          -8.4628
        ]
      },
      "properties": {
        "id": "538",
        "datetime": "2026-07-02T15:17:38",
        "date": "2026-07-02",
        "time": "15:17:38",
        "latitude": -8.4628,
        "longitude": 110.7829,
        "depth_km": 8.0,
        "depth_class": "Dangkal",
        "magnitude": 2.3,
        "magnitude_class": "lt3",
        "location": "Java, Indonesia",
        "estimated_radius_km": 8.0,
        "estimated_radius_m": 8000,
        "felt": "",
        "tsunami_potential": "",
        "shakemap_url": "",
        "bmkg_note": "",
        "source": "Rekap bulanan",
        "source_row": 539
      }
    },
    {
      "type": "Feature",
      "id": "537",
      "geometry": {
        "type": "Point",
        "coordinates": [
          110.0358,
          -8.8406
        ]
      },
      "properties": {
        "id": "537",
        "datetime": "2026-07-02T17:23:58",
        "date": "2026-07-02",
        "time": "17:23:58",
        "latitude": -8.8406,
        "longitude": 110.0358,
        "depth_km": 7.0,
        "depth_class": "Dangkal",
        "magnitude": 2.6,
        "magnitude_class": "lt3",
        "location": "Java, Indonesia",
        "estimated_radius_km": 8.6,
        "estimated_radius_m": 8600,
        "felt": "",
        "tsunami_potential": "",
        "shakemap_url": "",
        "bmkg_note": "",
        "source": "Rekap bulanan",
        "source_row": 538
      }
    },
    {
      "type": "Feature",
      "id": "536",
      "geometry": {
        "type": "Point",
        "coordinates": [
          111.3154,
          -8.9935
        ]
      },
      "properties": {
        "id": "536",
        "datetime": "2026-07-02T17:40:19",
        "date": "2026-07-02",
        "time": "17:40:19",
        "latitude": -8.9935,
        "longitude": 111.3154,
        "depth_km": 11.0,
        "depth_class": "Dangkal",
        "magnitude": 2.7,
        "magnitude_class": "lt3",
        "location": "Java, Indonesia",
        "estimated_radius_km": 8.8,
        "estimated_radius_m": 8800,
        "felt": "",
        "tsunami_potential": "",
        "shakemap_url": "",
        "bmkg_note": "",
        "source": "Rekap bulanan",
        "source_row": 537
      }
    },
    {
      "type": "Feature",
      "id": "535",
      "geometry": {
        "type": "Point",
        "coordinates": [
          112.9224,
          -9.5124
        ]
      },
      "properties": {
        "id": "535",
        "datetime": "2026-07-02T18:31:55",
        "date": "2026-07-02",
        "time": "18:31:55",
        "latitude": -9.5124,
        "longitude": 112.9224,
        "depth_km": 19.0,
        "depth_class": "Dangkal",
        "magnitude": 3.1,
        "magnitude_class": "3to5",
        "location": "South of Java, Indonesia",
        "estimated_radius_km": 13.4,
        "estimated_radius_m": 13400,
        "felt": "",
        "tsunami_potential": "",
        "shakemap_url": "",
        "bmkg_note": "",
        "source": "Rekap bulanan",
        "source_row": 536
      }
    },
    {
      "type": "Feature",
      "id": "534",
      "geometry": {
        "type": "Point",
        "coordinates": [
          115.2891,
          -9.3402
        ]
      },
      "properties": {
        "id": "534",
        "datetime": "2026-07-02T19:32:24",
        "date": "2026-07-02",
        "time": "19:32:24",
        "latitude": -9.3402,
        "longitude": 115.2891,
        "depth_km": 19.0,
        "depth_class": "Dangkal",
        "magnitude": 2.3,
        "magnitude_class": "lt3",
        "location": "South of Bali, Indonesia",
        "estimated_radius_km": 7.8,
        "estimated_radius_m": 7800,
        "felt": "",
        "tsunami_potential": "",
        "shakemap_url": "",
        "bmkg_note": "",
        "source": "Rekap bulanan",
        "source_row": 535
      }
    },
    {
      "type": "Feature",
      "id": "533",
      "geometry": {
        "type": "Point",
        "coordinates": [
          111.1946,
          -9.0289
        ]
      },
      "properties": {
        "id": "533",
        "datetime": "2026-07-02T19:45:56",
        "date": "2026-07-02",
        "time": "19:45:56",
        "latitude": -9.0289,
        "longitude": 111.1946,
        "depth_km": 2.0,
        "depth_class": "Dangkal",
        "magnitude": 2.5,
        "magnitude_class": "lt3",
        "location": "South of Java, Indonesia",
        "estimated_radius_km": 8.5,
        "estimated_radius_m": 8500,
        "felt": "",
        "tsunami_potential": "",
        "shakemap_url": "",
        "bmkg_note": "",
        "source": "Rekap bulanan",
        "source_row": 534
      }
    },
    {
      "type": "Feature",
      "id": "532",
      "geometry": {
        "type": "Point",
        "coordinates": [
          110.2304,
          -8.3295
        ]
      },
      "properties": {
        "id": "532",
        "datetime": "2026-07-02T21:26:52",
        "date": "2026-07-02",
        "time": "21:26:52",
        "latitude": -8.3295,
        "longitude": 110.2304,
        "depth_km": 8.0,
        "depth_class": "Dangkal",
        "magnitude": 2.2,
        "magnitude_class": "lt3",
        "location": "Java, Indonesia",
        "estimated_radius_km": 7.7,
        "estimated_radius_m": 7700,
        "felt": "",
        "tsunami_potential": "",
        "shakemap_url": "",
        "bmkg_note": "",
        "source": "Rekap bulanan",
        "source_row": 533
      }
    },
    {
      "type": "Feature",
      "id": "531",
      "geometry": {
        "type": "Point",
        "coordinates": [
          112.9446,
          -9.4861
        ]
      },
      "properties": {
        "id": "531",
        "datetime": "2026-07-02T22:09:23",
        "date": "2026-07-02",
        "time": "22:09:23",
        "latitude": -9.4861,
        "longitude": 112.9446,
        "depth_km": 54.0,
        "depth_class": "Dangkal",
        "magnitude": 2.6,
        "magnitude_class": "lt3",
        "location": "South of Java, Indonesia",
        "estimated_radius_km": 8.0,
        "estimated_radius_m": 8000,
        "felt": "",
        "tsunami_potential": "",
        "shakemap_url": "",
        "bmkg_note": "",
        "source": "Rekap bulanan",
        "source_row": 532
      }
    },
    {
      "type": "Feature",
      "id": "530",
      "geometry": {
        "type": "Point",
        "coordinates": [
          111.814,
          -8.8151
        ]
      },
      "properties": {
        "id": "530",
        "datetime": "2026-07-02T23:04:48",
        "date": "2026-07-02",
        "time": "23:04:48",
        "latitude": -8.8151,
        "longitude": 111.814,
        "depth_km": 86.0,
        "depth_class": "Menengah",
        "magnitude": 2.7,
        "magnitude_class": "lt3",
        "location": "Java, Indonesia",
        "estimated_radius_km": 7.8,
        "estimated_radius_m": 7800,
        "felt": "",
        "tsunami_potential": "",
        "shakemap_url": "",
        "bmkg_note": "",
        "source": "Rekap bulanan",
        "source_row": 531
      }
    },
    {
      "type": "Feature",
      "id": "529",
      "geometry": {
        "type": "Point",
        "coordinates": [
          114.8054,
          -8.7136
        ]
      },
      "properties": {
        "id": "529",
        "datetime": "2026-07-03T00:24:21",
        "date": "2026-07-03",
        "time": "00:24:21",
        "latitude": -8.7136,
        "longitude": 114.8054,
        "depth_km": 77.0,
        "depth_class": "Menengah",
        "magnitude": 3.3,
        "magnitude_class": "3to5",
        "location": "Bali Region, Indonesia",
        "estimated_radius_km": 15.3,
        "estimated_radius_m": 15300,
        "felt": "",
        "tsunami_potential": "",
        "shakemap_url": "",
        "bmkg_note": "",
        "source": "Rekap bulanan",
        "source_row": 530
      }
    },
    {
      "type": "Feature",
      "id": "528",
      "geometry": {
        "type": "Point",
        "coordinates": [
          128.4067,
          3.1584
        ]
      },
      "properties": {
        "id": "528",
        "datetime": "2026-07-03T02:31:05",
        "date": "2026-07-03",
        "time": "02:31:05",
        "latitude": 3.1584,
        "longitude": 128.4067,
        "depth_km": 10.0,
        "depth_class": "Dangkal",
        "magnitude": 6.3,
        "magnitude_class": "gte5",
        "location": "North of Halmahera, Indonesia",
        "estimated_radius_km": 103.0,
        "estimated_radius_m": 103000,
        "felt": "",
        "tsunami_potential": "",
        "shakemap_url": "",
        "bmkg_note": "",
        "source": "Rekap bulanan",
        "source_row": 529
      }
    },
    {
      "type": "Feature",
      "id": "527",
      "geometry": {
        "type": "Point",
        "coordinates": [
          113.4408,
          -8.905
        ]
      },
      "properties": {
        "id": "527",
        "datetime": "2026-07-03T03:40:27",
        "date": "2026-07-03",
        "time": "03:40:27",
        "latitude": -8.905,
        "longitude": 113.4408,
        "depth_km": 11.0,
        "depth_class": "Dangkal",
        "magnitude": 3.1,
        "magnitude_class": "3to5",
        "location": "Java, Indonesia",
        "estimated_radius_km": 13.6,
        "estimated_radius_m": 13600,
        "felt": "",
        "tsunami_potential": "",
        "shakemap_url": "",
        "bmkg_note": "",
        "source": "Rekap bulanan",
        "source_row": 528
      }
    },
    {
      "type": "Feature",
      "id": "526",
      "geometry": {
        "type": "Point",
        "coordinates": [
          114.0163,
          -2.0077
        ]
      },
      "properties": {
        "id": "526",
        "datetime": "2026-07-03T04:10:15",
        "date": "2026-07-03",
        "time": "04:10:15",
        "latitude": -2.0077,
        "longitude": 114.0163,
        "depth_km": 502.0,
        "depth_class": "Dalam",
        "magnitude": 4.8,
        "magnitude_class": "3to5",
        "location": "Borneo",
        "estimated_radius_km": 20.0,
        "estimated_radius_m": 20000,
        "felt": "",
        "tsunami_potential": "",
        "shakemap_url": "",
        "bmkg_note": "",
        "source": "Rekap bulanan",
        "source_row": 527
      }
    },
    {
      "type": "Feature",
      "id": "525",
      "geometry": {
        "type": "Point",
        "coordinates": [
          110.9377,
          -8.4849
        ]
      },
      "properties": {
        "id": "525",
        "datetime": "2026-07-03T05:34:49",
        "date": "2026-07-03",
        "time": "05:34:49",
        "latitude": -8.4849,
        "longitude": 110.9377,
        "depth_km": 68.0,
        "depth_class": "Menengah",
        "magnitude": 2.3,
        "magnitude_class": "lt3",
        "location": "Java, Indonesia",
        "estimated_radius_km": 7.2,
        "estimated_radius_m": 7200,
        "felt": "",
        "tsunami_potential": "",
        "shakemap_url": "",
        "bmkg_note": "",
        "source": "Rekap bulanan",
        "source_row": 526
      }
    },
    {
      "type": "Feature",
      "id": "524",
      "geometry": {
        "type": "Point",
        "coordinates": [
          110.7998,
          -8.4047
        ]
      },
      "properties": {
        "id": "524",
        "datetime": "2026-07-03T07:26:27",
        "date": "2026-07-03",
        "time": "07:26:27",
        "latitude": -8.4047,
        "longitude": 110.7998,
        "depth_km": 15.0,
        "depth_class": "Dangkal",
        "magnitude": 2.2,
        "magnitude_class": "lt3",
        "location": "Java, Indonesia",
        "estimated_radius_km": 7.7,
        "estimated_radius_m": 7700,
        "felt": "",
        "tsunami_potential": "",
        "shakemap_url": "",
        "bmkg_note": "",
        "source": "Rekap bulanan",
        "source_row": 525
      }
    },
    {
      "type": "Feature",
      "id": "523",
      "geometry": {
        "type": "Point",
        "coordinates": [
          114.0017,
          -3.4157
        ]
      },
      "properties": {
        "id": "523",
        "datetime": "2026-07-03T08:31:58",
        "date": "2026-07-03",
        "time": "08:31:58",
        "latitude": -3.4157,
        "longitude": 114.0017,
        "depth_km": 750.0,
        "depth_class": "Dalam",
        "magnitude": 4.8,
        "magnitude_class": "3to5",
        "location": "Borneo",
        "estimated_radius_km": 20.0,
        "estimated_radius_m": 20000,
        "felt": "",
        "tsunami_potential": "",
        "shakemap_url": "",
        "bmkg_note": "",
        "source": "Rekap bulanan",
        "source_row": 524
      }
    },
    {
      "type": "Feature",
      "id": "522",
      "geometry": {
        "type": "Point",
        "coordinates": [
          110.9797,
          -7.729
        ]
      },
      "properties": {
        "id": "522",
        "datetime": "2026-07-03T09:54:43",
        "date": "2026-07-03",
        "time": "09:54:43",
        "latitude": -7.729,
        "longitude": 110.9797,
        "depth_km": 56.0,
        "depth_class": "Dangkal",
        "magnitude": 2.3,
        "magnitude_class": "lt3",
        "location": "Java, Indonesia",
        "estimated_radius_km": 7.4,
        "estimated_radius_m": 7400,
        "felt": "",
        "tsunami_potential": "",
        "shakemap_url": "",
        "bmkg_note": "",
        "source": "Rekap bulanan",
        "source_row": 523
      }
    },
    {
      "type": "Feature",
      "id": "521",
      "geometry": {
        "type": "Point",
        "coordinates": [
          118.9748,
          -9.4784
        ]
      },
      "properties": {
        "id": "521",
        "datetime": "2026-07-03T17:14:59",
        "date": "2026-07-03",
        "time": "17:14:59",
        "latitude": -9.4784,
        "longitude": 118.9748,
        "depth_km": 10.0,
        "depth_class": "Dangkal",
        "magnitude": 4.9,
        "magnitude_class": "3to5",
        "location": "Sumbawa Region, Indonesia",
        "estimated_radius_km": 45.5,
        "estimated_radius_m": 45500,
        "felt": "",
        "tsunami_potential": "",
        "shakemap_url": "",
        "bmkg_note": "",
        "source": "Rekap bulanan",
        "source_row": 522
      }
    },
    {
      "type": "Feature",
      "id": "520",
      "geometry": {
        "type": "Point",
        "coordinates": [
          108.9649,
          -8.3515
        ]
      },
      "properties": {
        "id": "520",
        "datetime": "2026-07-03T17:45:17",
        "date": "2026-07-03",
        "time": "17:45:17",
        "latitude": -8.3515,
        "longitude": 108.9649,
        "depth_km": 6.0,
        "depth_class": "Dangkal",
        "magnitude": 2.6,
        "magnitude_class": "lt3",
        "location": "Java, Indonesia",
        "estimated_radius_km": 8.6,
        "estimated_radius_m": 8600,
        "felt": "",
        "tsunami_potential": "",
        "shakemap_url": "",
        "bmkg_note": "",
        "source": "Rekap bulanan",
        "source_row": 521
      }
    },
    {
      "type": "Feature",
      "id": "519",
      "geometry": {
        "type": "Point",
        "coordinates": [
          112.4564,
          -8.8572
        ]
      },
      "properties": {
        "id": "519",
        "datetime": "2026-07-03T18:58:58",
        "date": "2026-07-03",
        "time": "18:58:58",
        "latitude": -8.8572,
        "longitude": 112.4564,
        "depth_km": 38.0,
        "depth_class": "Dangkal",
        "magnitude": 3.2,
        "magnitude_class": "3to5",
        "location": "Java, Indonesia",
        "estimated_radius_km": 14.7,
        "estimated_radius_m": 14700,
        "felt": "",
        "tsunami_potential": "",
        "shakemap_url": "",
        "bmkg_note": "",
        "source": "Rekap bulanan",
        "source_row": 520
      }
    },
    {
      "type": "Feature",
      "id": "518",
      "geometry": {
        "type": "Point",
        "coordinates": [
          111.2042,
          -8.9217
        ]
      },
      "properties": {
        "id": "518",
        "datetime": "2026-07-03T19:02:38",
        "date": "2026-07-03",
        "time": "19:02:38",
        "latitude": -8.9217,
        "longitude": 111.2042,
        "depth_km": 16.0,
        "depth_class": "Dangkal",
        "magnitude": 2.7,
        "magnitude_class": "lt3",
        "location": "Java, Indonesia",
        "estimated_radius_km": 8.7,
        "estimated_radius_m": 8700,
        "felt": "",
        "tsunami_potential": "",
        "shakemap_url": "",
        "bmkg_note": "",
        "source": "Rekap bulanan",
        "source_row": 519
      }
    },
    {
      "type": "Feature",
      "id": "517",
      "geometry": {
        "type": "Point",
        "coordinates": [
          113.9438,
          -9.3043
        ]
      },
      "properties": {
        "id": "517",
        "datetime": "2026-07-03T20:44:58",
        "date": "2026-07-03",
        "time": "20:44:58",
        "latitude": -9.3043,
        "longitude": 113.9438,
        "depth_km": 20.0,
        "depth_class": "Dangkal",
        "magnitude": 2.6,
        "magnitude_class": "lt3",
        "location": "South of Java, Indonesia",
        "estimated_radius_km": 8.5,
        "estimated_radius_m": 8500,
        "felt": "",
        "tsunami_potential": "",
        "shakemap_url": "",
        "bmkg_note": "",
        "source": "Rekap bulanan",
        "source_row": 518
      }
    },
    {
      "type": "Feature",
      "id": "516",
      "geometry": {
        "type": "Point",
        "coordinates": [
          110.1423,
          -8.8642
        ]
      },
      "properties": {
        "id": "516",
        "datetime": "2026-07-03T21:48:38",
        "date": "2026-07-03",
        "time": "21:48:38",
        "latitude": -8.8642,
        "longitude": 110.1423,
        "depth_km": 14.0,
        "depth_class": "Dangkal",
        "magnitude": 2.6,
        "magnitude_class": "lt3",
        "location": "Java, Indonesia",
        "estimated_radius_km": 8.5,
        "estimated_radius_m": 8500,
        "felt": "",
        "tsunami_potential": "",
        "shakemap_url": "",
        "bmkg_note": "",
        "source": "Rekap bulanan",
        "source_row": 517
      }
    },
    {
      "type": "Feature",
      "id": "515",
      "geometry": {
        "type": "Point",
        "coordinates": [
          111.1911,
          -8.11
        ]
      },
      "properties": {
        "id": "515",
        "datetime": "2026-07-03T21:56:57",
        "date": "2026-07-03",
        "time": "21:56:57",
        "latitude": -8.11,
        "longitude": 111.1911,
        "depth_km": 66.0,
        "depth_class": "Menengah",
        "magnitude": 1.9,
        "magnitude_class": "lt3",
        "location": "Java, Indonesia",
        "estimated_radius_km": 6.5,
        "estimated_radius_m": 6500,
        "felt": "",
        "tsunami_potential": "",
        "shakemap_url": "",
        "bmkg_note": "",
        "source": "Rekap bulanan",
        "source_row": 516
      }
    },
    {
      "type": "Feature",
      "id": "514",
      "geometry": {
        "type": "Point",
        "coordinates": [
          111.9788,
          -9.2098
        ]
      },
      "properties": {
        "id": "514",
        "datetime": "2026-07-03T22:39:53",
        "date": "2026-07-03",
        "time": "22:39:53",
        "latitude": -9.2098,
        "longitude": 111.9788,
        "depth_km": 88.0,
        "depth_class": "Menengah",
        "magnitude": 2.9,
        "magnitude_class": "lt3",
        "location": "South of Java, Indonesia",
        "estimated_radius_km": 8.1,
        "estimated_radius_m": 8100,
        "felt": "",
        "tsunami_potential": "",
        "shakemap_url": "",
        "bmkg_note": "",
        "source": "Rekap bulanan",
        "source_row": 515
      }
    },
    {
      "type": "Feature",
      "id": "513",
      "geometry": {
        "type": "Point",
        "coordinates": [
          111.9397,
          -9.4933
        ]
      },
      "properties": {
        "id": "513",
        "datetime": "2026-07-03T23:02:14",
        "date": "2026-07-03",
        "time": "23:02:14",
        "latitude": -9.4933,
        "longitude": 111.9397,
        "depth_km": 19.0,
        "depth_class": "Dangkal",
        "magnitude": 4.5,
        "magnitude_class": "3to5",
        "location": "South of Java, Indonesia",
        "estimated_radius_km": 37.9,
        "estimated_radius_m": 37900,
        "felt": "",
        "tsunami_potential": "",
        "shakemap_url": "",
        "bmkg_note": "",
        "source": "Rekap bulanan",
        "source_row": 514
      }
    },
    {
      "type": "Feature",
      "id": "512",
      "geometry": {
        "type": "Point",
        "coordinates": [
          111.9324,
          -9.262
        ]
      },
      "properties": {
        "id": "512",
        "datetime": "2026-07-03T23:13:57",
        "date": "2026-07-03",
        "time": "23:13:57",
        "latitude": -9.262,
        "longitude": 111.9324,
        "depth_km": 45.0,
        "depth_class": "Dangkal",
        "magnitude": 3.0,
        "magnitude_class": "3to5",
        "location": "South of Java, Indonesia",
        "estimated_radius_km": 11.2,
        "estimated_radius_m": 11200,
        "felt": "",
        "tsunami_potential": "",
        "shakemap_url": "",
        "bmkg_note": "",
        "source": "Rekap bulanan",
        "source_row": 513
      }
    },
    {
      "type": "Feature",
      "id": "511",
      "geometry": {
        "type": "Point",
        "coordinates": [
          112.0619,
          -11.2285
        ]
      },
      "properties": {
        "id": "511",
        "datetime": "2026-07-04T00:54:26",
        "date": "2026-07-04",
        "time": "00:54:26",
        "latitude": -11.2285,
        "longitude": 112.0619,
        "depth_km": 15.0,
        "depth_class": "Dangkal",
        "magnitude": 3.9,
        "magnitude_class": "3to5",
        "location": "South of Java, Indonesia",
        "estimated_radius_km": 27.5,
        "estimated_radius_m": 27500,
        "felt": "",
        "tsunami_potential": "",
        "shakemap_url": "",
        "bmkg_note": "",
        "source": "Rekap bulanan",
        "source_row": 512
      }
    },
    {
      "type": "Feature",
      "id": "510",
      "geometry": {
        "type": "Point",
        "coordinates": [
          118.4138,
          -0.3748
        ]
      },
      "properties": {
        "id": "510",
        "datetime": "2026-07-04T02:23:29",
        "date": "2026-07-04",
        "time": "02:23:29",
        "latitude": -0.3748,
        "longitude": 118.4138,
        "depth_km": 10.0,
        "depth_class": "Dangkal",
        "magnitude": 5.2,
        "magnitude_class": "gte5",
        "location": "Minahassa Peninsula, Sulawesi",
        "estimated_radius_km": 57.5,
        "estimated_radius_m": 57500,
        "felt": "",
        "tsunami_potential": "",
        "shakemap_url": "",
        "bmkg_note": "",
        "source": "Rekap bulanan",
        "source_row": 511
      }
    },
    {
      "type": "Feature",
      "id": "509",
      "geometry": {
        "type": "Point",
        "coordinates": [
          112.7868,
          -9.2777
        ]
      },
      "properties": {
        "id": "509",
        "datetime": "2026-07-04T02:51:02",
        "date": "2026-07-04",
        "time": "02:51:02",
        "latitude": -9.2777,
        "longitude": 112.7868,
        "depth_km": 20.0,
        "depth_class": "Dangkal",
        "magnitude": 3.3,
        "magnitude_class": "3to5",
        "location": "South of Java, Indonesia",
        "estimated_radius_km": 16.9,
        "estimated_radius_m": 16900,
        "felt": "",
        "tsunami_potential": "",
        "shakemap_url": "",
        "bmkg_note": "",
        "source": "Rekap bulanan",
        "source_row": 510
      }
    },
    {
      "type": "Feature",
      "id": "508",
      "geometry": {
        "type": "Point",
        "coordinates": [
          110.2227,
          -8.9341
        ]
      },
      "properties": {
        "id": "508",
        "datetime": "2026-07-04T04:36:47",
        "date": "2026-07-04",
        "time": "04:36:47",
        "latitude": -8.9341,
        "longitude": 110.2227,
        "depth_km": 32.0,
        "depth_class": "Dangkal",
        "magnitude": 2.7,
        "magnitude_class": "lt3",
        "location": "Java, Indonesia",
        "estimated_radius_km": 8.5,
        "estimated_radius_m": 8500,
        "felt": "",
        "tsunami_potential": "",
        "shakemap_url": "",
        "bmkg_note": "",
        "source": "Rekap bulanan",
        "source_row": 509
      }
    },
    {
      "type": "Feature",
      "id": "507",
      "geometry": {
        "type": "Point",
        "coordinates": [
          110.2297,
          -8.9795
        ]
      },
      "properties": {
        "id": "507",
        "datetime": "2026-07-04T04:48:41",
        "date": "2026-07-04",
        "time": "04:48:41",
        "latitude": -8.9795,
        "longitude": 110.2297,
        "depth_km": 12.0,
        "depth_class": "Dangkal",
        "magnitude": 2.7,
        "magnitude_class": "lt3",
        "location": "Java, Indonesia",
        "estimated_radius_km": 8.8,
        "estimated_radius_m": 8800,
        "felt": "",
        "tsunami_potential": "",
        "shakemap_url": "",
        "bmkg_note": "",
        "source": "Rekap bulanan",
        "source_row": 508
      }
    },
    {
      "type": "Feature",
      "id": "506",
      "geometry": {
        "type": "Point",
        "coordinates": [
          109.1267,
          -8.2621
        ]
      },
      "properties": {
        "id": "506",
        "datetime": "2026-07-04T06:55:54",
        "date": "2026-07-04",
        "time": "06:55:54",
        "latitude": -8.2621,
        "longitude": 109.1267,
        "depth_km": 33.0,
        "depth_class": "Dangkal",
        "magnitude": 2.7,
        "magnitude_class": "lt3",
        "location": "Java, Indonesia",
        "estimated_radius_km": 8.5,
        "estimated_radius_m": 8500,
        "felt": "",
        "tsunami_potential": "",
        "shakemap_url": "",
        "bmkg_note": "",
        "source": "Rekap bulanan",
        "source_row": 507
      }
    },
    {
      "type": "Feature",
      "id": "505",
      "geometry": {
        "type": "Point",
        "coordinates": [
          130.8003,
          5.4919
        ]
      },
      "properties": {
        "id": "505",
        "datetime": "2026-07-04T09:01:16",
        "date": "2026-07-04",
        "time": "09:01:16",
        "latitude": 5.4919,
        "longitude": 130.8003,
        "depth_km": 10.0,
        "depth_class": "Dangkal",
        "magnitude": 5.7,
        "magnitude_class": "gte5",
        "location": "East of Philippine Islands",
        "estimated_radius_km": 78.2,
        "estimated_radius_m": 78200,
        "felt": "",
        "tsunami_potential": "",
        "shakemap_url": "",
        "bmkg_note": "",
        "source": "Rekap bulanan",
        "source_row": 506
      }
    },
    {
      "type": "Feature",
      "id": "504",
      "geometry": {
        "type": "Point",
        "coordinates": [
          110.1968,
          -8.8199
        ]
      },
      "properties": {
        "id": "504",
        "datetime": "2026-07-04T11:25:32",
        "date": "2026-07-04",
        "time": "11:25:32",
        "latitude": -8.8199,
        "longitude": 110.1968,
        "depth_km": 11.0,
        "depth_class": "Dangkal",
        "magnitude": 2.7,
        "magnitude_class": "lt3",
        "location": "Java, Indonesia",
        "estimated_radius_km": 8.8,
        "estimated_radius_m": 8800,
        "felt": "",
        "tsunami_potential": "",
        "shakemap_url": "",
        "bmkg_note": "",
        "source": "Rekap bulanan",
        "source_row": 505
      }
    },
    {
      "type": "Feature",
      "id": "503",
      "geometry": {
        "type": "Point",
        "coordinates": [
          110.4608,
          -7.9183
        ]
      },
      "properties": {
        "id": "503",
        "datetime": "2026-07-04T13:03:27",
        "date": "2026-07-04",
        "time": "13:03:27",
        "latitude": -7.9183,
        "longitude": 110.4608,
        "depth_km": 10.0,
        "depth_class": "Dangkal",
        "magnitude": 1.3,
        "magnitude_class": "lt3",
        "location": "Java, Indonesia",
        "estimated_radius_km": 5.8,
        "estimated_radius_m": 5800,
        "felt": "",
        "tsunami_potential": "",
        "shakemap_url": "",
        "bmkg_note": "",
        "source": "Rekap bulanan",
        "source_row": 504
      }
    },
    {
      "type": "Feature",
      "id": "502",
      "geometry": {
        "type": "Point",
        "coordinates": [
          110.4752,
          -7.9518
        ]
      },
      "properties": {
        "id": "502",
        "datetime": "2026-07-04T13:22:33",
        "date": "2026-07-04",
        "time": "13:22:33",
        "latitude": -7.9518,
        "longitude": 110.4752,
        "depth_km": 14.0,
        "depth_class": "Dangkal",
        "magnitude": 1.5,
        "magnitude_class": "lt3",
        "location": "Java, Indonesia",
        "estimated_radius_km": 6.2,
        "estimated_radius_m": 6200,
        "felt": "",
        "tsunami_potential": "",
        "shakemap_url": "",
        "bmkg_note": "",
        "source": "Rekap bulanan",
        "source_row": 503
      }
    },
    {
      "type": "Feature",
      "id": "501",
      "geometry": {
        "type": "Point",
        "coordinates": [
          113.3567,
          -10.0688
        ]
      },
      "properties": {
        "id": "501",
        "datetime": "2026-07-04T17:06:22",
        "date": "2026-07-04",
        "time": "17:06:22",
        "latitude": -10.0688,
        "longitude": 113.3567,
        "depth_km": 34.0,
        "depth_class": "Dangkal",
        "magnitude": 3.2,
        "magnitude_class": "3to5",
        "location": "South of Java, Indonesia",
        "estimated_radius_km": 14.8,
        "estimated_radius_m": 14800,
        "felt": "",
        "tsunami_potential": "",
        "shakemap_url": "",
        "bmkg_note": "",
        "source": "Rekap bulanan",
        "source_row": 502
      }
    },
    {
      "type": "Feature",
      "id": "500",
      "geometry": {
        "type": "Point",
        "coordinates": [
          110.501,
          -7.9688
        ]
      },
      "properties": {
        "id": "500",
        "datetime": "2026-07-04T18:01:09",
        "date": "2026-07-04",
        "time": "18:01:09",
        "latitude": -7.9688,
        "longitude": 110.501,
        "depth_km": 13.0,
        "depth_class": "Dangkal",
        "magnitude": 1.2,
        "magnitude_class": "lt3",
        "location": "Java, Indonesia",
        "estimated_radius_km": 5.5,
        "estimated_radius_m": 5500,
        "felt": "",
        "tsunami_potential": "",
        "shakemap_url": "",
        "bmkg_note": "",
        "source": "Rekap bulanan",
        "source_row": 501
      }
    },
    {
      "type": "Feature",
      "id": "499",
      "geometry": {
        "type": "Point",
        "coordinates": [
          111.1724,
          -8.8617
        ]
      },
      "properties": {
        "id": "499",
        "datetime": "2026-07-04T18:41:55",
        "date": "2026-07-04",
        "time": "18:41:55",
        "latitude": -8.8617,
        "longitude": 111.1724,
        "depth_km": 22.0,
        "depth_class": "Dangkal",
        "magnitude": 2.7,
        "magnitude_class": "lt3",
        "location": "Java, Indonesia",
        "estimated_radius_km": 8.6,
        "estimated_radius_m": 8600,
        "felt": "",
        "tsunami_potential": "",
        "shakemap_url": "",
        "bmkg_note": "",
        "source": "Rekap bulanan",
        "source_row": 500
      }
    },
    {
      "type": "Feature",
      "id": "498",
      "geometry": {
        "type": "Point",
        "coordinates": [
          111.2109,
          -8.7153
        ]
      },
      "properties": {
        "id": "498",
        "datetime": "2026-07-04T20:55:30",
        "date": "2026-07-04",
        "time": "20:55:30",
        "latitude": -8.7153,
        "longitude": 111.2109,
        "depth_km": 28.0,
        "depth_class": "Dangkal",
        "magnitude": 2.6,
        "magnitude_class": "lt3",
        "location": "Java, Indonesia",
        "estimated_radius_km": 8.3,
        "estimated_radius_m": 8300,
        "felt": "",
        "tsunami_potential": "",
        "shakemap_url": "",
        "bmkg_note": "",
        "source": "Rekap bulanan",
        "source_row": 499
      }
    },
    {
      "type": "Feature",
      "id": "497",
      "geometry": {
        "type": "Point",
        "coordinates": [
          110.596,
          -10.4084
        ]
      },
      "properties": {
        "id": "497",
        "datetime": "2026-07-04T22:27:39",
        "date": "2026-07-04",
        "time": "22:27:39",
        "latitude": -10.4084,
        "longitude": 110.596,
        "depth_km": 10.0,
        "depth_class": "Dangkal",
        "magnitude": 3.3,
        "magnitude_class": "3to5",
        "location": "South of Java, Indonesia",
        "estimated_radius_km": 17.1,
        "estimated_radius_m": 17100,
        "felt": "",
        "tsunami_potential": "",
        "shakemap_url": "",
        "bmkg_note": "",
        "source": "Rekap bulanan",
        "source_row": 498
      }
    },
    {
      "type": "Feature",
      "id": "496",
      "geometry": {
        "type": "Point",
        "coordinates": [
          110.9165,
          -8.6936
        ]
      },
      "properties": {
        "id": "496",
        "datetime": "2026-07-04T23:26:15",
        "date": "2026-07-04",
        "time": "23:26:15",
        "latitude": -8.6936,
        "longitude": 110.9165,
        "depth_km": 29.0,
        "depth_class": "Dangkal",
        "magnitude": 2.4,
        "magnitude_class": "lt3",
        "location": "Java, Indonesia",
        "estimated_radius_km": 7.9,
        "estimated_radius_m": 7900,
        "felt": "",
        "tsunami_potential": "",
        "shakemap_url": "",
        "bmkg_note": "",
        "source": "Rekap bulanan",
        "source_row": 497
      }
    },
    {
      "type": "Feature",
      "id": "495",
      "geometry": {
        "type": "Point",
        "coordinates": [
          111.8327,
          -8.6068
        ]
      },
      "properties": {
        "id": "495",
        "datetime": "2026-07-05T00:11:35",
        "date": "2026-07-05",
        "time": "00:11:35",
        "latitude": -8.6068,
        "longitude": 111.8327,
        "depth_km": 92.0,
        "depth_class": "Menengah",
        "magnitude": 2.5,
        "magnitude_class": "lt3",
        "location": "Java, Indonesia",
        "estimated_radius_km": 7.3,
        "estimated_radius_m": 7300,
        "felt": "",
        "tsunami_potential": "",
        "shakemap_url": "",
        "bmkg_note": "",
        "source": "Rekap bulanan",
        "source_row": 496
      }
    },
    {
      "type": "Feature",
      "id": "494",
      "geometry": {
        "type": "Point",
        "coordinates": [
          111.2823,
          -8.9715
        ]
      },
      "properties": {
        "id": "494",
        "datetime": "2026-07-05T03:40:38",
        "date": "2026-07-05",
        "time": "03:40:38",
        "latitude": -8.9715,
        "longitude": 111.2823,
        "depth_km": 49.0,
        "depth_class": "Dangkal",
        "magnitude": 2.6,
        "magnitude_class": "lt3",
        "location": "Java, Indonesia",
        "estimated_radius_km": 8.1,
        "estimated_radius_m": 8100,
        "felt": "",
        "tsunami_potential": "",
        "shakemap_url": "",
        "bmkg_note": "",
        "source": "Rekap bulanan",
        "source_row": 495
      }
    },
    {
      "type": "Feature",
      "id": "493",
      "geometry": {
        "type": "Point",
        "coordinates": [
          114.2189,
          -9.6996
        ]
      },
      "properties": {
        "id": "493",
        "datetime": "2026-07-05T05:01:58",
        "date": "2026-07-05",
        "time": "05:01:58",
        "latitude": -9.6996,
        "longitude": 114.2189,
        "depth_km": 12.0,
        "depth_class": "Dangkal",
        "magnitude": 2.5,
        "magnitude_class": "lt3",
        "location": "South of Bali, Indonesia",
        "estimated_radius_km": 8.3,
        "estimated_radius_m": 8300,
        "felt": "",
        "tsunami_potential": "",
        "shakemap_url": "",
        "bmkg_note": "",
        "source": "Rekap bulanan",
        "source_row": 494
      }
    },
    {
      "type": "Feature",
      "id": "492",
      "geometry": {
        "type": "Point",
        "coordinates": [
          109.9816,
          -7.446
        ]
      },
      "properties": {
        "id": "492",
        "datetime": "2026-07-05T05:17:59",
        "date": "2026-07-05",
        "time": "05:17:59",
        "latitude": -7.446,
        "longitude": 109.9816,
        "depth_km": 10.0,
        "depth_class": "Dangkal",
        "magnitude": 1.8,
        "magnitude_class": "lt3",
        "location": "Java, Indonesia",
        "estimated_radius_km": 6.9,
        "estimated_radius_m": 6900,
        "felt": "",
        "tsunami_potential": "",
        "shakemap_url": "",
        "bmkg_note": "",
        "source": "Rekap bulanan",
        "source_row": 493
      }
    },
    {
      "type": "Feature",
      "id": "491",
      "geometry": {
        "type": "Point",
        "coordinates": [
          111.9252,
          -9.2983
        ]
      },
      "properties": {
        "id": "491",
        "datetime": "2026-07-05T05:45:57",
        "date": "2026-07-05",
        "time": "05:45:57",
        "latitude": -9.2983,
        "longitude": 111.9252,
        "depth_km": 24.0,
        "depth_class": "Dangkal",
        "magnitude": 2.8,
        "magnitude_class": "lt3",
        "location": "South of Java, Indonesia",
        "estimated_radius_km": 8.8,
        "estimated_radius_m": 8800,
        "felt": "",
        "tsunami_potential": "",
        "shakemap_url": "",
        "bmkg_note": "",
        "source": "Rekap bulanan",
        "source_row": 492
      }
    },
    {
      "type": "Feature",
      "id": "490",
      "geometry": {
        "type": "Point",
        "coordinates": [
          111.5677,
          -8.7235
        ]
      },
      "properties": {
        "id": "490",
        "datetime": "2026-07-05T07:39:39",
        "date": "2026-07-05",
        "time": "07:39:39",
        "latitude": -8.7235,
        "longitude": 111.5677,
        "depth_km": 25.0,
        "depth_class": "Dangkal",
        "magnitude": 2.7,
        "magnitude_class": "lt3",
        "location": "Java, Indonesia",
        "estimated_radius_km": 8.6,
        "estimated_radius_m": 8600,
        "felt": "",
        "tsunami_potential": "",
        "shakemap_url": "",
        "bmkg_note": "",
        "source": "Rekap bulanan",
        "source_row": 491
      }
    },
    {
      "type": "Feature",
      "id": "489",
      "geometry": {
        "type": "Point",
        "coordinates": [
          109.6084,
          -9.2192
        ]
      },
      "properties": {
        "id": "489",
        "datetime": "2026-07-05T09:06:21",
        "date": "2026-07-05",
        "time": "09:06:21",
        "latitude": -9.2192,
        "longitude": 109.6084,
        "depth_km": 10.0,
        "depth_class": "Dangkal",
        "magnitude": 2.9,
        "magnitude_class": "lt3",
        "location": "South of Java, Indonesia",
        "estimated_radius_km": 9.2,
        "estimated_radius_m": 9200,
        "felt": "",
        "tsunami_potential": "",
        "shakemap_url": "",
        "bmkg_note": "",
        "source": "Rekap bulanan",
        "source_row": 490
      }
    },
    {
      "type": "Feature",
      "id": "488",
      "geometry": {
        "type": "Point",
        "coordinates": [
          111.1804,
          -8.8406
        ]
      },
      "properties": {
        "id": "488",
        "datetime": "2026-07-05T10:52:44",
        "date": "2026-07-05",
        "time": "10:52:44",
        "latitude": -8.8406,
        "longitude": 111.1804,
        "depth_km": 24.0,
        "depth_class": "Dangkal",
        "magnitude": 2.7,
        "magnitude_class": "lt3",
        "location": "Java, Indonesia",
        "estimated_radius_km": 8.6,
        "estimated_radius_m": 8600,
        "felt": "",
        "tsunami_potential": "",
        "shakemap_url": "",
        "bmkg_note": "",
        "source": "Rekap bulanan",
        "source_row": 489
      }
    },
    {
      "type": "Feature",
      "id": "487",
      "geometry": {
        "type": "Point",
        "coordinates": [
          109.6364,
          -9.4311
        ]
      },
      "properties": {
        "id": "487",
        "datetime": "2026-07-05T11:23:07",
        "date": "2026-07-05",
        "time": "11:23:07",
        "latitude": -9.4311,
        "longitude": 109.6364,
        "depth_km": 10.0,
        "depth_class": "Dangkal",
        "magnitude": 3.1,
        "magnitude_class": "3to5",
        "location": "South of Java, Indonesia",
        "estimated_radius_km": 13.6,
        "estimated_radius_m": 13600,
        "felt": "",
        "tsunami_potential": "",
        "shakemap_url": "",
        "bmkg_note": "",
        "source": "Rekap bulanan",
        "source_row": 488
      }
    },
    {
      "type": "Feature",
      "id": "486",
      "geometry": {
        "type": "Point",
        "coordinates": [
          110.4201,
          -7.9796
        ]
      },
      "properties": {
        "id": "486",
        "datetime": "2026-07-05T12:31:04",
        "date": "2026-07-05",
        "time": "12:31:04",
        "latitude": -7.9796,
        "longitude": 110.4201,
        "depth_km": 15.0,
        "depth_class": "Dangkal",
        "magnitude": 1.3,
        "magnitude_class": "lt3",
        "location": "Java, Indonesia",
        "estimated_radius_km": 5.7,
        "estimated_radius_m": 5700,
        "felt": "",
        "tsunami_potential": "",
        "shakemap_url": "",
        "bmkg_note": "",
        "source": "Rekap bulanan",
        "source_row": 487
      }
    },
    {
      "type": "Feature",
      "id": "485",
      "geometry": {
        "type": "Point",
        "coordinates": [
          110.3865,
          -8.8182
        ]
      },
      "properties": {
        "id": "485",
        "datetime": "2026-07-05T14:25:13",
        "date": "2026-07-05",
        "time": "14:25:13",
        "latitude": -8.8182,
        "longitude": 110.3865,
        "depth_km": 21.0,
        "depth_class": "Dangkal",
        "magnitude": 2.6,
        "magnitude_class": "lt3",
        "location": "Java, Indonesia",
        "estimated_radius_km": 8.4,
        "estimated_radius_m": 8400,
        "felt": "",
        "tsunami_potential": "",
        "shakemap_url": "",
        "bmkg_note": "",
        "source": "Rekap bulanan",
        "source_row": 486
      }
    },
    {
      "type": "Feature",
      "id": "484",
      "geometry": {
        "type": "Point",
        "coordinates": [
          111.8257,
          -8.8518
        ]
      },
      "properties": {
        "id": "484",
        "datetime": "2026-07-05T14:51:51",
        "date": "2026-07-05",
        "time": "14:51:51",
        "latitude": -8.8518,
        "longitude": 111.8257,
        "depth_km": 115.0,
        "depth_class": "Menengah",
        "magnitude": 2.9,
        "magnitude_class": "lt3",
        "location": "Java, Indonesia",
        "estimated_radius_km": 7.7,
        "estimated_radius_m": 7700,
        "felt": "",
        "tsunami_potential": "",
        "shakemap_url": "",
        "bmkg_note": "",
        "source": "Rekap bulanan",
        "source_row": 485
      }
    },
    {
      "type": "Feature",
      "id": "483",
      "geometry": {
        "type": "Point",
        "coordinates": [
          110.5144,
          -7.8586
        ]
      },
      "properties": {
        "id": "483",
        "datetime": "2026-07-05T17:10:21",
        "date": "2026-07-05",
        "time": "17:10:21",
        "latitude": -7.8586,
        "longitude": 110.5144,
        "depth_km": 16.0,
        "depth_class": "Dangkal",
        "magnitude": 1.1,
        "magnitude_class": "lt3",
        "location": "Java, Indonesia",
        "estimated_radius_km": 5.3,
        "estimated_radius_m": 5300,
        "felt": "",
        "tsunami_potential": "",
        "shakemap_url": "",
        "bmkg_note": "",
        "source": "Rekap bulanan",
        "source_row": 484
      }
    },
    {
      "type": "Feature",
      "id": "482",
      "geometry": {
        "type": "Point",
        "coordinates": [
          111.3211,
          -8.6295
        ]
      },
      "properties": {
        "id": "482",
        "datetime": "2026-07-05T17:13:07",
        "date": "2026-07-05",
        "time": "17:13:07",
        "latitude": -8.6295,
        "longitude": 111.3211,
        "depth_km": 72.0,
        "depth_class": "Menengah",
        "magnitude": 2.5,
        "magnitude_class": "lt3",
        "location": "Java, Indonesia",
        "estimated_radius_km": 7.6,
        "estimated_radius_m": 7600,
        "felt": "",
        "tsunami_potential": "",
        "shakemap_url": "",
        "bmkg_note": "",
        "source": "Rekap bulanan",
        "source_row": 483
      }
    },
    {
      "type": "Feature",
      "id": "481",
      "geometry": {
        "type": "Point",
        "coordinates": [
          110.4185,
          -7.949
        ]
      },
      "properties": {
        "id": "481",
        "datetime": "2026-07-05T18:06:18",
        "date": "2026-07-05",
        "time": "18:06:18",
        "latitude": -7.949,
        "longitude": 110.4185,
        "depth_km": 15.0,
        "depth_class": "Dangkal",
        "magnitude": 1.4,
        "magnitude_class": "lt3",
        "location": "Java, Indonesia",
        "estimated_radius_km": 5.9,
        "estimated_radius_m": 5900,
        "felt": "",
        "tsunami_potential": "",
        "shakemap_url": "",
        "bmkg_note": "",
        "source": "Rekap bulanan",
        "source_row": 482
      }
    },
    {
      "type": "Feature",
      "id": "480",
      "geometry": {
        "type": "Point",
        "coordinates": [
          111.1906,
          -8.871
        ]
      },
      "properties": {
        "id": "480",
        "datetime": "2026-07-05T18:44:51",
        "date": "2026-07-05",
        "time": "18:44:51",
        "latitude": -8.871,
        "longitude": 111.1906,
        "depth_km": 17.0,
        "depth_class": "Dangkal",
        "magnitude": 2.5,
        "magnitude_class": "lt3",
        "location": "Java, Indonesia",
        "estimated_radius_km": 8.3,
        "estimated_radius_m": 8300,
        "felt": "",
        "tsunami_potential": "",
        "shakemap_url": "",
        "bmkg_note": "",
        "source": "Rekap bulanan",
        "source_row": 481
      }
    },
    {
      "type": "Feature",
      "id": "479",
      "geometry": {
        "type": "Point",
        "coordinates": [
          113.2178,
          -10.3484
        ]
      },
      "properties": {
        "id": "479",
        "datetime": "2026-07-05T19:09:36",
        "date": "2026-07-05",
        "time": "19:09:36",
        "latitude": -10.3484,
        "longitude": 113.2178,
        "depth_km": 20.0,
        "depth_class": "Dangkal",
        "magnitude": 3.0,
        "magnitude_class": "3to5",
        "location": "South of Java, Indonesia",
        "estimated_radius_km": 11.6,
        "estimated_radius_m": 11600,
        "felt": "",
        "tsunami_potential": "",
        "shakemap_url": "",
        "bmkg_note": "",
        "source": "Rekap bulanan",
        "source_row": 480
      }
    },
    {
      "type": "Feature",
      "id": "478",
      "geometry": {
        "type": "Point",
        "coordinates": [
          113.8073,
          -9.1869
        ]
      },
      "properties": {
        "id": "478",
        "datetime": "2026-07-05T19:14:18",
        "date": "2026-07-05",
        "time": "19:14:18",
        "latitude": -9.1869,
        "longitude": 113.8073,
        "depth_km": 10.0,
        "depth_class": "Dangkal",
        "magnitude": 2.3,
        "magnitude_class": "lt3",
        "location": "South of Java, Indonesia",
        "estimated_radius_km": 7.9,
        "estimated_radius_m": 7900,
        "felt": "",
        "tsunami_potential": "",
        "shakemap_url": "",
        "bmkg_note": "",
        "source": "Rekap bulanan",
        "source_row": 479
      }
    },
    {
      "type": "Feature",
      "id": "477",
      "geometry": {
        "type": "Point",
        "coordinates": [
          110.1822,
          -8.684
        ]
      },
      "properties": {
        "id": "477",
        "datetime": "2026-07-05T19:31:49",
        "date": "2026-07-05",
        "time": "19:31:49",
        "latitude": -8.684,
        "longitude": 110.1822,
        "depth_km": 7.0,
        "depth_class": "Dangkal",
        "magnitude": 2.4,
        "magnitude_class": "lt3",
        "location": "Java, Indonesia",
        "estimated_radius_km": 8.2,
        "estimated_radius_m": 8200,
        "felt": "",
        "tsunami_potential": "",
        "shakemap_url": "",
        "bmkg_note": "",
        "source": "Rekap bulanan",
        "source_row": 478
      }
    },
    {
      "type": "Feature",
      "id": "476",
      "geometry": {
        "type": "Point",
        "coordinates": [
          110.0529,
          -9.0358
        ]
      },
      "properties": {
        "id": "476",
        "datetime": "2026-07-05T19:53:46",
        "date": "2026-07-05",
        "time": "19:53:46",
        "latitude": -9.0358,
        "longitude": 110.0529,
        "depth_km": 5.0,
        "depth_class": "Dangkal",
        "magnitude": 2.7,
        "magnitude_class": "lt3",
        "location": "South of Java, Indonesia",
        "estimated_radius_km": 8.9,
        "estimated_radius_m": 8900,
        "felt": "",
        "tsunami_potential": "",
        "shakemap_url": "",
        "bmkg_note": "",
        "source": "Rekap bulanan",
        "source_row": 477
      }
    },
    {
      "type": "Feature",
      "id": "475",
      "geometry": {
        "type": "Point",
        "coordinates": [
          112.4042,
          -7.4677
        ]
      },
      "properties": {
        "id": "475",
        "datetime": "2026-07-05T20:36:57",
        "date": "2026-07-05",
        "time": "20:36:57",
        "latitude": -7.4677,
        "longitude": 112.4042,
        "depth_km": 218.0,
        "depth_class": "Menengah",
        "magnitude": 2.4,
        "magnitude_class": "lt3",
        "location": "Java, Indonesia",
        "estimated_radius_km": 5.5,
        "estimated_radius_m": 5500,
        "felt": "",
        "tsunami_potential": "",
        "shakemap_url": "",
        "bmkg_note": "",
        "source": "Rekap bulanan",
        "source_row": 476
      }
    },
    {
      "type": "Feature",
      "id": "474",
      "geometry": {
        "type": "Point",
        "coordinates": [
          111.2499,
          -9.0068
        ]
      },
      "properties": {
        "id": "474",
        "datetime": "2026-07-05T20:47:23",
        "date": "2026-07-05",
        "time": "20:47:23",
        "latitude": -9.0068,
        "longitude": 111.2499,
        "depth_km": 13.0,
        "depth_class": "Dangkal",
        "magnitude": 2.6,
        "magnitude_class": "lt3",
        "location": "South of Java, Indonesia",
        "estimated_radius_km": 8.5,
        "estimated_radius_m": 8500,
        "felt": "",
        "tsunami_potential": "",
        "shakemap_url": "",
        "bmkg_note": "",
        "source": "Rekap bulanan",
        "source_row": 475
      }
    },
    {
      "type": "Feature",
      "id": "473",
      "geometry": {
        "type": "Point",
        "coordinates": [
          110.323,
          -8.4072
        ]
      },
      "properties": {
        "id": "473",
        "datetime": "2026-07-05T21:18:48",
        "date": "2026-07-05",
        "time": "21:18:48",
        "latitude": -8.4072,
        "longitude": 110.323,
        "depth_km": 21.0,
        "depth_class": "Dangkal",
        "magnitude": 2.3,
        "magnitude_class": "lt3",
        "location": "Java, Indonesia",
        "estimated_radius_km": 7.8,
        "estimated_radius_m": 7800,
        "felt": "",
        "tsunami_potential": "",
        "shakemap_url": "",
        "bmkg_note": "",
        "source": "Rekap bulanan",
        "source_row": 474
      }
    },
    {
      "type": "Feature",
      "id": "472",
      "geometry": {
        "type": "Point",
        "coordinates": [
          110.9491,
          -8.6723
        ]
      },
      "properties": {
        "id": "472",
        "datetime": "2026-07-05T21:25:01",
        "date": "2026-07-05",
        "time": "21:25:01",
        "latitude": -8.6723,
        "longitude": 110.9491,
        "depth_km": 4.0,
        "depth_class": "Dangkal",
        "magnitude": 2.6,
        "magnitude_class": "lt3",
        "location": "Java, Indonesia",
        "estimated_radius_km": 8.7,
        "estimated_radius_m": 8700,
        "felt": "",
        "tsunami_potential": "",
        "shakemap_url": "",
        "bmkg_note": "",
        "source": "Rekap bulanan",
        "source_row": 473
      }
    },
    {
      "type": "Feature",
      "id": "471",
      "geometry": {
        "type": "Point",
        "coordinates": [
          109.1527,
          -8.2082
        ]
      },
      "properties": {
        "id": "471",
        "datetime": "2026-07-05T22:18:47",
        "date": "2026-07-05",
        "time": "22:18:47",
        "latitude": -8.2082,
        "longitude": 109.1527,
        "depth_km": 32.0,
        "depth_class": "Dangkal",
        "magnitude": 2.8,
        "magnitude_class": "lt3",
        "location": "Java, Indonesia",
        "estimated_radius_km": 8.7,
        "estimated_radius_m": 8700,
        "felt": "",
        "tsunami_potential": "",
        "shakemap_url": "",
        "bmkg_note": "",
        "source": "Rekap bulanan",
        "source_row": 472
      }
    },
    {
      "type": "Feature",
      "id": "470",
      "geometry": {
        "type": "Point",
        "coordinates": [
          111.6889,
          -8.2776
        ]
      },
      "properties": {
        "id": "470",
        "datetime": "2026-07-06T00:44:51",
        "date": "2026-07-06",
        "time": "00:44:51",
        "latitude": -8.2776,
        "longitude": 111.6889,
        "depth_km": 128.0,
        "depth_class": "Menengah",
        "magnitude": 2.1,
        "magnitude_class": "lt3",
        "location": "Java, Indonesia",
        "estimated_radius_km": 6.1,
        "estimated_radius_m": 6100,
        "felt": "",
        "tsunami_potential": "",
        "shakemap_url": "",
        "bmkg_note": "",
        "source": "Rekap bulanan",
        "source_row": 471
      }
    },
    {
      "type": "Feature",
      "id": "469",
      "geometry": {
        "type": "Point",
        "coordinates": [
          115.084,
          -9.6226
        ]
      },
      "properties": {
        "id": "469",
        "datetime": "2026-07-06T01:53:57",
        "date": "2026-07-06",
        "time": "01:53:57",
        "latitude": -9.6226,
        "longitude": 115.084,
        "depth_km": 28.0,
        "depth_class": "Dangkal",
        "magnitude": 3.1,
        "magnitude_class": "3to5",
        "location": "South of Bali, Indonesia",
        "estimated_radius_km": 13.2,
        "estimated_radius_m": 13200,
        "felt": "",
        "tsunami_potential": "",
        "shakemap_url": "",
        "bmkg_note": "",
        "source": "Rekap bulanan",
        "source_row": 470
      }
    },
    {
      "type": "Feature",
      "id": "468",
      "geometry": {
        "type": "Point",
        "coordinates": [
          113.9928,
          -9.3098
        ]
      },
      "properties": {
        "id": "468",
        "datetime": "2026-07-06T02:00:32",
        "date": "2026-07-06",
        "time": "02:00:32",
        "latitude": -9.3098,
        "longitude": 113.9928,
        "depth_km": 10.0,
        "depth_class": "Dangkal",
        "magnitude": 3.2,
        "magnitude_class": "3to5",
        "location": "South of Java, Indonesia",
        "estimated_radius_km": 15.4,
        "estimated_radius_m": 15400,
        "felt": "",
        "tsunami_potential": "",
        "shakemap_url": "",
        "bmkg_note": "",
        "source": "Rekap bulanan",
        "source_row": 469
      }
    },
    {
      "type": "Feature",
      "id": "467",
      "geometry": {
        "type": "Point",
        "coordinates": [
          110.4539,
          -9.1205
        ]
      },
      "properties": {
        "id": "467",
        "datetime": "2026-07-06T02:59:51",
        "date": "2026-07-06",
        "time": "02:59:51",
        "latitude": -9.1205,
        "longitude": 110.4539,
        "depth_km": 0.0,
        "depth_class": "Dangkal",
        "magnitude": 2.7,
        "magnitude_class": "lt3",
        "location": "South of Java, Indonesia",
        "estimated_radius_km": 8.9,
        "estimated_radius_m": 8900,
        "felt": "",
        "tsunami_potential": "",
        "shakemap_url": "",
        "bmkg_note": "",
        "source": "Rekap bulanan",
        "source_row": 468
      }
    },
    {
      "type": "Feature",
      "id": "466",
      "geometry": {
        "type": "Point",
        "coordinates": [
          112.8568,
          -9.4716
        ]
      },
      "properties": {
        "id": "466",
        "datetime": "2026-07-06T03:22:55",
        "date": "2026-07-06",
        "time": "03:22:55",
        "latitude": -9.4716,
        "longitude": 112.8568,
        "depth_km": 9.0,
        "depth_class": "Dangkal",
        "magnitude": 3.3,
        "magnitude_class": "3to5",
        "location": "South of Java, Indonesia",
        "estimated_radius_km": 17.2,
        "estimated_radius_m": 17200,
        "felt": "",
        "tsunami_potential": "",
        "shakemap_url": "",
        "bmkg_note": "",
        "source": "Rekap bulanan",
        "source_row": 467
      }
    },
    {
      "type": "Feature",
      "id": "465",
      "geometry": {
        "type": "Point",
        "coordinates": [
          109.5134,
          -9.9493
        ]
      },
      "properties": {
        "id": "465",
        "datetime": "2026-07-06T07:32:10",
        "date": "2026-07-06",
        "time": "07:32:10",
        "latitude": -9.9493,
        "longitude": 109.5134,
        "depth_km": 10.0,
        "depth_class": "Dangkal",
        "magnitude": 3.4,
        "magnitude_class": "3to5",
        "location": "South of Java, Indonesia",
        "estimated_radius_km": 18.9,
        "estimated_radius_m": 18900,
        "felt": "",
        "tsunami_potential": "",
        "shakemap_url": "",
        "bmkg_note": "",
        "source": "Rekap bulanan",
        "source_row": 466
      }
    },
    {
      "type": "Feature",
      "id": "464",
      "geometry": {
        "type": "Point",
        "coordinates": [
          126.7031,
          6.8002
        ]
      },
      "properties": {
        "id": "464",
        "datetime": "2026-07-06T08:10:49",
        "date": "2026-07-06",
        "time": "08:10:49",
        "latitude": 6.8002,
        "longitude": 126.7031,
        "depth_km": 10.0,
        "depth_class": "Dangkal",
        "magnitude": 6.3,
        "magnitude_class": "gte5",
        "location": "Mindanao, Philippines",
        "estimated_radius_km": 103.0,
        "estimated_radius_m": 103000,
        "felt": "",
        "tsunami_potential": "",
        "shakemap_url": "",
        "bmkg_note": "",
        "source": "Rekap bulanan",
        "source_row": 465
      }
    },
    {
      "type": "Feature",
      "id": "463",
      "geometry": {
        "type": "Point",
        "coordinates": [
          109.1046,
          -7.8252
        ]
      },
      "properties": {
        "id": "463",
        "datetime": "2026-07-06T15:00:04",
        "date": "2026-07-06",
        "time": "15:00:04",
        "latitude": -7.8252,
        "longitude": 109.1046,
        "depth_km": 139.0,
        "depth_class": "Menengah",
        "magnitude": 2.5,
        "magnitude_class": "lt3",
        "location": "Java, Indonesia",
        "estimated_radius_km": 6.7,
        "estimated_radius_m": 6700,
        "felt": "",
        "tsunami_potential": "",
        "shakemap_url": "",
        "bmkg_note": "",
        "source": "Rekap bulanan",
        "source_row": 464
      }
    },
    {
      "type": "Feature",
      "id": "462",
      "geometry": {
        "type": "Point",
        "coordinates": [
          111.4495,
          -8.5557
        ]
      },
      "properties": {
        "id": "462",
        "datetime": "2026-07-06T16:45:58",
        "date": "2026-07-06",
        "time": "16:45:58",
        "latitude": -8.5557,
        "longitude": 111.4495,
        "depth_km": 92.0,
        "depth_class": "Menengah",
        "magnitude": 2.6,
        "magnitude_class": "lt3",
        "location": "Java, Indonesia",
        "estimated_radius_km": 7.5,
        "estimated_radius_m": 7500,
        "felt": "",
        "tsunami_potential": "",
        "shakemap_url": "",
        "bmkg_note": "",
        "source": "Rekap bulanan",
        "source_row": 463
      }
    },
    {
      "type": "Feature",
      "id": "461",
      "geometry": {
        "type": "Point",
        "coordinates": [
          110.8081,
          -8.3851
        ]
      },
      "properties": {
        "id": "461",
        "datetime": "2026-07-06T17:21:31",
        "date": "2026-07-06",
        "time": "17:21:31",
        "latitude": -8.3851,
        "longitude": 110.8081,
        "depth_km": 29.0,
        "depth_class": "Dangkal",
        "magnitude": 2.2,
        "magnitude_class": "lt3",
        "location": "Java, Indonesia",
        "estimated_radius_km": 7.5,
        "estimated_radius_m": 7500,
        "felt": "",
        "tsunami_potential": "",
        "shakemap_url": "",
        "bmkg_note": "",
        "source": "Rekap bulanan",
        "source_row": 462
      }
    },
    {
      "type": "Feature",
      "id": "460",
      "geometry": {
        "type": "Point",
        "coordinates": [
          110.6809,
          -7.9235
        ]
      },
      "properties": {
        "id": "460",
        "datetime": "2026-07-06T18:40:52",
        "date": "2026-07-06",
        "time": "18:40:52",
        "latitude": -7.9235,
        "longitude": 110.6809,
        "depth_km": 157.0,
        "depth_class": "Menengah",
        "magnitude": 1.7,
        "magnitude_class": "lt3",
        "location": "Java, Indonesia",
        "estimated_radius_km": 5.1,
        "estimated_radius_m": 5100,
        "felt": "",
        "tsunami_potential": "",
        "shakemap_url": "",
        "bmkg_note": "",
        "source": "Rekap bulanan",
        "source_row": 461
      }
    },
    {
      "type": "Feature",
      "id": "459",
      "geometry": {
        "type": "Point",
        "coordinates": [
          110.9446,
          -9.1603
        ]
      },
      "properties": {
        "id": "459",
        "datetime": "2026-07-06T19:00:49",
        "date": "2026-07-06",
        "time": "19:00:49",
        "latitude": -9.1603,
        "longitude": 110.9446,
        "depth_km": 0.0,
        "depth_class": "Dangkal",
        "magnitude": 2.8,
        "magnitude_class": "lt3",
        "location": "South of Java, Indonesia",
        "estimated_radius_km": 9.2,
        "estimated_radius_m": 9200,
        "felt": "",
        "tsunami_potential": "",
        "shakemap_url": "",
        "bmkg_note": "",
        "source": "Rekap bulanan",
        "source_row": 460
      }
    },
    {
      "type": "Feature",
      "id": "458",
      "geometry": {
        "type": "Point",
        "coordinates": [
          113.5466,
          -9.0976
        ]
      },
      "properties": {
        "id": "458",
        "datetime": "2026-07-06T19:16:36",
        "date": "2026-07-06",
        "time": "19:16:36",
        "latitude": -9.0976,
        "longitude": 113.5466,
        "depth_km": 38.0,
        "depth_class": "Dangkal",
        "magnitude": 2.0,
        "magnitude_class": "lt3",
        "location": "South of Java, Indonesia",
        "estimated_radius_km": 7.0,
        "estimated_radius_m": 7000,
        "felt": "",
        "tsunami_potential": "",
        "shakemap_url": "",
        "bmkg_note": "",
        "source": "Rekap bulanan",
        "source_row": 459
      }
    },
    {
      "type": "Feature",
      "id": "457",
      "geometry": {
        "type": "Point",
        "coordinates": [
          112.4845,
          -9.2317
        ]
      },
      "properties": {
        "id": "457",
        "datetime": "2026-07-06T19:19:43",
        "date": "2026-07-06",
        "time": "19:19:43",
        "latitude": -9.2317,
        "longitude": 112.4845,
        "depth_km": 10.0,
        "depth_class": "Dangkal",
        "magnitude": 2.9,
        "magnitude_class": "lt3",
        "location": "South of Java, Indonesia",
        "estimated_radius_km": 9.2,
        "estimated_radius_m": 9200,
        "felt": "",
        "tsunami_potential": "",
        "shakemap_url": "",
        "bmkg_note": "",
        "source": "Rekap bulanan",
        "source_row": 458
      }
    },
    {
      "type": "Feature",
      "id": "456",
      "geometry": {
        "type": "Point",
        "coordinates": [
          109.0896,
          -8.2091
        ]
      },
      "properties": {
        "id": "456",
        "datetime": "2026-07-06T19:51:40",
        "date": "2026-07-06",
        "time": "19:51:40",
        "latitude": -8.2091,
        "longitude": 109.0896,
        "depth_km": 75.0,
        "depth_class": "Menengah",
        "magnitude": 2.6,
        "magnitude_class": "lt3",
        "location": "Java, Indonesia",
        "estimated_radius_km": 7.7,
        "estimated_radius_m": 7700,
        "felt": "",
        "tsunami_potential": "",
        "shakemap_url": "",
        "bmkg_note": "",
        "source": "Rekap bulanan",
        "source_row": 457
      }
    },
    {
      "type": "Feature",
      "id": "455",
      "geometry": {
        "type": "Point",
        "coordinates": [
          113.1222,
          -9.3616
        ]
      },
      "properties": {
        "id": "455",
        "datetime": "2026-07-06T20:17:16",
        "date": "2026-07-06",
        "time": "20:17:16",
        "latitude": -9.3616,
        "longitude": 113.1222,
        "depth_km": 6.0,
        "depth_class": "Dangkal",
        "magnitude": 2.6,
        "magnitude_class": "lt3",
        "location": "South of Java, Indonesia",
        "estimated_radius_km": 8.6,
        "estimated_radius_m": 8600,
        "felt": "",
        "tsunami_potential": "",
        "shakemap_url": "",
        "bmkg_note": "",
        "source": "Rekap bulanan",
        "source_row": 456
      }
    },
    {
      "type": "Feature",
      "id": "454",
      "geometry": {
        "type": "Point",
        "coordinates": [
          113.0806,
          -10.3692
        ]
      },
      "properties": {
        "id": "454",
        "datetime": "2026-07-06T21:15:10",
        "date": "2026-07-06",
        "time": "21:15:10",
        "latitude": -10.3692,
        "longitude": 113.0806,
        "depth_km": 10.0,
        "depth_class": "Dangkal",
        "magnitude": 3.4,
        "magnitude_class": "3to5",
        "location": "South of Java, Indonesia",
        "estimated_radius_km": 18.9,
        "estimated_radius_m": 18900,
        "felt": "",
        "tsunami_potential": "",
        "shakemap_url": "",
        "bmkg_note": "",
        "source": "Rekap bulanan",
        "source_row": 455
      }
    },
    {
      "type": "Feature",
      "id": "453",
      "geometry": {
        "type": "Point",
        "coordinates": [
          110.4243,
          -7.7746
        ]
      },
      "properties": {
        "id": "453",
        "datetime": "2026-07-06T23:20:41",
        "date": "2026-07-06",
        "time": "23:20:41",
        "latitude": -7.7746,
        "longitude": 110.4243,
        "depth_km": 4.0,
        "depth_class": "Dangkal",
        "magnitude": 1.3,
        "magnitude_class": "lt3",
        "location": "Java, Indonesia",
        "estimated_radius_km": 5.8,
        "estimated_radius_m": 5800,
        "felt": "",
        "tsunami_potential": "",
        "shakemap_url": "",
        "bmkg_note": "",
        "source": "Rekap bulanan",
        "source_row": 454
      }
    },
    {
      "type": "Feature",
      "id": "452",
      "geometry": {
        "type": "Point",
        "coordinates": [
          110.5059,
          -7.8624
        ]
      },
      "properties": {
        "id": "452",
        "datetime": "2026-07-06T23:49:08",
        "date": "2026-07-06",
        "time": "23:49:08",
        "latitude": -7.8624,
        "longitude": 110.5059,
        "depth_km": 17.0,
        "depth_class": "Dangkal",
        "magnitude": 1.3,
        "magnitude_class": "lt3",
        "location": "Java, Indonesia",
        "estimated_radius_km": 5.7,
        "estimated_radius_m": 5700,
        "felt": "",
        "tsunami_potential": "",
        "shakemap_url": "",
        "bmkg_note": "",
        "source": "Rekap bulanan",
        "source_row": 453
      }
    },
    {
      "type": "Feature",
      "id": "451",
      "geometry": {
        "type": "Point",
        "coordinates": [
          114.0096,
          -8.1353
        ]
      },
      "properties": {
        "id": "451",
        "datetime": "2026-07-07T00:30:39",
        "date": "2026-07-07",
        "time": "00:30:39",
        "latitude": -8.1353,
        "longitude": 114.0096,
        "depth_km": 1.0,
        "depth_class": "Dangkal",
        "magnitude": 2.2,
        "magnitude_class": "lt3",
        "location": "Bali Region, Indonesia",
        "estimated_radius_km": 7.8,
        "estimated_radius_m": 7800,
        "felt": "",
        "tsunami_potential": "",
        "shakemap_url": "",
        "bmkg_note": "",
        "source": "Rekap bulanan",
        "source_row": 452
      }
    },
    {
      "type": "Feature",
      "id": "450",
      "geometry": {
        "type": "Point",
        "coordinates": [
          110.9761,
          -8.8137
        ]
      },
      "properties": {
        "id": "450",
        "datetime": "2026-07-07T00:51:53",
        "date": "2026-07-07",
        "time": "00:51:53",
        "latitude": -8.8137,
        "longitude": 110.9761,
        "depth_km": 27.0,
        "depth_class": "Dangkal",
        "magnitude": 2.7,
        "magnitude_class": "lt3",
        "location": "Java, Indonesia",
        "estimated_radius_km": 8.6,
        "estimated_radius_m": 8600,
        "felt": "",
        "tsunami_potential": "",
        "shakemap_url": "",
        "bmkg_note": "",
        "source": "Rekap bulanan",
        "source_row": 451
      }
    },
    {
      "type": "Feature",
      "id": "449",
      "geometry": {
        "type": "Point",
        "coordinates": [
          113.4998,
          -9.3156
        ]
      },
      "properties": {
        "id": "449",
        "datetime": "2026-07-07T01:39:08",
        "date": "2026-07-07",
        "time": "01:39:08",
        "latitude": -9.3156,
        "longitude": 113.4998,
        "depth_km": 26.0,
        "depth_class": "Dangkal",
        "magnitude": 2.8,
        "magnitude_class": "lt3",
        "location": "South of Java, Indonesia",
        "estimated_radius_km": 8.8,
        "estimated_radius_m": 8800,
        "felt": "",
        "tsunami_potential": "",
        "shakemap_url": "",
        "bmkg_note": "",
        "source": "Rekap bulanan",
        "source_row": 450
      }
    },
    {
      "type": "Feature",
      "id": "448",
      "geometry": {
        "type": "Point",
        "coordinates": [
          113.4635,
          -9.2377
        ]
      },
      "properties": {
        "id": "448",
        "datetime": "2026-07-07T01:52:05",
        "date": "2026-07-07",
        "time": "01:52:05",
        "latitude": -9.2377,
        "longitude": 113.4635,
        "depth_km": 28.0,
        "depth_class": "Dangkal",
        "magnitude": 3.0,
        "magnitude_class": "3to5",
        "location": "South of Java, Indonesia",
        "estimated_radius_km": 11.5,
        "estimated_radius_m": 11500,
        "felt": "",
        "tsunami_potential": "",
        "shakemap_url": "",
        "bmkg_note": "",
        "source": "Rekap bulanan",
        "source_row": 449
      }
    },
    {
      "type": "Feature",
      "id": "447",
      "geometry": {
        "type": "Point",
        "coordinates": [
          110.4344,
          -8.0072
        ]
      },
      "properties": {
        "id": "447",
        "datetime": "2026-07-07T04:58:36",
        "date": "2026-07-07",
        "time": "04:58:36",
        "latitude": -8.0072,
        "longitude": 110.4344,
        "depth_km": 18.0,
        "depth_class": "Dangkal",
        "magnitude": 1.4,
        "magnitude_class": "lt3",
        "location": "Java, Indonesia",
        "estimated_radius_km": 5.9,
        "estimated_radius_m": 5900,
        "felt": "",
        "tsunami_potential": "",
        "shakemap_url": "",
        "bmkg_note": "",
        "source": "Rekap bulanan",
        "source_row": 448
      }
    },
    {
      "type": "Feature",
      "id": "446",
      "geometry": {
        "type": "Point",
        "coordinates": [
          110.4607,
          -7.8941
        ]
      },
      "properties": {
        "id": "446",
        "datetime": "2026-07-07T05:49:53",
        "date": "2026-07-07",
        "time": "05:49:53",
        "latitude": -7.8941,
        "longitude": 110.4607,
        "depth_km": 14.0,
        "depth_class": "Dangkal",
        "magnitude": 1.3,
        "magnitude_class": "lt3",
        "location": "Java, Indonesia",
        "estimated_radius_km": 5.7,
        "estimated_radius_m": 5700,
        "felt": "",
        "tsunami_potential": "",
        "shakemap_url": "",
        "bmkg_note": "",
        "source": "Rekap bulanan",
        "source_row": 447
      }
    },
    {
      "type": "Feature",
      "id": "445",
      "geometry": {
        "type": "Point",
        "coordinates": [
          110.2706,
          -8.66
        ]
      },
      "properties": {
        "id": "445",
        "datetime": "2026-07-07T06:02:48",
        "date": "2026-07-07",
        "time": "06:02:48",
        "latitude": -8.66,
        "longitude": 110.2706,
        "depth_km": 31.0,
        "depth_class": "Dangkal",
        "magnitude": 2.5,
        "magnitude_class": "lt3",
        "location": "Java, Indonesia",
        "estimated_radius_km": 8.1,
        "estimated_radius_m": 8100,
        "felt": "",
        "tsunami_potential": "",
        "shakemap_url": "",
        "bmkg_note": "",
        "source": "Rekap bulanan",
        "source_row": 446
      }
    },
    {
      "type": "Feature",
      "id": "444",
      "geometry": {
        "type": "Point",
        "coordinates": [
          113.6329,
          -6.4586
        ]
      },
      "properties": {
        "id": "444",
        "datetime": "2026-07-07T07:20:11",
        "date": "2026-07-07",
        "time": "07:20:11",
        "latitude": -6.4586,
        "longitude": 113.6329,
        "depth_km": 10.0,
        "depth_class": "Dangkal",
        "magnitude": 3.7,
        "magnitude_class": "3to5",
        "location": "Java, Indonesia",
        "estimated_radius_km": 24.2,
        "estimated_radius_m": 24200,
        "felt": "",
        "tsunami_potential": "",
        "shakemap_url": "",
        "bmkg_note": "",
        "source": "Rekap bulanan",
        "source_row": 445
      }
    },
    {
      "type": "Feature",
      "id": "443",
      "geometry": {
        "type": "Point",
        "coordinates": [
          111.5244,
          -8.4354
        ]
      },
      "properties": {
        "id": "443",
        "datetime": "2026-07-07T07:49:47",
        "date": "2026-07-07",
        "time": "07:49:47",
        "latitude": -8.4354,
        "longitude": 111.5244,
        "depth_km": 100.0,
        "depth_class": "Menengah",
        "magnitude": 2.6,
        "magnitude_class": "lt3",
        "location": "Java, Indonesia",
        "estimated_radius_km": 7.4,
        "estimated_radius_m": 7400,
        "felt": "",
        "tsunami_potential": "",
        "shakemap_url": "",
        "bmkg_note": "",
        "source": "Rekap bulanan",
        "source_row": 444
      }
    },
    {
      "type": "Feature",
      "id": "442",
      "geometry": {
        "type": "Point",
        "coordinates": [
          113.1635,
          -9.1082
        ]
      },
      "properties": {
        "id": "442",
        "datetime": "2026-07-07T09:50:41",
        "date": "2026-07-07",
        "time": "09:50:41",
        "latitude": -9.1082,
        "longitude": 113.1635,
        "depth_km": 18.0,
        "depth_class": "Dangkal",
        "magnitude": 3.1,
        "magnitude_class": "3to5",
        "location": "South of Java, Indonesia",
        "estimated_radius_km": 13.4,
        "estimated_radius_m": 13400,
        "felt": "",
        "tsunami_potential": "",
        "shakemap_url": "",
        "bmkg_note": "",
        "source": "Rekap bulanan",
        "source_row": 443
      }
    },
    {
      "type": "Feature",
      "id": "441",
      "geometry": {
        "type": "Point",
        "coordinates": [
          111.3344,
          -8.7866
        ]
      },
      "properties": {
        "id": "441",
        "datetime": "2026-07-07T11:43:37",
        "date": "2026-07-07",
        "time": "11:43:37",
        "latitude": -8.7866,
        "longitude": 111.3344,
        "depth_km": 21.0,
        "depth_class": "Dangkal",
        "magnitude": 2.5,
        "magnitude_class": "lt3",
        "location": "Java, Indonesia",
        "estimated_radius_km": 8.2,
        "estimated_radius_m": 8200,
        "felt": "",
        "tsunami_potential": "",
        "shakemap_url": "",
        "bmkg_note": "",
        "source": "Rekap bulanan",
        "source_row": 442
      }
    },
    {
      "type": "Feature",
      "id": "440",
      "geometry": {
        "type": "Point",
        "coordinates": [
          110.7153,
          -8.4457
        ]
      },
      "properties": {
        "id": "440",
        "datetime": "2026-07-07T12:26:36",
        "date": "2026-07-07",
        "time": "12:26:36",
        "latitude": -8.4457,
        "longitude": 110.7153,
        "depth_km": 87.0,
        "depth_class": "Menengah",
        "magnitude": 2.2,
        "magnitude_class": "lt3",
        "location": "Java, Indonesia",
        "estimated_radius_km": 6.8,
        "estimated_radius_m": 6800,
        "felt": "",
        "tsunami_potential": "",
        "shakemap_url": "",
        "bmkg_note": "",
        "source": "Rekap bulanan",
        "source_row": 441
      }
    },
    {
      "type": "Feature",
      "id": "439",
      "geometry": {
        "type": "Point",
        "coordinates": [
          114.7185,
          -8.7579
        ]
      },
      "properties": {
        "id": "439",
        "datetime": "2026-07-07T12:54:11",
        "date": "2026-07-07",
        "time": "12:54:11",
        "latitude": -8.7579,
        "longitude": 114.7185,
        "depth_km": 142.0,
        "depth_class": "Menengah",
        "magnitude": 2.3,
        "magnitude_class": "lt3",
        "location": "Bali Region, Indonesia",
        "estimated_radius_km": 6.3,
        "estimated_radius_m": 6300,
        "felt": "",
        "tsunami_potential": "",
        "shakemap_url": "",
        "bmkg_note": "",
        "source": "Rekap bulanan",
        "source_row": 440
      }
    },
    {
      "type": "Feature",
      "id": "438",
      "geometry": {
        "type": "Point",
        "coordinates": [
          110.9397,
          -8.9741
        ]
      },
      "properties": {
        "id": "438",
        "datetime": "2026-07-07T13:19:20",
        "date": "2026-07-07",
        "time": "13:19:20",
        "latitude": -8.9741,
        "longitude": 110.9397,
        "depth_km": 56.0,
        "depth_class": "Dangkal",
        "magnitude": 2.5,
        "magnitude_class": "lt3",
        "location": "Java, Indonesia",
        "estimated_radius_km": 7.8,
        "estimated_radius_m": 7800,
        "felt": "",
        "tsunami_potential": "",
        "shakemap_url": "",
        "bmkg_note": "",
        "source": "Rekap bulanan",
        "source_row": 439
      }
    },
    {
      "type": "Feature",
      "id": "437",
      "geometry": {
        "type": "Point",
        "coordinates": [
          110.1962,
          -8.8285
        ]
      },
      "properties": {
        "id": "437",
        "datetime": "2026-07-07T14:33:37",
        "date": "2026-07-07",
        "time": "14:33:37",
        "latitude": -8.8285,
        "longitude": 110.1962,
        "depth_km": 25.0,
        "depth_class": "Dangkal",
        "magnitude": 2.6,
        "magnitude_class": "lt3",
        "location": "Java, Indonesia",
        "estimated_radius_km": 8.4,
        "estimated_radius_m": 8400,
        "felt": "",
        "tsunami_potential": "",
        "shakemap_url": "",
        "bmkg_note": "",
        "source": "Rekap bulanan",
        "source_row": 438
      }
    },
    {
      "type": "Feature",
      "id": "436",
      "geometry": {
        "type": "Point",
        "coordinates": [
          110.6277,
          -8.4144
        ]
      },
      "properties": {
        "id": "436",
        "datetime": "2026-07-07T15:45:11",
        "date": "2026-07-07",
        "time": "15:45:11",
        "latitude": -8.4144,
        "longitude": 110.6277,
        "depth_km": 30.0,
        "depth_class": "Dangkal",
        "magnitude": 2.2,
        "magnitude_class": "lt3",
        "location": "Java, Indonesia",
        "estimated_radius_km": 7.5,
        "estimated_radius_m": 7500,
        "felt": "",
        "tsunami_potential": "",
        "shakemap_url": "",
        "bmkg_note": "",
        "source": "Rekap bulanan",
        "source_row": 437
      }
    },
    {
      "type": "Feature",
      "id": "435",
      "geometry": {
        "type": "Point",
        "coordinates": [
          109.7328,
          -8.2322
        ]
      },
      "properties": {
        "id": "435",
        "datetime": "2026-07-07T16:06:28",
        "date": "2026-07-07",
        "time": "16:06:28",
        "latitude": -8.2322,
        "longitude": 109.7328,
        "depth_km": 14.0,
        "depth_class": "Dangkal",
        "magnitude": 2.5,
        "magnitude_class": "lt3",
        "location": "Java, Indonesia",
        "estimated_radius_km": 8.3,
        "estimated_radius_m": 8300,
        "felt": "",
        "tsunami_potential": "",
        "shakemap_url": "",
        "bmkg_note": "",
        "source": "Rekap bulanan",
        "source_row": 436
      }
    },
    {
      "type": "Feature",
      "id": "434",
      "geometry": {
        "type": "Point",
        "coordinates": [
          109.3532,
          -8.3452
        ]
      },
      "properties": {
        "id": "434",
        "datetime": "2026-07-07T16:48:21",
        "date": "2026-07-07",
        "time": "16:48:21",
        "latitude": -8.3452,
        "longitude": 109.3532,
        "depth_km": 4.0,
        "depth_class": "Dangkal",
        "magnitude": 2.7,
        "magnitude_class": "lt3",
        "location": "Java, Indonesia",
        "estimated_radius_km": 8.9,
        "estimated_radius_m": 8900,
        "felt": "",
        "tsunami_potential": "",
        "shakemap_url": "",
        "bmkg_note": "",
        "source": "Rekap bulanan",
        "source_row": 435
      }
    },
    {
      "type": "Feature",
      "id": "433",
      "geometry": {
        "type": "Point",
        "coordinates": [
          109.0864,
          -8.3093
        ]
      },
      "properties": {
        "id": "433",
        "datetime": "2026-07-07T17:55:01",
        "date": "2026-07-07",
        "time": "17:55:01",
        "latitude": -8.3093,
        "longitude": 109.0864,
        "depth_km": 33.0,
        "depth_class": "Dangkal",
        "magnitude": 3.0,
        "magnitude_class": "3to5",
        "location": "Java, Indonesia",
        "estimated_radius_km": 11.4,
        "estimated_radius_m": 11400,
        "felt": "",
        "tsunami_potential": "",
        "shakemap_url": "",
        "bmkg_note": "",
        "source": "Rekap bulanan",
        "source_row": 434
      }
    },
    {
      "type": "Feature",
      "id": "432",
      "geometry": {
        "type": "Point",
        "coordinates": [
          110.2681,
          -8.5537
        ]
      },
      "properties": {
        "id": "432",
        "datetime": "2026-07-07T19:06:35",
        "date": "2026-07-07",
        "time": "19:06:35",
        "latitude": -8.5537,
        "longitude": 110.2681,
        "depth_km": 80.0,
        "depth_class": "Menengah",
        "magnitude": 2.4,
        "magnitude_class": "lt3",
        "location": "Java, Indonesia",
        "estimated_radius_km": 7.3,
        "estimated_radius_m": 7300,
        "felt": "",
        "tsunami_potential": "",
        "shakemap_url": "",
        "bmkg_note": "",
        "source": "Rekap bulanan",
        "source_row": 433
      }
    },
    {
      "type": "Feature",
      "id": "431",
      "geometry": {
        "type": "Point",
        "coordinates": [
          109.2541,
          -7.3246
        ]
      },
      "properties": {
        "id": "431",
        "datetime": "2026-07-07T19:45:53",
        "date": "2026-07-07",
        "time": "19:45:53",
        "latitude": -7.3246,
        "longitude": 109.2541,
        "depth_km": 10.0,
        "depth_class": "Dangkal",
        "magnitude": 4.6,
        "magnitude_class": "3to5",
        "location": "Java, Indonesia",
        "estimated_radius_km": 40.2,
        "estimated_radius_m": 40200,
        "felt": "",
        "tsunami_potential": "",
        "shakemap_url": "",
        "bmkg_note": "",
        "source": "Rekap bulanan",
        "source_row": 432
      }
    },
    {
      "type": "Feature",
      "id": "430",
      "geometry": {
        "type": "Point",
        "coordinates": [
          112.8407,
          -9.5213
        ]
      },
      "properties": {
        "id": "430",
        "datetime": "2026-07-07T20:16:55",
        "date": "2026-07-07",
        "time": "20:16:55",
        "latitude": -9.5213,
        "longitude": 112.8407,
        "depth_km": 21.0,
        "depth_class": "Dangkal",
        "magnitude": 2.8,
        "magnitude_class": "lt3",
        "location": "South of Java, Indonesia",
        "estimated_radius_km": 8.9,
        "estimated_radius_m": 8900,
        "felt": "",
        "tsunami_potential": "",
        "shakemap_url": "",
        "bmkg_note": "",
        "source": "Rekap bulanan",
        "source_row": 431
      }
    },
    {
      "type": "Feature",
      "id": "429",
      "geometry": {
        "type": "Point",
        "coordinates": [
          112.8759,
          -8.8755
        ]
      },
      "properties": {
        "id": "429",
        "datetime": "2026-07-07T20:51:39",
        "date": "2026-07-07",
        "time": "20:51:39",
        "latitude": -8.8755,
        "longitude": 112.8759,
        "depth_km": 55.0,
        "depth_class": "Dangkal",
        "magnitude": 2.4,
        "magnitude_class": "lt3",
        "location": "Java, Indonesia",
        "estimated_radius_km": 7.6,
        "estimated_radius_m": 7600,
        "felt": "",
        "tsunami_potential": "",
        "shakemap_url": "",
        "bmkg_note": "",
        "source": "Rekap bulanan",
        "source_row": 430
      }
    },
    {
      "type": "Feature",
      "id": "428",
      "geometry": {
        "type": "Point",
        "coordinates": [
          110.3549,
          -8.7078
        ]
      },
      "properties": {
        "id": "428",
        "datetime": "2026-07-08T03:25:27",
        "date": "2026-07-08",
        "time": "03:25:27",
        "latitude": -8.7078,
        "longitude": 110.3549,
        "depth_km": 25.0,
        "depth_class": "Dangkal",
        "magnitude": 2.7,
        "magnitude_class": "lt3",
        "location": "Java, Indonesia",
        "estimated_radius_km": 8.6,
        "estimated_radius_m": 8600,
        "felt": "",
        "tsunami_potential": "",
        "shakemap_url": "",
        "bmkg_note": "",
        "source": "Rekap bulanan",
        "source_row": 429
      }
    },
    {
      "type": "Feature",
      "id": "427",
      "geometry": {
        "type": "Point",
        "coordinates": [
          109.5575,
          -8.0403
        ]
      },
      "properties": {
        "id": "427",
        "datetime": "2026-07-08T04:16:58",
        "date": "2026-07-08",
        "time": "04:16:58",
        "latitude": -8.0403,
        "longitude": 109.5575,
        "depth_km": 93.0,
        "depth_class": "Menengah",
        "magnitude": 2.7,
        "magnitude_class": "lt3",
        "location": "Java, Indonesia",
        "estimated_radius_km": 7.7,
        "estimated_radius_m": 7700,
        "felt": "",
        "tsunami_potential": "",
        "shakemap_url": "",
        "bmkg_note": "",
        "source": "Rekap bulanan",
        "source_row": 428
      }
    },
    {
      "type": "Feature",
      "id": "426",
      "geometry": {
        "type": "Point",
        "coordinates": [
          113.0037,
          -10.3238
        ]
      },
      "properties": {
        "id": "426",
        "datetime": "2026-07-08T04:26:33",
        "date": "2026-07-08",
        "time": "04:26:33",
        "latitude": -10.3238,
        "longitude": 113.0037,
        "depth_km": 10.0,
        "depth_class": "Dangkal",
        "magnitude": 3.4,
        "magnitude_class": "3to5",
        "location": "South of Java, Indonesia",
        "estimated_radius_km": 18.9,
        "estimated_radius_m": 18900,
        "felt": "",
        "tsunami_potential": "",
        "shakemap_url": "",
        "bmkg_note": "",
        "source": "Rekap bulanan",
        "source_row": 427
      }
    },
    {
      "type": "Feature",
      "id": "425",
      "geometry": {
        "type": "Point",
        "coordinates": [
          110.1844,
          -7.9448
        ]
      },
      "properties": {
        "id": "425",
        "datetime": "2026-07-08T05:45:48",
        "date": "2026-07-08",
        "time": "05:45:48",
        "latitude": -7.9448,
        "longitude": 110.1844,
        "depth_km": 10.0,
        "depth_class": "Dangkal",
        "magnitude": 1.9,
        "magnitude_class": "lt3",
        "location": "Java, Indonesia",
        "estimated_radius_km": 7.1,
        "estimated_radius_m": 7100,
        "felt": "",
        "tsunami_potential": "",
        "shakemap_url": "",
        "bmkg_note": "",
        "source": "Rekap bulanan",
        "source_row": 426
      }
    },
    {
      "type": "Feature",
      "id": "424",
      "geometry": {
        "type": "Point",
        "coordinates": [
          111.8214,
          -8.4216
        ]
      },
      "properties": {
        "id": "424",
        "datetime": "2026-07-08T05:57:01",
        "date": "2026-07-08",
        "time": "05:57:01",
        "latitude": -8.4216,
        "longitude": 111.8214,
        "depth_km": 116.0,
        "depth_class": "Menengah",
        "magnitude": 2.7,
        "magnitude_class": "lt3",
        "location": "Java, Indonesia",
        "estimated_radius_km": 7.3,
        "estimated_radius_m": 7300,
        "felt": "",
        "tsunami_potential": "",
        "shakemap_url": "",
        "bmkg_note": "",
        "source": "Rekap bulanan",
        "source_row": 425
      }
    },
    {
      "type": "Feature",
      "id": "423",
      "geometry": {
        "type": "Point",
        "coordinates": [
          109.093,
          -8.2706
        ]
      },
      "properties": {
        "id": "423",
        "datetime": "2026-07-08T07:21:56",
        "date": "2026-07-08",
        "time": "07:21:56",
        "latitude": -8.2706,
        "longitude": 109.093,
        "depth_km": 38.0,
        "depth_class": "Dangkal",
        "magnitude": 3.2,
        "magnitude_class": "3to5",
        "location": "Java, Indonesia",
        "estimated_radius_km": 14.7,
        "estimated_radius_m": 14700,
        "felt": "",
        "tsunami_potential": "",
        "shakemap_url": "",
        "bmkg_note": "",
        "source": "Rekap bulanan",
        "source_row": 424
      }
    },
    {
      "type": "Feature",
      "id": "422",
      "geometry": {
        "type": "Point",
        "coordinates": [
          111.5123,
          -8.2912
        ]
      },
      "properties": {
        "id": "422",
        "datetime": "2026-07-08T12:45:26",
        "date": "2026-07-08",
        "time": "12:45:26",
        "latitude": -8.2912,
        "longitude": 111.5123,
        "depth_km": 6.0,
        "depth_class": "Dangkal",
        "magnitude": 2.4,
        "magnitude_class": "lt3",
        "location": "Java, Indonesia",
        "estimated_radius_km": 8.2,
        "estimated_radius_m": 8200,
        "felt": "",
        "tsunami_potential": "",
        "shakemap_url": "",
        "bmkg_note": "",
        "source": "Rekap bulanan",
        "source_row": 423
      }
    },
    {
      "type": "Feature",
      "id": "421",
      "geometry": {
        "type": "Point",
        "coordinates": [
          111.2578,
          -9.0035
        ]
      },
      "properties": {
        "id": "421",
        "datetime": "2026-07-08T14:16:07",
        "date": "2026-07-08",
        "time": "14:16:07",
        "latitude": -9.0035,
        "longitude": 111.2578,
        "depth_km": 19.0,
        "depth_class": "Dangkal",
        "magnitude": 2.7,
        "magnitude_class": "lt3",
        "location": "South of Java, Indonesia",
        "estimated_radius_km": 8.7,
        "estimated_radius_m": 8700,
        "felt": "",
        "tsunami_potential": "",
        "shakemap_url": "",
        "bmkg_note": "",
        "source": "Rekap bulanan",
        "source_row": 422
      }
    },
    {
      "type": "Feature",
      "id": "420",
      "geometry": {
        "type": "Point",
        "coordinates": [
          110.8415,
          -8.5919
        ]
      },
      "properties": {
        "id": "420",
        "datetime": "2026-07-08T14:58:30",
        "date": "2026-07-08",
        "time": "14:58:30",
        "latitude": -8.5919,
        "longitude": 110.8415,
        "depth_km": 37.0,
        "depth_class": "Dangkal",
        "magnitude": 2.6,
        "magnitude_class": "lt3",
        "location": "Java, Indonesia",
        "estimated_radius_km": 8.2,
        "estimated_radius_m": 8200,
        "felt": "",
        "tsunami_potential": "",
        "shakemap_url": "",
        "bmkg_note": "",
        "source": "Rekap bulanan",
        "source_row": 421
      }
    },
    {
      "type": "Feature",
      "id": "419",
      "geometry": {
        "type": "Point",
        "coordinates": [
          110.8068,
          -8.6596
        ]
      },
      "properties": {
        "id": "419",
        "datetime": "2026-07-08T15:01:48",
        "date": "2026-07-08",
        "time": "15:01:48",
        "latitude": -8.6596,
        "longitude": 110.8068,
        "depth_km": 39.0,
        "depth_class": "Dangkal",
        "magnitude": 2.5,
        "magnitude_class": "lt3",
        "location": "Java, Indonesia",
        "estimated_radius_km": 8.0,
        "estimated_radius_m": 8000,
        "felt": "",
        "tsunami_potential": "",
        "shakemap_url": "",
        "bmkg_note": "",
        "source": "Rekap bulanan",
        "source_row": 420
      }
    },
    {
      "type": "Feature",
      "id": "418",
      "geometry": {
        "type": "Point",
        "coordinates": [
          110.1985,
          -7.833
        ]
      },
      "properties": {
        "id": "418",
        "datetime": "2026-07-08T17:31:14",
        "date": "2026-07-08",
        "time": "17:31:14",
        "latitude": -7.833,
        "longitude": 110.1985,
        "depth_km": 124.0,
        "depth_class": "Menengah",
        "magnitude": 1.7,
        "magnitude_class": "lt3",
        "location": "Java, Indonesia",
        "estimated_radius_km": 5.5,
        "estimated_radius_m": 5500,
        "felt": "",
        "tsunami_potential": "",
        "shakemap_url": "",
        "bmkg_note": "",
        "source": "Rekap bulanan",
        "source_row": 419
      }
    },
    {
      "type": "Feature",
      "id": "417",
      "geometry": {
        "type": "Point",
        "coordinates": [
          111.5489,
          -8.5964
        ]
      },
      "properties": {
        "id": "417",
        "datetime": "2026-07-08T19:51:44",
        "date": "2026-07-08",
        "time": "19:51:44",
        "latitude": -8.5964,
        "longitude": 111.5489,
        "depth_km": 7.0,
        "depth_class": "Dangkal",
        "magnitude": 2.6,
        "magnitude_class": "lt3",
        "location": "Java, Indonesia",
        "estimated_radius_km": 8.6,
        "estimated_radius_m": 8600,
        "felt": "",
        "tsunami_potential": "",
        "shakemap_url": "",
        "bmkg_note": "",
        "source": "Rekap bulanan",
        "source_row": 418
      }
    },
    {
      "type": "Feature",
      "id": "416",
      "geometry": {
        "type": "Point",
        "coordinates": [
          112.8027,
          -9.1825
        ]
      },
      "properties": {
        "id": "416",
        "datetime": "2026-07-08T21:09:05",
        "date": "2026-07-08",
        "time": "21:09:05",
        "latitude": -9.1825,
        "longitude": 112.8027,
        "depth_km": 9.0,
        "depth_class": "Dangkal",
        "magnitude": 2.7,
        "magnitude_class": "lt3",
        "location": "South of Java, Indonesia",
        "estimated_radius_km": 8.8,
        "estimated_radius_m": 8800,
        "felt": "",
        "tsunami_potential": "",
        "shakemap_url": "",
        "bmkg_note": "",
        "source": "Rekap bulanan",
        "source_row": 417
      }
    },
    {
      "type": "Feature",
      "id": "415",
      "geometry": {
        "type": "Point",
        "coordinates": [
          113.0723,
          -9.133
        ]
      },
      "properties": {
        "id": "415",
        "datetime": "2026-07-08T23:04:20",
        "date": "2026-07-08",
        "time": "23:04:20",
        "latitude": -9.133,
        "longitude": 113.0723,
        "depth_km": 21.0,
        "depth_class": "Dangkal",
        "magnitude": 2.9,
        "magnitude_class": "lt3",
        "location": "South of Java, Indonesia",
        "estimated_radius_km": 9.1,
        "estimated_radius_m": 9100,
        "felt": "",
        "tsunami_potential": "",
        "shakemap_url": "",
        "bmkg_note": "",
        "source": "Rekap bulanan",
        "source_row": 416
      }
    },
    {
      "type": "Feature",
      "id": "414",
      "geometry": {
        "type": "Point",
        "coordinates": [
          111.1604,
          -7.9165
        ]
      },
      "properties": {
        "id": "414",
        "datetime": "2026-07-09T04:21:57",
        "date": "2026-07-09",
        "time": "04:21:57",
        "latitude": -7.9165,
        "longitude": 111.1604,
        "depth_km": 8.0,
        "depth_class": "Dangkal",
        "magnitude": 1.8,
        "magnitude_class": "lt3",
        "location": "Java, Indonesia",
        "estimated_radius_km": 6.9,
        "estimated_radius_m": 6900,
        "felt": "",
        "tsunami_potential": "",
        "shakemap_url": "",
        "bmkg_note": "",
        "source": "Rekap bulanan",
        "source_row": 415
      }
    },
    {
      "type": "Feature",
      "id": "413",
      "geometry": {
        "type": "Point",
        "coordinates": [
          110.2867,
          -9.0648
        ]
      },
      "properties": {
        "id": "413",
        "datetime": "2026-07-09T05:30:29",
        "date": "2026-07-09",
        "time": "05:30:29",
        "latitude": -9.0648,
        "longitude": 110.2867,
        "depth_km": 20.0,
        "depth_class": "Dangkal",
        "magnitude": 2.8,
        "magnitude_class": "lt3",
        "location": "South of Java, Indonesia",
        "estimated_radius_km": 8.9,
        "estimated_radius_m": 8900,
        "felt": "",
        "tsunami_potential": "",
        "shakemap_url": "",
        "bmkg_note": "",
        "source": "Rekap bulanan",
        "source_row": 414
      }
    },
    {
      "type": "Feature",
      "id": "412",
      "geometry": {
        "type": "Point",
        "coordinates": [
          112.5706,
          -8.8371
        ]
      },
      "properties": {
        "id": "412",
        "datetime": "2026-07-09T06:45:23",
        "date": "2026-07-09",
        "time": "06:45:23",
        "latitude": -8.8371,
        "longitude": 112.5706,
        "depth_km": 41.0,
        "depth_class": "Dangkal",
        "magnitude": 2.8,
        "magnitude_class": "lt3",
        "location": "Java, Indonesia",
        "estimated_radius_km": 8.6,
        "estimated_radius_m": 8600,
        "felt": "",
        "tsunami_potential": "",
        "shakemap_url": "",
        "bmkg_note": "",
        "source": "Rekap bulanan",
        "source_row": 413
      }
    },
    {
      "type": "Feature",
      "id": "411",
      "geometry": {
        "type": "Point",
        "coordinates": [
          110.5844,
          -8.7866
        ]
      },
      "properties": {
        "id": "411",
        "datetime": "2026-07-09T06:54:55",
        "date": "2026-07-09",
        "time": "06:54:55",
        "latitude": -8.7866,
        "longitude": 110.5844,
        "depth_km": 68.0,
        "depth_class": "Menengah",
        "magnitude": 2.6,
        "magnitude_class": "lt3",
        "location": "Java, Indonesia",
        "estimated_radius_km": 7.8,
        "estimated_radius_m": 7800,
        "felt": "",
        "tsunami_potential": "",
        "shakemap_url": "",
        "bmkg_note": "",
        "source": "Rekap bulanan",
        "source_row": 412
      }
    },
    {
      "type": "Feature",
      "id": "410",
      "geometry": {
        "type": "Point",
        "coordinates": [
          110.3971,
          -9.1308
        ]
      },
      "properties": {
        "id": "410",
        "datetime": "2026-07-09T09:03:31",
        "date": "2026-07-09",
        "time": "09:03:31",
        "latitude": -9.1308,
        "longitude": 110.3971,
        "depth_km": 9.0,
        "depth_class": "Dangkal",
        "magnitude": 3.2,
        "magnitude_class": "3to5",
        "location": "South of Java, Indonesia",
        "estimated_radius_km": 15.4,
        "estimated_radius_m": 15400,
        "felt": "",
        "tsunami_potential": "",
        "shakemap_url": "",
        "bmkg_note": "",
        "source": "Rekap bulanan",
        "source_row": 411
      }
    },
    {
      "type": "Feature",
      "id": "409",
      "geometry": {
        "type": "Point",
        "coordinates": [
          110.529,
          -8.9615
        ]
      },
      "properties": {
        "id": "409",
        "datetime": "2026-07-09T13:54:29",
        "date": "2026-07-09",
        "time": "13:54:29",
        "latitude": -8.9615,
        "longitude": 110.529,
        "depth_km": 30.0,
        "depth_class": "Dangkal",
        "magnitude": 2.7,
        "magnitude_class": "lt3",
        "location": "Java, Indonesia",
        "estimated_radius_km": 8.5,
        "estimated_radius_m": 8500,
        "felt": "",
        "tsunami_potential": "",
        "shakemap_url": "",
        "bmkg_note": "",
        "source": "Rekap bulanan",
        "source_row": 410
      }
    },
    {
      "type": "Feature",
      "id": "408",
      "geometry": {
        "type": "Point",
        "coordinates": [
          110.5176,
          -7.8591
        ]
      },
      "properties": {
        "id": "408",
        "datetime": "2026-07-09T16:41:05",
        "date": "2026-07-09",
        "time": "16:41:05",
        "latitude": -7.8591,
        "longitude": 110.5176,
        "depth_km": 17.0,
        "depth_class": "Dangkal",
        "magnitude": 1.3,
        "magnitude_class": "lt3",
        "location": "Java, Indonesia",
        "estimated_radius_km": 5.7,
        "estimated_radius_m": 5700,
        "felt": "",
        "tsunami_potential": "",
        "shakemap_url": "",
        "bmkg_note": "",
        "source": "Rekap bulanan",
        "source_row": 409
      }
    },
    {
      "type": "Feature",
      "id": "407",
      "geometry": {
        "type": "Point",
        "coordinates": [
          125.776,
          11.3762
        ]
      },
      "properties": {
        "id": "407",
        "datetime": "2026-07-09T16:46:35",
        "date": "2026-07-09",
        "time": "16:46:35",
        "latitude": 11.3762,
        "longitude": 125.776,
        "depth_km": 10.0,
        "depth_class": "Dangkal",
        "magnitude": 5.4,
        "magnitude_class": "gte5",
        "location": "Samar, Philippines",
        "estimated_radius_km": 65.8,
        "estimated_radius_m": 65800,
        "felt": "",
        "tsunami_potential": "",
        "shakemap_url": "",
        "bmkg_note": "",
        "source": "Rekap bulanan",
        "source_row": 408
      }
    },
    {
      "type": "Feature",
      "id": "406",
      "geometry": {
        "type": "Point",
        "coordinates": [
          110.5345,
          -9.2924
        ]
      },
      "properties": {
        "id": "406",
        "datetime": "2026-07-09T17:08:30",
        "date": "2026-07-09",
        "time": "17:08:30",
        "latitude": -9.2924,
        "longitude": 110.5345,
        "depth_km": 48.0,
        "depth_class": "Dangkal",
        "magnitude": 3.0,
        "magnitude_class": "3to5",
        "location": "South of Java, Indonesia",
        "estimated_radius_km": 11.1,
        "estimated_radius_m": 11100,
        "felt": "",
        "tsunami_potential": "",
        "shakemap_url": "",
        "bmkg_note": "",
        "source": "Rekap bulanan",
        "source_row": 407
      }
    },
    {
      "type": "Feature",
      "id": "405",
      "geometry": {
        "type": "Point",
        "coordinates": [
          112.1226,
          -8.2613
        ]
      },
      "properties": {
        "id": "405",
        "datetime": "2026-07-09T18:39:48",
        "date": "2026-07-09",
        "time": "18:39:48",
        "latitude": -8.2613,
        "longitude": 112.1226,
        "depth_km": 114.0,
        "depth_class": "Menengah",
        "magnitude": 2.5,
        "magnitude_class": "lt3",
        "location": "Java, Indonesia",
        "estimated_radius_km": 7.0,
        "estimated_radius_m": 7000,
        "felt": "",
        "tsunami_potential": "",
        "shakemap_url": "",
        "bmkg_note": "",
        "source": "Rekap bulanan",
        "source_row": 406
      }
    },
    {
      "type": "Feature",
      "id": "404",
      "geometry": {
        "type": "Point",
        "coordinates": [
          111.2806,
          -8.8266
        ]
      },
      "properties": {
        "id": "404",
        "datetime": "2026-07-09T21:24:12",
        "date": "2026-07-09",
        "time": "21:24:12",
        "latitude": -8.8266,
        "longitude": 111.2806,
        "depth_km": 82.0,
        "depth_class": "Menengah",
        "magnitude": 2.6,
        "magnitude_class": "lt3",
        "location": "Java, Indonesia",
        "estimated_radius_km": 7.6,
        "estimated_radius_m": 7600,
        "felt": "",
        "tsunami_potential": "",
        "shakemap_url": "",
        "bmkg_note": "",
        "source": "Rekap bulanan",
        "source_row": 405
      }
    },
    {
      "type": "Feature",
      "id": "403",
      "geometry": {
        "type": "Point",
        "coordinates": [
          109.5495,
          -9.1656
        ]
      },
      "properties": {
        "id": "403",
        "datetime": "2026-07-09T22:03:42",
        "date": "2026-07-09",
        "time": "22:03:42",
        "latitude": -9.1656,
        "longitude": 109.5495,
        "depth_km": 50.0,
        "depth_class": "Dangkal",
        "magnitude": 3.0,
        "magnitude_class": "3to5",
        "location": "South of Java, Indonesia",
        "estimated_radius_km": 11.1,
        "estimated_radius_m": 11100,
        "felt": "",
        "tsunami_potential": "",
        "shakemap_url": "",
        "bmkg_note": "",
        "source": "Rekap bulanan",
        "source_row": 404
      }
    },
    {
      "type": "Feature",
      "id": "402",
      "geometry": {
        "type": "Point",
        "coordinates": [
          110.9033,
          -8.7372
        ]
      },
      "properties": {
        "id": "402",
        "datetime": "2026-07-09T23:13:44",
        "date": "2026-07-09",
        "time": "23:13:44",
        "latitude": -8.7372,
        "longitude": 110.9033,
        "depth_km": 28.0,
        "depth_class": "Dangkal",
        "magnitude": 2.6,
        "magnitude_class": "lt3",
        "location": "Java, Indonesia",
        "estimated_radius_km": 8.3,
        "estimated_radius_m": 8300,
        "felt": "",
        "tsunami_potential": "",
        "shakemap_url": "",
        "bmkg_note": "",
        "source": "Rekap bulanan",
        "source_row": 403
      }
    },
    {
      "type": "Feature",
      "id": "401",
      "geometry": {
        "type": "Point",
        "coordinates": [
          111.5234,
          -8.8317
        ]
      },
      "properties": {
        "id": "401",
        "datetime": "2026-07-10T00:06:09",
        "date": "2026-07-10",
        "time": "00:06:09",
        "latitude": -8.8317,
        "longitude": 111.5234,
        "depth_km": 23.0,
        "depth_class": "Dangkal",
        "magnitude": 2.7,
        "magnitude_class": "lt3",
        "location": "Java, Indonesia",
        "estimated_radius_km": 8.6,
        "estimated_radius_m": 8600,
        "felt": "",
        "tsunami_potential": "",
        "shakemap_url": "",
        "bmkg_note": "",
        "source": "Rekap bulanan",
        "source_row": 402
      }
    },
    {
      "type": "Feature",
      "id": "400",
      "geometry": {
        "type": "Point",
        "coordinates": [
          110.4102,
          -8.9984
        ]
      },
      "properties": {
        "id": "400",
        "datetime": "2026-07-10T05:54:39",
        "date": "2026-07-10",
        "time": "05:54:39",
        "latitude": -8.9984,
        "longitude": 110.4102,
        "depth_km": 8.0,
        "depth_class": "Dangkal",
        "magnitude": 2.7,
        "magnitude_class": "lt3",
        "location": "Java, Indonesia",
        "estimated_radius_km": 8.8,
        "estimated_radius_m": 8800,
        "felt": "",
        "tsunami_potential": "",
        "shakemap_url": "",
        "bmkg_note": "",
        "source": "Rekap bulanan",
        "source_row": 401
      }
    },
    {
      "type": "Feature",
      "id": "399",
      "geometry": {
        "type": "Point",
        "coordinates": [
          110.475,
          -7.8905
        ]
      },
      "properties": {
        "id": "399",
        "datetime": "2026-07-10T07:57:27",
        "date": "2026-07-10",
        "time": "07:57:27",
        "latitude": -7.8905,
        "longitude": 110.475,
        "depth_km": 17.0,
        "depth_class": "Dangkal",
        "magnitude": 1.6,
        "magnitude_class": "lt3",
        "location": "Java, Indonesia",
        "estimated_radius_km": 6.3,
        "estimated_radius_m": 6300,
        "felt": "",
        "tsunami_potential": "",
        "shakemap_url": "",
        "bmkg_note": "",
        "source": "Rekap bulanan",
        "source_row": 400
      }
    },
    {
      "type": "Feature",
      "id": "398",
      "geometry": {
        "type": "Point",
        "coordinates": [
          109.0332,
          -8.5833
        ]
      },
      "properties": {
        "id": "398",
        "datetime": "2026-07-10T09:58:17",
        "date": "2026-07-10",
        "time": "09:58:17",
        "latitude": -8.5833,
        "longitude": 109.0332,
        "depth_km": 6.0,
        "depth_class": "Dangkal",
        "magnitude": 3.3,
        "magnitude_class": "3to5",
        "location": "Java, Indonesia",
        "estimated_radius_km": 17.2,
        "estimated_radius_m": 17200,
        "felt": "",
        "tsunami_potential": "",
        "shakemap_url": "",
        "bmkg_note": "",
        "source": "Rekap bulanan",
        "source_row": 399
      }
    },
    {
      "type": "Feature",
      "id": "397",
      "geometry": {
        "type": "Point",
        "coordinates": [
          111.2772,
          -8.6962
        ]
      },
      "properties": {
        "id": "397",
        "datetime": "2026-07-10T10:42:16",
        "date": "2026-07-10",
        "time": "10:42:16",
        "latitude": -8.6962,
        "longitude": 111.2772,
        "depth_km": 70.0,
        "depth_class": "Menengah",
        "magnitude": 3.0,
        "magnitude_class": "3to5",
        "location": "Java, Indonesia",
        "estimated_radius_km": 10.7,
        "estimated_radius_m": 10700,
        "felt": "",
        "tsunami_potential": "",
        "shakemap_url": "",
        "bmkg_note": "",
        "source": "Rekap bulanan",
        "source_row": 398
      }
    },
    {
      "type": "Feature",
      "id": "396",
      "geometry": {
        "type": "Point",
        "coordinates": [
          110.7034,
          -9.0384
        ]
      },
      "properties": {
        "id": "396",
        "datetime": "2026-07-10T11:37:42",
        "date": "2026-07-10",
        "time": "11:37:42",
        "latitude": -9.0384,
        "longitude": 110.7034,
        "depth_km": 10.0,
        "depth_class": "Dangkal",
        "magnitude": 2.8,
        "magnitude_class": "lt3",
        "location": "South of Java, Indonesia",
        "estimated_radius_km": 9.0,
        "estimated_radius_m": 9000,
        "felt": "",
        "tsunami_potential": "",
        "shakemap_url": "",
        "bmkg_note": "",
        "source": "Rekap bulanan",
        "source_row": 397
      }
    },
    {
      "type": "Feature",
      "id": "395",
      "geometry": {
        "type": "Point",
        "coordinates": [
          110.4781,
          -7.9261
        ]
      },
      "properties": {
        "id": "395",
        "datetime": "2026-07-10T12:11:50",
        "date": "2026-07-10",
        "time": "12:11:50",
        "latitude": -7.9261,
        "longitude": 110.4781,
        "depth_km": 13.0,
        "depth_class": "Dangkal",
        "magnitude": 1.4,
        "magnitude_class": "lt3",
        "location": "Java, Indonesia",
        "estimated_radius_km": 6.0,
        "estimated_radius_m": 6000,
        "felt": "",
        "tsunami_potential": "",
        "shakemap_url": "",
        "bmkg_note": "",
        "source": "Rekap bulanan",
        "source_row": 396
      }
    },
    {
      "type": "Feature",
      "id": "394",
      "geometry": {
        "type": "Point",
        "coordinates": [
          110.4632,
          -9.1473
        ]
      },
      "properties": {
        "id": "394",
        "datetime": "2026-07-10T12:21:05",
        "date": "2026-07-10",
        "time": "12:21:05",
        "latitude": -9.1473,
        "longitude": 110.4632,
        "depth_km": 20.0,
        "depth_class": "Dangkal",
        "magnitude": 2.9,
        "magnitude_class": "lt3",
        "location": "South of Java, Indonesia",
        "estimated_radius_km": 9.1,
        "estimated_radius_m": 9100,
        "felt": "",
        "tsunami_potential": "",
        "shakemap_url": "",
        "bmkg_note": "",
        "source": "Rekap bulanan",
        "source_row": 395
      }
    },
    {
      "type": "Feature",
      "id": "393",
      "geometry": {
        "type": "Point",
        "coordinates": [
          109.1227,
          -8.4791
        ]
      },
      "properties": {
        "id": "393",
        "datetime": "2026-07-10T13:55:50",
        "date": "2026-07-10",
        "time": "13:55:50",
        "latitude": -8.4791,
        "longitude": 109.1227,
        "depth_km": 68.0,
        "depth_class": "Menengah",
        "magnitude": 2.7,
        "magnitude_class": "lt3",
        "location": "Java, Indonesia",
        "estimated_radius_km": 8.0,
        "estimated_radius_m": 8000,
        "felt": "",
        "tsunami_potential": "",
        "shakemap_url": "",
        "bmkg_note": "",
        "source": "Rekap bulanan",
        "source_row": 394
      }
    },
    {
      "type": "Feature",
      "id": "392",
      "geometry": {
        "type": "Point",
        "coordinates": [
          110.5077,
          -8.0638
        ]
      },
      "properties": {
        "id": "392",
        "datetime": "2026-07-10T15:34:36",
        "date": "2026-07-10",
        "time": "15:34:36",
        "latitude": -8.0638,
        "longitude": 110.5077,
        "depth_km": 5.0,
        "depth_class": "Dangkal",
        "magnitude": 1.3,
        "magnitude_class": "lt3",
        "location": "Java, Indonesia",
        "estimated_radius_km": 5.8,
        "estimated_radius_m": 5800,
        "felt": "",
        "tsunami_potential": "",
        "shakemap_url": "",
        "bmkg_note": "",
        "source": "Rekap bulanan",
        "source_row": 393
      }
    },
    {
      "type": "Feature",
      "id": "391",
      "geometry": {
        "type": "Point",
        "coordinates": [
          110.2182,
          -7.816
        ]
      },
      "properties": {
        "id": "391",
        "datetime": "2026-07-10T15:37:00",
        "date": "2026-07-10",
        "time": "15:37:00",
        "latitude": -7.816,
        "longitude": 110.2182,
        "depth_km": 8.0,
        "depth_class": "Dangkal",
        "magnitude": 1.5,
        "magnitude_class": "lt3",
        "location": "Java, Indonesia",
        "estimated_radius_km": 6.2,
        "estimated_radius_m": 6200,
        "felt": "",
        "tsunami_potential": "",
        "shakemap_url": "",
        "bmkg_note": "",
        "source": "Rekap bulanan",
        "source_row": 392
      }
    },
    {
      "type": "Feature",
      "id": "390",
      "geometry": {
        "type": "Point",
        "coordinates": [
          111.8015,
          -10.9957
        ]
      },
      "properties": {
        "id": "390",
        "datetime": "2026-07-10T16:21:31",
        "date": "2026-07-10",
        "time": "16:21:31",
        "latitude": -10.9957,
        "longitude": 111.8015,
        "depth_km": 55.0,
        "depth_class": "Dangkal",
        "magnitude": 3.7,
        "magnitude_class": "3to5",
        "location": "South of Java, Indonesia",
        "estimated_radius_km": 22.5,
        "estimated_radius_m": 22500,
        "felt": "",
        "tsunami_potential": "",
        "shakemap_url": "",
        "bmkg_note": "",
        "source": "Rekap bulanan",
        "source_row": 391
      }
    },
    {
      "type": "Feature",
      "id": "389",
      "geometry": {
        "type": "Point",
        "coordinates": [
          110.7396,
          -8.0181
        ]
      },
      "properties": {
        "id": "389",
        "datetime": "2026-07-10T17:03:26",
        "date": "2026-07-10",
        "time": "17:03:26",
        "latitude": -8.0181,
        "longitude": 110.7396,
        "depth_km": 116.0,
        "depth_class": "Menengah",
        "magnitude": 1.7,
        "magnitude_class": "lt3",
        "location": "Java, Indonesia",
        "estimated_radius_km": 5.5,
        "estimated_radius_m": 5500,
        "felt": "",
        "tsunami_potential": "",
        "shakemap_url": "",
        "bmkg_note": "",
        "source": "Rekap bulanan",
        "source_row": 390
      }
    },
    {
      "type": "Feature",
      "id": "388",
      "geometry": {
        "type": "Point",
        "coordinates": [
          115.4776,
          -9.1406
        ]
      },
      "properties": {
        "id": "388",
        "datetime": "2026-07-10T17:04:34",
        "date": "2026-07-10",
        "time": "17:04:34",
        "latitude": -9.1406,
        "longitude": 115.4776,
        "depth_km": 76.0,
        "depth_class": "Menengah",
        "magnitude": 2.5,
        "magnitude_class": "lt3",
        "location": "South of Bali, Indonesia",
        "estimated_radius_km": 7.5,
        "estimated_radius_m": 7500,
        "felt": "",
        "tsunami_potential": "",
        "shakemap_url": "",
        "bmkg_note": "",
        "source": "Rekap bulanan",
        "source_row": 389
      }
    },
    {
      "type": "Feature",
      "id": "387",
      "geometry": {
        "type": "Point",
        "coordinates": [
          112.5043,
          -8.857
        ]
      },
      "properties": {
        "id": "387",
        "datetime": "2026-07-10T17:22:33",
        "date": "2026-07-10",
        "time": "17:22:33",
        "latitude": -8.857,
        "longitude": 112.5043,
        "depth_km": 35.0,
        "depth_class": "Dangkal",
        "magnitude": 3.1,
        "magnitude_class": "3to5",
        "location": "Java, Indonesia",
        "estimated_radius_km": 13.1,
        "estimated_radius_m": 13100,
        "felt": "",
        "tsunami_potential": "",
        "shakemap_url": "",
        "bmkg_note": "",
        "source": "Rekap bulanan",
        "source_row": 388
      }
    },
    {
      "type": "Feature",
      "id": "386",
      "geometry": {
        "type": "Point",
        "coordinates": [
          111.1517,
          -8.8927
        ]
      },
      "properties": {
        "id": "386",
        "datetime": "2026-07-10T17:53:44",
        "date": "2026-07-10",
        "time": "17:53:44",
        "latitude": -8.8927,
        "longitude": 111.1517,
        "depth_km": 12.0,
        "depth_class": "Dangkal",
        "magnitude": 2.7,
        "magnitude_class": "lt3",
        "location": "Java, Indonesia",
        "estimated_radius_km": 8.8,
        "estimated_radius_m": 8800,
        "felt": "",
        "tsunami_potential": "",
        "shakemap_url": "",
        "bmkg_note": "",
        "source": "Rekap bulanan",
        "source_row": 387
      }
    },
    {
      "type": "Feature",
      "id": "385",
      "geometry": {
        "type": "Point",
        "coordinates": [
          111.2036,
          -8.7602
        ]
      },
      "properties": {
        "id": "385",
        "datetime": "2026-07-10T20:10:37",
        "date": "2026-07-10",
        "time": "20:10:37",
        "latitude": -8.7602,
        "longitude": 111.2036,
        "depth_km": 23.0,
        "depth_class": "Dangkal",
        "magnitude": 2.6,
        "magnitude_class": "lt3",
        "location": "Java, Indonesia",
        "estimated_radius_km": 8.4,
        "estimated_radius_m": 8400,
        "felt": "",
        "tsunami_potential": "",
        "shakemap_url": "",
        "bmkg_note": "",
        "source": "Rekap bulanan",
        "source_row": 386
      }
    },
    {
      "type": "Feature",
      "id": "384",
      "geometry": {
        "type": "Point",
        "coordinates": [
          112.6994,
          -8.176
        ]
      },
      "properties": {
        "id": "384",
        "datetime": "2026-07-10T20:12:23",
        "date": "2026-07-10",
        "time": "20:12:23",
        "latitude": -8.176,
        "longitude": 112.6994,
        "depth_km": 4.0,
        "depth_class": "Dangkal",
        "magnitude": 2.2,
        "magnitude_class": "lt3",
        "location": "Java, Indonesia",
        "estimated_radius_km": 7.8,
        "estimated_radius_m": 7800,
        "felt": "",
        "tsunami_potential": "",
        "shakemap_url": "",
        "bmkg_note": "",
        "source": "Rekap bulanan",
        "source_row": 385
      }
    },
    {
      "type": "Feature",
      "id": "383",
      "geometry": {
        "type": "Point",
        "coordinates": [
          110.5208,
          -7.8661
        ]
      },
      "properties": {
        "id": "383",
        "datetime": "2026-07-10T21:41:44",
        "date": "2026-07-10",
        "time": "21:41:44",
        "latitude": -7.8661,
        "longitude": 110.5208,
        "depth_km": 16.0,
        "depth_class": "Dangkal",
        "magnitude": 1.4,
        "magnitude_class": "lt3",
        "location": "Java, Indonesia",
        "estimated_radius_km": 5.9,
        "estimated_radius_m": 5900,
        "felt": "",
        "tsunami_potential": "",
        "shakemap_url": "",
        "bmkg_note": "",
        "source": "Rekap bulanan",
        "source_row": 384
      }
    },
    {
      "type": "Feature",
      "id": "382",
      "geometry": {
        "type": "Point",
        "coordinates": [
          110.6193,
          -8.8742
        ]
      },
      "properties": {
        "id": "382",
        "datetime": "2026-07-10T21:46:57",
        "date": "2026-07-10",
        "time": "21:46:57",
        "latitude": -8.8742,
        "longitude": 110.6193,
        "depth_km": 17.0,
        "depth_class": "Dangkal",
        "magnitude": 2.7,
        "magnitude_class": "lt3",
        "location": "Java, Indonesia",
        "estimated_radius_km": 8.7,
        "estimated_radius_m": 8700,
        "felt": "",
        "tsunami_potential": "",
        "shakemap_url": "",
        "bmkg_note": "",
        "source": "Rekap bulanan",
        "source_row": 383
      }
    },
    {
      "type": "Feature",
      "id": "381",
      "geometry": {
        "type": "Point",
        "coordinates": [
          112.7076,
          -8.3537
        ]
      },
      "properties": {
        "id": "381",
        "datetime": "2026-07-10T22:53:58",
        "date": "2026-07-10",
        "time": "22:53:58",
        "latitude": -8.3537,
        "longitude": 112.7076,
        "depth_km": 19.0,
        "depth_class": "Dangkal",
        "magnitude": 2.4,
        "magnitude_class": "lt3",
        "location": "Java, Indonesia",
        "estimated_radius_km": 8.0,
        "estimated_radius_m": 8000,
        "felt": "",
        "tsunami_potential": "",
        "shakemap_url": "",
        "bmkg_note": "",
        "source": "Rekap bulanan",
        "source_row": 382
      }
    },
    {
      "type": "Feature",
      "id": "380",
      "geometry": {
        "type": "Point",
        "coordinates": [
          110.8783,
          -8.5259
        ]
      },
      "properties": {
        "id": "380",
        "datetime": "2026-07-11T09:24:49",
        "date": "2026-07-11",
        "time": "09:24:49",
        "latitude": -8.5259,
        "longitude": 110.8783,
        "depth_km": 67.0,
        "depth_class": "Menengah",
        "magnitude": 2.5,
        "magnitude_class": "lt3",
        "location": "Java, Indonesia",
        "estimated_radius_km": 7.6,
        "estimated_radius_m": 7600,
        "felt": "",
        "tsunami_potential": "",
        "shakemap_url": "",
        "bmkg_note": "",
        "source": "Rekap bulanan",
        "source_row": 381
      }
    },
    {
      "type": "Feature",
      "id": "379",
      "geometry": {
        "type": "Point",
        "coordinates": [
          112.4483,
          -8.855
        ]
      },
      "properties": {
        "id": "379",
        "datetime": "2026-07-11T10:08:09",
        "date": "2026-07-11",
        "time": "10:08:09",
        "latitude": -8.855,
        "longitude": 112.4483,
        "depth_km": 36.0,
        "depth_class": "Dangkal",
        "magnitude": 2.8,
        "magnitude_class": "lt3",
        "location": "Java, Indonesia",
        "estimated_radius_km": 8.7,
        "estimated_radius_m": 8700,
        "felt": "",
        "tsunami_potential": "",
        "shakemap_url": "",
        "bmkg_note": "",
        "source": "Rekap bulanan",
        "source_row": 380
      }
    },
    {
      "type": "Feature",
      "id": "378",
      "geometry": {
        "type": "Point",
        "coordinates": [
          115.7188,
          -3.2281
        ]
      },
      "properties": {
        "id": "378",
        "datetime": "2026-07-11T10:54:02",
        "date": "2026-07-11",
        "time": "10:54:02",
        "latitude": -3.2281,
        "longitude": 115.7188,
        "depth_km": 232.0,
        "depth_class": "Menengah",
        "magnitude": 5.0,
        "magnitude_class": "gte5",
        "location": "Borneo",
        "estimated_radius_km": 32.2,
        "estimated_radius_m": 32200,
        "felt": "",
        "tsunami_potential": "",
        "shakemap_url": "",
        "bmkg_note": "",
        "source": "Rekap bulanan",
        "source_row": 379
      }
    },
    {
      "type": "Feature",
      "id": "377",
      "geometry": {
        "type": "Point",
        "coordinates": [
          110.335,
          -8.2905
        ]
      },
      "properties": {
        "id": "377",
        "datetime": "2026-07-11T11:29:47",
        "date": "2026-07-11",
        "time": "11:29:47",
        "latitude": -8.2905,
        "longitude": 110.335,
        "depth_km": 107.0,
        "depth_class": "Menengah",
        "magnitude": 2.1,
        "magnitude_class": "lt3",
        "location": "Java, Indonesia",
        "estimated_radius_km": 6.4,
        "estimated_radius_m": 6400,
        "felt": "",
        "tsunami_potential": "",
        "shakemap_url": "",
        "bmkg_note": "",
        "source": "Rekap bulanan",
        "source_row": 378
      }
    },
    {
      "type": "Feature",
      "id": "376",
      "geometry": {
        "type": "Point",
        "coordinates": [
          111.4052,
          -9.4523
        ]
      },
      "properties": {
        "id": "376",
        "datetime": "2026-07-11T13:26:25",
        "date": "2026-07-11",
        "time": "13:26:25",
        "latitude": -9.4523,
        "longitude": 111.4052,
        "depth_km": 10.0,
        "depth_class": "Dangkal",
        "magnitude": 3.0,
        "magnitude_class": "3to5",
        "location": "South of Java, Indonesia",
        "estimated_radius_km": 11.8,
        "estimated_radius_m": 11800,
        "felt": "",
        "tsunami_potential": "",
        "shakemap_url": "",
        "bmkg_note": "",
        "source": "Rekap bulanan",
        "source_row": 377
      }
    },
    {
      "type": "Feature",
      "id": "375",
      "geometry": {
        "type": "Point",
        "coordinates": [
          111.1603,
          -8.863
        ]
      },
      "properties": {
        "id": "375",
        "datetime": "2026-07-11T14:26:48",
        "date": "2026-07-11",
        "time": "14:26:48",
        "latitude": -8.863,
        "longitude": 111.1603,
        "depth_km": 23.0,
        "depth_class": "Dangkal",
        "magnitude": 2.5,
        "magnitude_class": "lt3",
        "location": "Java, Indonesia",
        "estimated_radius_km": 8.2,
        "estimated_radius_m": 8200,
        "felt": "",
        "tsunami_potential": "",
        "shakemap_url": "",
        "bmkg_note": "",
        "source": "Rekap bulanan",
        "source_row": 376
      }
    },
    {
      "type": "Feature",
      "id": "374",
      "geometry": {
        "type": "Point",
        "coordinates": [
          113.9504,
          -9.3073
        ]
      },
      "properties": {
        "id": "374",
        "datetime": "2026-07-11T14:58:50",
        "date": "2026-07-11",
        "time": "14:58:50",
        "latitude": -9.3073,
        "longitude": 113.9504,
        "depth_km": 23.0,
        "depth_class": "Dangkal",
        "magnitude": 2.9,
        "magnitude_class": "lt3",
        "location": "South of Java, Indonesia",
        "estimated_radius_km": 9.0,
        "estimated_radius_m": 9000,
        "felt": "",
        "tsunami_potential": "",
        "shakemap_url": "",
        "bmkg_note": "",
        "source": "Rekap bulanan",
        "source_row": 375
      }
    },
    {
      "type": "Feature",
      "id": "373",
      "geometry": {
        "type": "Point",
        "coordinates": [
          110.0299,
          -8.4298
        ]
      },
      "properties": {
        "id": "373",
        "datetime": "2026-07-11T15:05:19",
        "date": "2026-07-11",
        "time": "15:05:19",
        "latitude": -8.4298,
        "longitude": 110.0299,
        "depth_km": 95.0,
        "depth_class": "Menengah",
        "magnitude": 2.3,
        "magnitude_class": "lt3",
        "location": "Java, Indonesia",
        "estimated_radius_km": 6.9,
        "estimated_radius_m": 6900,
        "felt": "",
        "tsunami_potential": "",
        "shakemap_url": "",
        "bmkg_note": "",
        "source": "Rekap bulanan",
        "source_row": 374
      }
    },
    {
      "type": "Feature",
      "id": "372",
      "geometry": {
        "type": "Point",
        "coordinates": [
          109.7831,
          -8.9045
        ]
      },
      "properties": {
        "id": "372",
        "datetime": "2026-07-11T15:11:15",
        "date": "2026-07-11",
        "time": "15:11:15",
        "latitude": -8.9045,
        "longitude": 109.7831,
        "depth_km": 1.0,
        "depth_class": "Dangkal",
        "magnitude": 2.6,
        "magnitude_class": "lt3",
        "location": "Java, Indonesia",
        "estimated_radius_km": 8.7,
        "estimated_radius_m": 8700,
        "felt": "",
        "tsunami_potential": "",
        "shakemap_url": "",
        "bmkg_note": "",
        "source": "Rekap bulanan",
        "source_row": 373
      }
    },
    {
      "type": "Feature",
      "id": "371",
      "geometry": {
        "type": "Point",
        "coordinates": [
          109.8584,
          -7.6219
        ]
      },
      "properties": {
        "id": "371",
        "datetime": "2026-07-11T15:50:07",
        "date": "2026-07-11",
        "time": "15:50:07",
        "latitude": -7.6219,
        "longitude": 109.8584,
        "depth_km": 9.0,
        "depth_class": "Dangkal",
        "magnitude": 1.7,
        "magnitude_class": "lt3",
        "location": "Java, Indonesia",
        "estimated_radius_km": 6.6,
        "estimated_radius_m": 6600,
        "felt": "",
        "tsunami_potential": "",
        "shakemap_url": "",
        "bmkg_note": "",
        "source": "Rekap bulanan",
        "source_row": 372
      }
    },
    {
      "type": "Feature",
      "id": "370",
      "geometry": {
        "type": "Point",
        "coordinates": [
          114.4124,
          -9.052
        ]
      },
      "properties": {
        "id": "370",
        "datetime": "2026-07-11T17:18:03",
        "date": "2026-07-11",
        "time": "17:18:03",
        "latitude": -9.052,
        "longitude": 114.4124,
        "depth_km": 35.0,
        "depth_class": "Dangkal",
        "magnitude": 2.0,
        "magnitude_class": "lt3",
        "location": "South of Bali, Indonesia",
        "estimated_radius_km": 7.0,
        "estimated_radius_m": 7000,
        "felt": "",
        "tsunami_potential": "",
        "shakemap_url": "",
        "bmkg_note": "",
        "source": "Rekap bulanan",
        "source_row": 371
      }
    },
    {
      "type": "Feature",
      "id": "369",
      "geometry": {
        "type": "Point",
        "coordinates": [
          113.4673,
          -6.8484
        ]
      },
      "properties": {
        "id": "369",
        "datetime": "2026-07-11T17:53:13",
        "date": "2026-07-11",
        "time": "17:53:13",
        "latitude": -6.8484,
        "longitude": 113.4673,
        "depth_km": 154.0,
        "depth_class": "Menengah",
        "magnitude": 3.2,
        "magnitude_class": "3to5",
        "location": "Java, Indonesia",
        "estimated_radius_km": 11.9,
        "estimated_radius_m": 11900,
        "felt": "",
        "tsunami_potential": "",
        "shakemap_url": "",
        "bmkg_note": "",
        "source": "Rekap bulanan",
        "source_row": 370
      }
    },
    {
      "type": "Feature",
      "id": "368",
      "geometry": {
        "type": "Point",
        "coordinates": [
          109.9804,
          -8.5333
        ]
      },
      "properties": {
        "id": "368",
        "datetime": "2026-07-11T18:07:01",
        "date": "2026-07-11",
        "time": "18:07:01",
        "latitude": -8.5333,
        "longitude": 109.9804,
        "depth_km": 37.0,
        "depth_class": "Dangkal",
        "magnitude": 2.5,
        "magnitude_class": "lt3",
        "location": "Java, Indonesia",
        "estimated_radius_km": 8.0,
        "estimated_radius_m": 8000,
        "felt": "",
        "tsunami_potential": "",
        "shakemap_url": "",
        "bmkg_note": "",
        "source": "Rekap bulanan",
        "source_row": 369
      }
    },
    {
      "type": "Feature",
      "id": "367",
      "geometry": {
        "type": "Point",
        "coordinates": [
          111.0687,
          -8.6655
        ]
      },
      "properties": {
        "id": "367",
        "datetime": "2026-07-11T19:20:17",
        "date": "2026-07-11",
        "time": "19:20:17",
        "latitude": -8.6655,
        "longitude": 111.0687,
        "depth_km": 35.0,
        "depth_class": "Dangkal",
        "magnitude": 2.5,
        "magnitude_class": "lt3",
        "location": "Java, Indonesia",
        "estimated_radius_km": 8.0,
        "estimated_radius_m": 8000,
        "felt": "",
        "tsunami_potential": "",
        "shakemap_url": "",
        "bmkg_note": "",
        "source": "Rekap bulanan",
        "source_row": 368
      }
    },
    {
      "type": "Feature",
      "id": "366",
      "geometry": {
        "type": "Point",
        "coordinates": [
          113.043,
          -8.9992
        ]
      },
      "properties": {
        "id": "366",
        "datetime": "2026-07-11T20:25:53",
        "date": "2026-07-11",
        "time": "20:25:53",
        "latitude": -8.9992,
        "longitude": 113.043,
        "depth_km": 38.0,
        "depth_class": "Dangkal",
        "magnitude": 2.6,
        "magnitude_class": "lt3",
        "location": "Java, Indonesia",
        "estimated_radius_km": 8.2,
        "estimated_radius_m": 8200,
        "felt": "",
        "tsunami_potential": "",
        "shakemap_url": "",
        "bmkg_note": "",
        "source": "Rekap bulanan",
        "source_row": 367
      }
    },
    {
      "type": "Feature",
      "id": "365",
      "geometry": {
        "type": "Point",
        "coordinates": [
          111.8545,
          -8.8136
        ]
      },
      "properties": {
        "id": "365",
        "datetime": "2026-07-11T20:51:55",
        "date": "2026-07-11",
        "time": "20:51:55",
        "latitude": -8.8136,
        "longitude": 111.8545,
        "depth_km": 24.0,
        "depth_class": "Dangkal",
        "magnitude": 2.7,
        "magnitude_class": "lt3",
        "location": "Java, Indonesia",
        "estimated_radius_km": 8.6,
        "estimated_radius_m": 8600,
        "felt": "",
        "tsunami_potential": "",
        "shakemap_url": "",
        "bmkg_note": "",
        "source": "Rekap bulanan",
        "source_row": 366
      }
    },
    {
      "type": "Feature",
      "id": "364",
      "geometry": {
        "type": "Point",
        "coordinates": [
          113.5765,
          -9.0599
        ]
      },
      "properties": {
        "id": "364",
        "datetime": "2026-07-12T01:59:45",
        "date": "2026-07-12",
        "time": "01:59:45",
        "latitude": -9.0599,
        "longitude": 113.5765,
        "depth_km": 30.0,
        "depth_class": "Dangkal",
        "magnitude": 2.5,
        "magnitude_class": "lt3",
        "location": "South of Java, Indonesia",
        "estimated_radius_km": 8.1,
        "estimated_radius_m": 8100,
        "felt": "",
        "tsunami_potential": "",
        "shakemap_url": "",
        "bmkg_note": "",
        "source": "Rekap bulanan",
        "source_row": 365
      }
    },
    {
      "type": "Feature",
      "id": "363",
      "geometry": {
        "type": "Point",
        "coordinates": [
          111.3885,
          -9.1066
        ]
      },
      "properties": {
        "id": "363",
        "datetime": "2026-07-12T02:57:25",
        "date": "2026-07-12",
        "time": "02:57:25",
        "latitude": -9.1066,
        "longitude": 111.3885,
        "depth_km": 10.0,
        "depth_class": "Dangkal",
        "magnitude": 2.7,
        "magnitude_class": "lt3",
        "location": "South of Java, Indonesia",
        "estimated_radius_km": 8.8,
        "estimated_radius_m": 8800,
        "felt": "",
        "tsunami_potential": "",
        "shakemap_url": "",
        "bmkg_note": "",
        "source": "Rekap bulanan",
        "source_row": 364
      }
    },
    {
      "type": "Feature",
      "id": "362",
      "geometry": {
        "type": "Point",
        "coordinates": [
          110.2922,
          -9.1813
        ]
      },
      "properties": {
        "id": "362",
        "datetime": "2026-07-12T03:39:06",
        "date": "2026-07-12",
        "time": "03:39:06",
        "latitude": -9.1813,
        "longitude": 110.2922,
        "depth_km": 26.0,
        "depth_class": "Dangkal",
        "magnitude": 3.2,
        "magnitude_class": "3to5",
        "location": "South of Java, Indonesia",
        "estimated_radius_km": 15.0,
        "estimated_radius_m": 15000,
        "felt": "",
        "tsunami_potential": "",
        "shakemap_url": "",
        "bmkg_note": "",
        "source": "Rekap bulanan",
        "source_row": 363
      }
    },
    {
      "type": "Feature",
      "id": "361",
      "geometry": {
        "type": "Point",
        "coordinates": [
          112.2261,
          -8.7775
        ]
      },
      "properties": {
        "id": "361",
        "datetime": "2026-07-12T04:13:39",
        "date": "2026-07-12",
        "time": "04:13:39",
        "latitude": -8.7775,
        "longitude": 112.2261,
        "depth_km": 53.0,
        "depth_class": "Dangkal",
        "magnitude": 2.7,
        "magnitude_class": "lt3",
        "location": "Java, Indonesia",
        "estimated_radius_km": 8.2,
        "estimated_radius_m": 8200,
        "felt": "",
        "tsunami_potential": "",
        "shakemap_url": "",
        "bmkg_note": "",
        "source": "Rekap bulanan",
        "source_row": 362
      }
    },
    {
      "type": "Feature",
      "id": "360",
      "geometry": {
        "type": "Point",
        "coordinates": [
          113.3432,
          -8.9724
        ]
      },
      "properties": {
        "id": "360",
        "datetime": "2026-07-12T04:33:25",
        "date": "2026-07-12",
        "time": "04:33:25",
        "latitude": -8.9724,
        "longitude": 113.3432,
        "depth_km": 10.0,
        "depth_class": "Dangkal",
        "magnitude": 2.8,
        "magnitude_class": "lt3",
        "location": "Java, Indonesia",
        "estimated_radius_km": 9.0,
        "estimated_radius_m": 9000,
        "felt": "",
        "tsunami_potential": "",
        "shakemap_url": "",
        "bmkg_note": "",
        "source": "Rekap bulanan",
        "source_row": 361
      }
    },
    {
      "type": "Feature",
      "id": "359",
      "geometry": {
        "type": "Point",
        "coordinates": [
          110.8566,
          -8.7859
        ]
      },
      "properties": {
        "id": "359",
        "datetime": "2026-07-12T04:39:45",
        "date": "2026-07-12",
        "time": "04:39:45",
        "latitude": -8.7859,
        "longitude": 110.8566,
        "depth_km": 17.0,
        "depth_class": "Dangkal",
        "magnitude": 2.3,
        "magnitude_class": "lt3",
        "location": "Java, Indonesia",
        "estimated_radius_km": 7.8,
        "estimated_radius_m": 7800,
        "felt": "",
        "tsunami_potential": "",
        "shakemap_url": "",
        "bmkg_note": "",
        "source": "Rekap bulanan",
        "source_row": 360
      }
    },
    {
      "type": "Feature",
      "id": "358",
      "geometry": {
        "type": "Point",
        "coordinates": [
          110.2706,
          -10.4826
        ]
      },
      "properties": {
        "id": "358",
        "datetime": "2026-07-12T08:51:40",
        "date": "2026-07-12",
        "time": "08:51:40",
        "latitude": -10.4826,
        "longitude": 110.2706,
        "depth_km": 10.0,
        "depth_class": "Dangkal",
        "magnitude": 3.3,
        "magnitude_class": "3to5",
        "location": "South of Java, Indonesia",
        "estimated_radius_km": 17.1,
        "estimated_radius_m": 17100,
        "felt": "",
        "tsunami_potential": "",
        "shakemap_url": "",
        "bmkg_note": "",
        "source": "Rekap bulanan",
        "source_row": 359
      }
    },
    {
      "type": "Feature",
      "id": "357",
      "geometry": {
        "type": "Point",
        "coordinates": [
          110.3076,
          -8.7149
        ]
      },
      "properties": {
        "id": "357",
        "datetime": "2026-07-12T11:28:48",
        "date": "2026-07-12",
        "time": "11:28:48",
        "latitude": -8.7149,
        "longitude": 110.3076,
        "depth_km": 27.0,
        "depth_class": "Dangkal",
        "magnitude": 2.3,
        "magnitude_class": "lt3",
        "location": "Java, Indonesia",
        "estimated_radius_km": 7.7,
        "estimated_radius_m": 7700,
        "felt": "",
        "tsunami_potential": "",
        "shakemap_url": "",
        "bmkg_note": "",
        "source": "Rekap bulanan",
        "source_row": 358
      }
    },
    {
      "type": "Feature",
      "id": "356",
      "geometry": {
        "type": "Point",
        "coordinates": [
          111.2615,
          -8.8444
        ]
      },
      "properties": {
        "id": "356",
        "datetime": "2026-07-12T11:54:58",
        "date": "2026-07-12",
        "time": "11:54:58",
        "latitude": -8.8444,
        "longitude": 111.2615,
        "depth_km": 29.0,
        "depth_class": "Dangkal",
        "magnitude": 2.4,
        "magnitude_class": "lt3",
        "location": "Java, Indonesia",
        "estimated_radius_km": 7.9,
        "estimated_radius_m": 7900,
        "felt": "",
        "tsunami_potential": "",
        "shakemap_url": "",
        "bmkg_note": "",
        "source": "Rekap bulanan",
        "source_row": 357
      }
    },
    {
      "type": "Feature",
      "id": "355",
      "geometry": {
        "type": "Point",
        "coordinates": [
          114.7608,
          -8.153
        ]
      },
      "properties": {
        "id": "355",
        "datetime": "2026-07-12T12:49:16",
        "date": "2026-07-12",
        "time": "12:49:16",
        "latitude": -8.153,
        "longitude": 114.7608,
        "depth_km": 9.0,
        "depth_class": "Dangkal",
        "magnitude": 2.9,
        "magnitude_class": "lt3",
        "location": "Bali Region, Indonesia",
        "estimated_radius_km": 9.3,
        "estimated_radius_m": 9300,
        "felt": "",
        "tsunami_potential": "",
        "shakemap_url": "",
        "bmkg_note": "",
        "source": "Rekap bulanan",
        "source_row": 356
      }
    },
    {
      "type": "Feature",
      "id": "354",
      "geometry": {
        "type": "Point",
        "coordinates": [
          111.4775,
          -8.5454
        ]
      },
      "properties": {
        "id": "354",
        "datetime": "2026-07-12T12:52:04",
        "date": "2026-07-12",
        "time": "12:52:04",
        "latitude": -8.5454,
        "longitude": 111.4775,
        "depth_km": 60.0,
        "depth_class": "Menengah",
        "magnitude": 2.3,
        "magnitude_class": "lt3",
        "location": "Java, Indonesia",
        "estimated_radius_km": 7.3,
        "estimated_radius_m": 7300,
        "felt": "",
        "tsunami_potential": "",
        "shakemap_url": "",
        "bmkg_note": "",
        "source": "Rekap bulanan",
        "source_row": 355
      }
    },
    {
      "type": "Feature",
      "id": "353",
      "geometry": {
        "type": "Point",
        "coordinates": [
          110.9028,
          -8.7277
        ]
      },
      "properties": {
        "id": "353",
        "datetime": "2026-07-12T13:05:38",
        "date": "2026-07-12",
        "time": "13:05:38",
        "latitude": -8.7277,
        "longitude": 110.9028,
        "depth_km": 20.0,
        "depth_class": "Dangkal",
        "magnitude": 2.3,
        "magnitude_class": "lt3",
        "location": "Java, Indonesia",
        "estimated_radius_km": 7.8,
        "estimated_radius_m": 7800,
        "felt": "",
        "tsunami_potential": "",
        "shakemap_url": "",
        "bmkg_note": "",
        "source": "Rekap bulanan",
        "source_row": 354
      }
    },
    {
      "type": "Feature",
      "id": "352",
      "geometry": {
        "type": "Point",
        "coordinates": [
          117.7732,
          -8.5507
        ]
      },
      "properties": {
        "id": "352",
        "datetime": "2026-07-12T13:20:54",
        "date": "2026-07-12",
        "time": "13:20:54",
        "latitude": -8.5507,
        "longitude": 117.7732,
        "depth_km": 10.0,
        "depth_class": "Dangkal",
        "magnitude": 5.1,
        "magnitude_class": "gte5",
        "location": "Sumbawa Region, Indonesia",
        "estimated_radius_km": 53.4,
        "estimated_radius_m": 53400,
        "felt": "",
        "tsunami_potential": "",
        "shakemap_url": "",
        "bmkg_note": "",
        "source": "Rekap bulanan",
        "source_row": 353
      }
    },
    {
      "type": "Feature",
      "id": "351",
      "geometry": {
        "type": "Point",
        "coordinates": [
          111.8271,
          -9.2656
        ]
      },
      "properties": {
        "id": "351",
        "datetime": "2026-07-12T13:33:20",
        "date": "2026-07-12",
        "time": "13:33:20",
        "latitude": -9.2656,
        "longitude": 111.8271,
        "depth_km": 9.0,
        "depth_class": "Dangkal",
        "magnitude": 2.8,
        "magnitude_class": "lt3",
        "location": "South of Java, Indonesia",
        "estimated_radius_km": 9.0,
        "estimated_radius_m": 9000,
        "felt": "",
        "tsunami_potential": "",
        "shakemap_url": "",
        "bmkg_note": "",
        "source": "Rekap bulanan",
        "source_row": 352
      }
    },
    {
      "type": "Feature",
      "id": "350",
      "geometry": {
        "type": "Point",
        "coordinates": [
          119.3124,
          2.3932
        ]
      },
      "properties": {
        "id": "350",
        "datetime": "2026-07-12T13:46:52",
        "date": "2026-07-12",
        "time": "13:46:52",
        "latitude": 2.3932,
        "longitude": 119.3124,
        "depth_km": 10.0,
        "depth_class": "Dangkal",
        "magnitude": 5.4,
        "magnitude_class": "gte5",
        "location": "Celebes Sea",
        "estimated_radius_km": 65.8,
        "estimated_radius_m": 65800,
        "felt": "",
        "tsunami_potential": "",
        "shakemap_url": "",
        "bmkg_note": "",
        "source": "Rekap bulanan",
        "source_row": 351
      }
    },
    {
      "type": "Feature",
      "id": "349",
      "geometry": {
        "type": "Point",
        "coordinates": [
          113.1269,
          -9.113
        ]
      },
      "properties": {
        "id": "349",
        "datetime": "2026-07-12T15:44:43",
        "date": "2026-07-12",
        "time": "15:44:43",
        "latitude": -9.113,
        "longitude": 113.1269,
        "depth_km": 19.0,
        "depth_class": "Dangkal",
        "magnitude": 2.5,
        "magnitude_class": "lt3",
        "location": "South of Java, Indonesia",
        "estimated_radius_km": 8.3,
        "estimated_radius_m": 8300,
        "felt": "",
        "tsunami_potential": "",
        "shakemap_url": "",
        "bmkg_note": "",
        "source": "Rekap bulanan",
        "source_row": 350
      }
    },
    {
      "type": "Feature",
      "id": "348",
      "geometry": {
        "type": "Point",
        "coordinates": [
          109.1577,
          -8.1001
        ]
      },
      "properties": {
        "id": "348",
        "datetime": "2026-07-12T16:36:49",
        "date": "2026-07-12",
        "time": "16:36:49",
        "latitude": -8.1001,
        "longitude": 109.1577,
        "depth_km": 67.0,
        "depth_class": "Menengah",
        "magnitude": 2.4,
        "magnitude_class": "lt3",
        "location": "Java, Indonesia",
        "estimated_radius_km": 7.4,
        "estimated_radius_m": 7400,
        "felt": "",
        "tsunami_potential": "",
        "shakemap_url": "",
        "bmkg_note": "",
        "source": "Rekap bulanan",
        "source_row": 349
      }
    },
    {
      "type": "Feature",
      "id": "347",
      "geometry": {
        "type": "Point",
        "coordinates": [
          110.4876,
          -7.9492
        ]
      },
      "properties": {
        "id": "347",
        "datetime": "2026-07-12T16:40:11",
        "date": "2026-07-12",
        "time": "16:40:11",
        "latitude": -7.9492,
        "longitude": 110.4876,
        "depth_km": 97.0,
        "depth_class": "Menengah",
        "magnitude": 1.9,
        "magnitude_class": "lt3",
        "location": "Java, Indonesia",
        "estimated_radius_km": 6.1,
        "estimated_radius_m": 6100,
        "felt": "",
        "tsunami_potential": "",
        "shakemap_url": "",
        "bmkg_note": "",
        "source": "Rekap bulanan",
        "source_row": 348
      }
    },
    {
      "type": "Feature",
      "id": "346",
      "geometry": {
        "type": "Point",
        "coordinates": [
          111.9177,
          -9.2406
        ]
      },
      "properties": {
        "id": "346",
        "datetime": "2026-07-12T17:15:12",
        "date": "2026-07-12",
        "time": "17:15:12",
        "latitude": -9.2406,
        "longitude": 111.9177,
        "depth_km": 26.0,
        "depth_class": "Dangkal",
        "magnitude": 2.8,
        "magnitude_class": "lt3",
        "location": "South of Java, Indonesia",
        "estimated_radius_km": 8.8,
        "estimated_radius_m": 8800,
        "felt": "",
        "tsunami_potential": "",
        "shakemap_url": "",
        "bmkg_note": "",
        "source": "Rekap bulanan",
        "source_row": 347
      }
    },
    {
      "type": "Feature",
      "id": "345",
      "geometry": {
        "type": "Point",
        "coordinates": [
          111.249,
          -9.143
        ]
      },
      "properties": {
        "id": "345",
        "datetime": "2026-07-12T17:50:28",
        "date": "2026-07-12",
        "time": "17:50:28",
        "latitude": -9.143,
        "longitude": 111.249,
        "depth_km": 47.0,
        "depth_class": "Dangkal",
        "magnitude": 2.5,
        "magnitude_class": "lt3",
        "location": "South of Java, Indonesia",
        "estimated_radius_km": 7.9,
        "estimated_radius_m": 7900,
        "felt": "",
        "tsunami_potential": "",
        "shakemap_url": "",
        "bmkg_note": "",
        "source": "Rekap bulanan",
        "source_row": 346
      }
    },
    {
      "type": "Feature",
      "id": "344",
      "geometry": {
        "type": "Point",
        "coordinates": [
          112.0042,
          -9.2797
        ]
      },
      "properties": {
        "id": "344",
        "datetime": "2026-07-12T17:56:31",
        "date": "2026-07-12",
        "time": "17:56:31",
        "latitude": -9.2797,
        "longitude": 112.0042,
        "depth_km": 10.0,
        "depth_class": "Dangkal",
        "magnitude": 2.8,
        "magnitude_class": "lt3",
        "location": "South of Java, Indonesia",
        "estimated_radius_km": 9.0,
        "estimated_radius_m": 9000,
        "felt": "",
        "tsunami_potential": "",
        "shakemap_url": "",
        "bmkg_note": "",
        "source": "Rekap bulanan",
        "source_row": 345
      }
    },
    {
      "type": "Feature",
      "id": "343",
      "geometry": {
        "type": "Point",
        "coordinates": [
          109.0161,
          -9.0511
        ]
      },
      "properties": {
        "id": "343",
        "datetime": "2026-07-12T21:37:38",
        "date": "2026-07-12",
        "time": "21:37:38",
        "latitude": -9.0511,
        "longitude": 109.0161,
        "depth_km": 10.0,
        "depth_class": "Dangkal",
        "magnitude": 2.9,
        "magnitude_class": "lt3",
        "location": "South of Java, Indonesia",
        "estimated_radius_km": 9.2,
        "estimated_radius_m": 9200,
        "felt": "",
        "tsunami_potential": "",
        "shakemap_url": "",
        "bmkg_note": "",
        "source": "Rekap bulanan",
        "source_row": 344
      }
    },
    {
      "type": "Feature",
      "id": "342",
      "geometry": {
        "type": "Point",
        "coordinates": [
          110.2624,
          -8.8563
        ]
      },
      "properties": {
        "id": "342",
        "datetime": "2026-07-12T22:43:49",
        "date": "2026-07-12",
        "time": "22:43:49",
        "latitude": -8.8563,
        "longitude": 110.2624,
        "depth_km": 26.0,
        "depth_class": "Dangkal",
        "magnitude": 2.5,
        "magnitude_class": "lt3",
        "location": "Java, Indonesia",
        "estimated_radius_km": 8.2,
        "estimated_radius_m": 8200,
        "felt": "",
        "tsunami_potential": "",
        "shakemap_url": "",
        "bmkg_note": "",
        "source": "Rekap bulanan",
        "source_row": 343
      }
    },
    {
      "type": "Feature",
      "id": "341",
      "geometry": {
        "type": "Point",
        "coordinates": [
          112.4093,
          -8.949
        ]
      },
      "properties": {
        "id": "341",
        "datetime": "2026-07-13T00:31:37",
        "date": "2026-07-13",
        "time": "00:31:37",
        "latitude": -8.949,
        "longitude": 112.4093,
        "depth_km": 3.0,
        "depth_class": "Dangkal",
        "magnitude": 3.0,
        "magnitude_class": "3to5",
        "location": "Java, Indonesia",
        "estimated_radius_km": 11.9,
        "estimated_radius_m": 11900,
        "felt": "",
        "tsunami_potential": "",
        "shakemap_url": "",
        "bmkg_note": "",
        "source": "Rekap bulanan",
        "source_row": 342
      }
    },
    {
      "type": "Feature",
      "id": "340",
      "geometry": {
        "type": "Point",
        "coordinates": [
          110.5509,
          -8.6124
        ]
      },
      "properties": {
        "id": "340",
        "datetime": "2026-07-13T01:34:57",
        "date": "2026-07-13",
        "time": "01:34:57",
        "latitude": -8.6124,
        "longitude": 110.5509,
        "depth_km": 33.0,
        "depth_class": "Dangkal",
        "magnitude": 2.3,
        "magnitude_class": "lt3",
        "location": "Java, Indonesia",
        "estimated_radius_km": 7.7,
        "estimated_radius_m": 7700,
        "felt": "",
        "tsunami_potential": "",
        "shakemap_url": "",
        "bmkg_note": "",
        "source": "Rekap bulanan",
        "source_row": 341
      }
    },
    {
      "type": "Feature",
      "id": "339",
      "geometry": {
        "type": "Point",
        "coordinates": [
          109.0681,
          -8.3653
        ]
      },
      "properties": {
        "id": "339",
        "datetime": "2026-07-13T02:02:24",
        "date": "2026-07-13",
        "time": "02:02:24",
        "latitude": -8.3653,
        "longitude": 109.0681,
        "depth_km": 37.0,
        "depth_class": "Dangkal",
        "magnitude": 2.6,
        "magnitude_class": "lt3",
        "location": "Java, Indonesia",
        "estimated_radius_km": 8.2,
        "estimated_radius_m": 8200,
        "felt": "",
        "tsunami_potential": "",
        "shakemap_url": "",
        "bmkg_note": "",
        "source": "Rekap bulanan",
        "source_row": 340
      }
    },
    {
      "type": "Feature",
      "id": "338",
      "geometry": {
        "type": "Point",
        "coordinates": [
          111.8415,
          -7.2383
        ]
      },
      "properties": {
        "id": "338",
        "datetime": "2026-07-13T02:54:44",
        "date": "2026-07-13",
        "time": "02:54:44",
        "latitude": -7.2383,
        "longitude": 111.8415,
        "depth_km": 214.0,
        "depth_class": "Menengah",
        "magnitude": 3.5,
        "magnitude_class": "3to5",
        "location": "Java, Indonesia",
        "estimated_radius_km": 14.1,
        "estimated_radius_m": 14100,
        "felt": "",
        "tsunami_potential": "",
        "shakemap_url": "",
        "bmkg_note": "",
        "source": "Rekap bulanan",
        "source_row": 339
      }
    },
    {
      "type": "Feature",
      "id": "337",
      "geometry": {
        "type": "Point",
        "coordinates": [
          109.1741,
          -8.5885
        ]
      },
      "properties": {
        "id": "337",
        "datetime": "2026-07-13T05:43:27",
        "date": "2026-07-13",
        "time": "05:43:27",
        "latitude": -8.5885,
        "longitude": 109.1741,
        "depth_km": 30.0,
        "depth_class": "Dangkal",
        "magnitude": 2.9,
        "magnitude_class": "lt3",
        "location": "Java, Indonesia",
        "estimated_radius_km": 8.9,
        "estimated_radius_m": 8900,
        "felt": "",
        "tsunami_potential": "",
        "shakemap_url": "",
        "bmkg_note": "",
        "source": "Rekap bulanan",
        "source_row": 338
      }
    },
    {
      "type": "Feature",
      "id": "336",
      "geometry": {
        "type": "Point",
        "coordinates": [
          112.6779,
          -10.8275
        ]
      },
      "properties": {
        "id": "336",
        "datetime": "2026-07-13T08:56:41",
        "date": "2026-07-13",
        "time": "08:56:41",
        "latitude": -10.8275,
        "longitude": 112.6779,
        "depth_km": 10.0,
        "depth_class": "Dangkal",
        "magnitude": 3.9,
        "magnitude_class": "3to5",
        "location": "South of Java, Indonesia",
        "estimated_radius_km": 27.8,
        "estimated_radius_m": 27800,
        "felt": "",
        "tsunami_potential": "",
        "shakemap_url": "",
        "bmkg_note": "",
        "source": "Rekap bulanan",
        "source_row": 337
      }
    },
    {
      "type": "Feature",
      "id": "335",
      "geometry": {
        "type": "Point",
        "coordinates": [
          114.7631,
          -8.1675
        ]
      },
      "properties": {
        "id": "335",
        "datetime": "2026-07-13T09:45:07",
        "date": "2026-07-13",
        "time": "09:45:07",
        "latitude": -8.1675,
        "longitude": 114.7631,
        "depth_km": 10.0,
        "depth_class": "Dangkal",
        "magnitude": 3.3,
        "magnitude_class": "3to5",
        "location": "Bali Region, Indonesia",
        "estimated_radius_km": 17.1,
        "estimated_radius_m": 17100,
        "felt": "",
        "tsunami_potential": "",
        "shakemap_url": "",
        "bmkg_note": "",
        "source": "Rekap bulanan",
        "source_row": 336
      }
    },
    {
      "type": "Feature",
      "id": "334",
      "geometry": {
        "type": "Point",
        "coordinates": [
          114.7746,
          -8.1622
        ]
      },
      "properties": {
        "id": "334",
        "datetime": "2026-07-13T12:06:27",
        "date": "2026-07-13",
        "time": "12:06:27",
        "latitude": -8.1622,
        "longitude": 114.7746,
        "depth_km": 5.0,
        "depth_class": "Dangkal",
        "magnitude": 4.1,
        "magnitude_class": "3to5",
        "location": "Bali Region, Indonesia",
        "estimated_radius_km": 31.6,
        "estimated_radius_m": 31600,
        "felt": "",
        "tsunami_potential": "",
        "shakemap_url": "",
        "bmkg_note": "",
        "source": "Rekap bulanan",
        "source_row": 335
      }
    },
    {
      "type": "Feature",
      "id": "333",
      "geometry": {
        "type": "Point",
        "coordinates": [
          114.086,
          -9.2058
        ]
      },
      "properties": {
        "id": "333",
        "datetime": "2026-07-13T14:02:45",
        "date": "2026-07-13",
        "time": "14:02:45",
        "latitude": -9.2058,
        "longitude": 114.086,
        "depth_km": 24.0,
        "depth_class": "Dangkal",
        "magnitude": 2.8,
        "magnitude_class": "lt3",
        "location": "South of Bali, Indonesia",
        "estimated_radius_km": 8.8,
        "estimated_radius_m": 8800,
        "felt": "",
        "tsunami_potential": "",
        "shakemap_url": "",
        "bmkg_note": "",
        "source": "Rekap bulanan",
        "source_row": 334
      }
    },
    {
      "type": "Feature",
      "id": "332",
      "geometry": {
        "type": "Point",
        "coordinates": [
          112.227,
          -7.5244
        ]
      },
      "properties": {
        "id": "332",
        "datetime": "2026-07-13T14:55:23",
        "date": "2026-07-13",
        "time": "14:55:23",
        "latitude": -7.5244,
        "longitude": 112.227,
        "depth_km": 216.0,
        "depth_class": "Menengah",
        "magnitude": 3.2,
        "magnitude_class": "3to5",
        "location": "Java, Indonesia",
        "estimated_radius_km": 10.4,
        "estimated_radius_m": 10400,
        "felt": "",
        "tsunami_potential": "",
        "shakemap_url": "",
        "bmkg_note": "",
        "source": "Rekap bulanan",
        "source_row": 333
      }
    },
    {
      "type": "Feature",
      "id": "331",
      "geometry": {
        "type": "Point",
        "coordinates": [
          113.6431,
          -10.2133
        ]
      },
      "properties": {
        "id": "331",
        "datetime": "2026-07-13T15:19:17",
        "date": "2026-07-13",
        "time": "15:19:17",
        "latitude": -10.2133,
        "longitude": 113.6431,
        "depth_km": 10.0,
        "depth_class": "Dangkal",
        "magnitude": 3.8,
        "magnitude_class": "3to5",
        "location": "South of Java, Indonesia",
        "estimated_radius_km": 26.0,
        "estimated_radius_m": 26000,
        "felt": "",
        "tsunami_potential": "",
        "shakemap_url": "",
        "bmkg_note": "",
        "source": "Rekap bulanan",
        "source_row": 332
      }
    },
    {
      "type": "Feature",
      "id": "330",
      "geometry": {
        "type": "Point",
        "coordinates": [
          112.8361,
          -9.4751
        ]
      },
      "properties": {
        "id": "330",
        "datetime": "2026-07-13T16:06:52",
        "date": "2026-07-13",
        "time": "16:06:52",
        "latitude": -9.4751,
        "longitude": 112.8361,
        "depth_km": 2.0,
        "depth_class": "Dangkal",
        "magnitude": 2.9,
        "magnitude_class": "lt3",
        "location": "South of Java, Indonesia",
        "estimated_radius_km": 9.4,
        "estimated_radius_m": 9400,
        "felt": "",
        "tsunami_potential": "",
        "shakemap_url": "",
        "bmkg_note": "",
        "source": "Rekap bulanan",
        "source_row": 331
      }
    },
    {
      "type": "Feature",
      "id": "329",
      "geometry": {
        "type": "Point",
        "coordinates": [
          111.4687,
          -8.5795
        ]
      },
      "properties": {
        "id": "329",
        "datetime": "2026-07-13T19:25:39",
        "date": "2026-07-13",
        "time": "19:25:39",
        "latitude": -8.5795,
        "longitude": 111.4687,
        "depth_km": 28.0,
        "depth_class": "Dangkal",
        "magnitude": 2.5,
        "magnitude_class": "lt3",
        "location": "Java, Indonesia",
        "estimated_radius_km": 8.1,
        "estimated_radius_m": 8100,
        "felt": "",
        "tsunami_potential": "",
        "shakemap_url": "",
        "bmkg_note": "",
        "source": "Rekap bulanan",
        "source_row": 330
      }
    },
    {
      "type": "Feature",
      "id": "328",
      "geometry": {
        "type": "Point",
        "coordinates": [
          111.113,
          -8.888
        ]
      },
      "properties": {
        "id": "328",
        "datetime": "2026-07-13T20:13:06",
        "date": "2026-07-13",
        "time": "20:13:06",
        "latitude": -8.888,
        "longitude": 111.113,
        "depth_km": 70.0,
        "depth_class": "Menengah",
        "magnitude": 2.4,
        "magnitude_class": "lt3",
        "location": "Java, Indonesia",
        "estimated_radius_km": 7.4,
        "estimated_radius_m": 7400,
        "felt": "",
        "tsunami_potential": "",
        "shakemap_url": "",
        "bmkg_note": "",
        "source": "Rekap bulanan",
        "source_row": 329
      }
    },
    {
      "type": "Feature",
      "id": "327",
      "geometry": {
        "type": "Point",
        "coordinates": [
          110.2009,
          -9.1318
        ]
      },
      "properties": {
        "id": "327",
        "datetime": "2026-07-13T20:19:10",
        "date": "2026-07-13",
        "time": "20:19:10",
        "latitude": -9.1318,
        "longitude": 110.2009,
        "depth_km": 2.0,
        "depth_class": "Dangkal",
        "magnitude": 2.6,
        "magnitude_class": "lt3",
        "location": "South of Java, Indonesia",
        "estimated_radius_km": 8.7,
        "estimated_radius_m": 8700,
        "felt": "",
        "tsunami_potential": "",
        "shakemap_url": "",
        "bmkg_note": "",
        "source": "Rekap bulanan",
        "source_row": 328
      }
    },
    {
      "type": "Feature",
      "id": "326",
      "geometry": {
        "type": "Point",
        "coordinates": [
          111.8404,
          -9.1935
        ]
      },
      "properties": {
        "id": "326",
        "datetime": "2026-07-13T20:21:47",
        "date": "2026-07-13",
        "time": "20:21:47",
        "latitude": -9.1935,
        "longitude": 111.8404,
        "depth_km": 10.0,
        "depth_class": "Dangkal",
        "magnitude": 2.7,
        "magnitude_class": "lt3",
        "location": "South of Java, Indonesia",
        "estimated_radius_km": 8.8,
        "estimated_radius_m": 8800,
        "felt": "",
        "tsunami_potential": "",
        "shakemap_url": "",
        "bmkg_note": "",
        "source": "Rekap bulanan",
        "source_row": 327
      }
    },
    {
      "type": "Feature",
      "id": "325",
      "geometry": {
        "type": "Point",
        "coordinates": [
          113.0282,
          -10.8253
        ]
      },
      "properties": {
        "id": "325",
        "datetime": "2026-07-13T20:32:15",
        "date": "2026-07-13",
        "time": "20:32:15",
        "latitude": -10.8253,
        "longitude": 113.0282,
        "depth_km": 34.0,
        "depth_class": "Dangkal",
        "magnitude": 3.4,
        "magnitude_class": "3to5",
        "location": "South of Java, Indonesia",
        "estimated_radius_km": 18.2,
        "estimated_radius_m": 18200,
        "felt": "",
        "tsunami_potential": "",
        "shakemap_url": "",
        "bmkg_note": "",
        "source": "Rekap bulanan",
        "source_row": 326
      }
    },
    {
      "type": "Feature",
      "id": "324",
      "geometry": {
        "type": "Point",
        "coordinates": [
          109.4004,
          -8.3199
        ]
      },
      "properties": {
        "id": "324",
        "datetime": "2026-07-13T20:43:13",
        "date": "2026-07-13",
        "time": "20:43:13",
        "latitude": -8.3199,
        "longitude": 109.4004,
        "depth_km": 64.0,
        "depth_class": "Menengah",
        "magnitude": 2.6,
        "magnitude_class": "lt3",
        "location": "Java, Indonesia",
        "estimated_radius_km": 7.9,
        "estimated_radius_m": 7900,
        "felt": "",
        "tsunami_potential": "",
        "shakemap_url": "",
        "bmkg_note": "",
        "source": "Rekap bulanan",
        "source_row": 325
      }
    },
    {
      "type": "Feature",
      "id": "323",
      "geometry": {
        "type": "Point",
        "coordinates": [
          115.049,
          -9.4136
        ]
      },
      "properties": {
        "id": "323",
        "datetime": "2026-07-14T00:00:23",
        "date": "2026-07-14",
        "time": "00:00:23",
        "latitude": -9.4136,
        "longitude": 115.049,
        "depth_km": 13.0,
        "depth_class": "Dangkal",
        "magnitude": 3.0,
        "magnitude_class": "3to5",
        "location": "South of Bali, Indonesia",
        "estimated_radius_km": 11.8,
        "estimated_radius_m": 11800,
        "felt": "",
        "tsunami_potential": "",
        "shakemap_url": "",
        "bmkg_note": "",
        "source": "Rekap bulanan",
        "source_row": 324
      }
    },
    {
      "type": "Feature",
      "id": "322",
      "geometry": {
        "type": "Point",
        "coordinates": [
          110.4384,
          -8.2739
        ]
      },
      "properties": {
        "id": "322",
        "datetime": "2026-07-14T00:43:57",
        "date": "2026-07-14",
        "time": "00:43:57",
        "latitude": -8.2739,
        "longitude": 110.4384,
        "depth_km": 94.0,
        "depth_class": "Menengah",
        "magnitude": 2.2,
        "magnitude_class": "lt3",
        "location": "Java, Indonesia",
        "estimated_radius_km": 6.7,
        "estimated_radius_m": 6700,
        "felt": "",
        "tsunami_potential": "",
        "shakemap_url": "",
        "bmkg_note": "",
        "source": "Rekap bulanan",
        "source_row": 323
      }
    },
    {
      "type": "Feature",
      "id": "321",
      "geometry": {
        "type": "Point",
        "coordinates": [
          112.283,
          -8.8386
        ]
      },
      "properties": {
        "id": "321",
        "datetime": "2026-07-14T03:05:36",
        "date": "2026-07-14",
        "time": "03:05:36",
        "latitude": -8.8386,
        "longitude": 112.283,
        "depth_km": 6.0,
        "depth_class": "Dangkal",
        "magnitude": 3.1,
        "magnitude_class": "3to5",
        "location": "Java, Indonesia",
        "estimated_radius_km": 13.7,
        "estimated_radius_m": 13700,
        "felt": "",
        "tsunami_potential": "",
        "shakemap_url": "",
        "bmkg_note": "",
        "source": "Rekap bulanan",
        "source_row": 322
      }
    },
    {
      "type": "Feature",
      "id": "320",
      "geometry": {
        "type": "Point",
        "coordinates": [
          110.427,
          -8.5666
        ]
      },
      "properties": {
        "id": "320",
        "datetime": "2026-07-14T08:25:14",
        "date": "2026-07-14",
        "time": "08:25:14",
        "latitude": -8.5666,
        "longitude": 110.427,
        "depth_km": 41.0,
        "depth_class": "Dangkal",
        "magnitude": 2.4,
        "magnitude_class": "lt3",
        "location": "Java, Indonesia",
        "estimated_radius_km": 7.8,
        "estimated_radius_m": 7800,
        "felt": "",
        "tsunami_potential": "",
        "shakemap_url": "",
        "bmkg_note": "",
        "source": "Rekap bulanan",
        "source_row": 321
      }
    },
    {
      "type": "Feature",
      "id": "319",
      "geometry": {
        "type": "Point",
        "coordinates": [
          109.0625,
          -8.3117
        ]
      },
      "properties": {
        "id": "319",
        "datetime": "2026-07-14T08:56:56",
        "date": "2026-07-14",
        "time": "08:56:56",
        "latitude": -8.3117,
        "longitude": 109.0625,
        "depth_km": 41.0,
        "depth_class": "Dangkal",
        "magnitude": 2.8,
        "magnitude_class": "lt3",
        "location": "Java, Indonesia",
        "estimated_radius_km": 8.6,
        "estimated_radius_m": 8600,
        "felt": "",
        "tsunami_potential": "",
        "shakemap_url": "",
        "bmkg_note": "",
        "source": "Rekap bulanan",
        "source_row": 320
      }
    },
    {
      "type": "Feature",
      "id": "318",
      "geometry": {
        "type": "Point",
        "coordinates": [
          111.8197,
          -8.818
        ]
      },
      "properties": {
        "id": "318",
        "datetime": "2026-07-14T10:06:06",
        "date": "2026-07-14",
        "time": "10:06:06",
        "latitude": -8.818,
        "longitude": 111.8197,
        "depth_km": 29.0,
        "depth_class": "Dangkal",
        "magnitude": 2.9,
        "magnitude_class": "lt3",
        "location": "Java, Indonesia",
        "estimated_radius_km": 9.0,
        "estimated_radius_m": 9000,
        "felt": "",
        "tsunami_potential": "",
        "shakemap_url": "",
        "bmkg_note": "",
        "source": "Rekap bulanan",
        "source_row": 319
      }
    },
    {
      "type": "Feature",
      "id": "317",
      "geometry": {
        "type": "Point",
        "coordinates": [
          112.2621,
          -8.3657
        ]
      },
      "properties": {
        "id": "317",
        "datetime": "2026-07-14T11:45:28",
        "date": "2026-07-14",
        "time": "11:45:28",
        "latitude": -8.3657,
        "longitude": 112.2621,
        "depth_km": 108.0,
        "depth_class": "Menengah",
        "magnitude": 2.5,
        "magnitude_class": "lt3",
        "location": "Java, Indonesia",
        "estimated_radius_km": 7.1,
        "estimated_radius_m": 7100,
        "felt": "",
        "tsunami_potential": "",
        "shakemap_url": "",
        "bmkg_note": "",
        "source": "Rekap bulanan",
        "source_row": 318
      }
    },
    {
      "type": "Feature",
      "id": "316",
      "geometry": {
        "type": "Point",
        "coordinates": [
          111.1996,
          -9.0876
        ]
      },
      "properties": {
        "id": "316",
        "datetime": "2026-07-14T12:26:35",
        "date": "2026-07-14",
        "time": "12:26:35",
        "latitude": -9.0876,
        "longitude": 111.1996,
        "depth_km": 18.0,
        "depth_class": "Dangkal",
        "magnitude": 3.0,
        "magnitude_class": "3to5",
        "location": "South of Java, Indonesia",
        "estimated_radius_km": 11.7,
        "estimated_radius_m": 11700,
        "felt": "",
        "tsunami_potential": "",
        "shakemap_url": "",
        "bmkg_note": "",
        "source": "Rekap bulanan",
        "source_row": 317
      }
    },
    {
      "type": "Feature",
      "id": "315",
      "geometry": {
        "type": "Point",
        "coordinates": [
          112.4538,
          -8.9362
        ]
      },
      "properties": {
        "id": "315",
        "datetime": "2026-07-14T13:34:29",
        "date": "2026-07-14",
        "time": "13:34:29",
        "latitude": -8.9362,
        "longitude": 112.4538,
        "depth_km": 33.0,
        "depth_class": "Dangkal",
        "magnitude": 2.8,
        "magnitude_class": "lt3",
        "location": "Java, Indonesia",
        "estimated_radius_km": 8.7,
        "estimated_radius_m": 8700,
        "felt": "",
        "tsunami_potential": "",
        "shakemap_url": "",
        "bmkg_note": "",
        "source": "Rekap bulanan",
        "source_row": 316
      }
    },
    {
      "type": "Feature",
      "id": "314",
      "geometry": {
        "type": "Point",
        "coordinates": [
          111.1838,
          -8.8485
        ]
      },
      "properties": {
        "id": "314",
        "datetime": "2026-07-14T15:20:43",
        "date": "2026-07-14",
        "time": "15:20:43",
        "latitude": -8.8485,
        "longitude": 111.1838,
        "depth_km": 18.0,
        "depth_class": "Dangkal",
        "magnitude": 2.6,
        "magnitude_class": "lt3",
        "location": "Java, Indonesia",
        "estimated_radius_km": 8.5,
        "estimated_radius_m": 8500,
        "felt": "",
        "tsunami_potential": "",
        "shakemap_url": "",
        "bmkg_note": "",
        "source": "Rekap bulanan",
        "source_row": 315
      }
    },
    {
      "type": "Feature",
      "id": "313",
      "geometry": {
        "type": "Point",
        "coordinates": [
          110.1416,
          -8.6752
        ]
      },
      "properties": {
        "id": "313",
        "datetime": "2026-07-14T15:43:15",
        "date": "2026-07-14",
        "time": "15:43:15",
        "latitude": -8.6752,
        "longitude": 110.1416,
        "depth_km": 34.0,
        "depth_class": "Dangkal",
        "magnitude": 2.5,
        "magnitude_class": "lt3",
        "location": "Java, Indonesia",
        "estimated_radius_km": 8.1,
        "estimated_radius_m": 8100,
        "felt": "",
        "tsunami_potential": "",
        "shakemap_url": "",
        "bmkg_note": "",
        "source": "Rekap bulanan",
        "source_row": 314
      }
    },
    {
      "type": "Feature",
      "id": "312",
      "geometry": {
        "type": "Point",
        "coordinates": [
          114.8174,
          -6.4392
        ]
      },
      "properties": {
        "id": "312",
        "datetime": "2026-07-14T15:53:06",
        "date": "2026-07-14",
        "time": "15:53:06",
        "latitude": -6.4392,
        "longitude": 114.8174,
        "depth_km": 234.0,
        "depth_class": "Menengah",
        "magnitude": 4.4,
        "magnitude_class": "3to5",
        "location": "Bali Sea",
        "estimated_radius_km": 23.8,
        "estimated_radius_m": 23800,
        "felt": "",
        "tsunami_potential": "",
        "shakemap_url": "",
        "bmkg_note": "",
        "source": "Rekap bulanan",
        "source_row": 313
      }
    },
    {
      "type": "Feature",
      "id": "311",
      "geometry": {
        "type": "Point",
        "coordinates": [
          110.4284,
          -8.9743
        ]
      },
      "properties": {
        "id": "311",
        "datetime": "2026-07-14T18:13:03",
        "date": "2026-07-14",
        "time": "18:13:03",
        "latitude": -8.9743,
        "longitude": 110.4284,
        "depth_km": 6.0,
        "depth_class": "Dangkal",
        "magnitude": 2.6,
        "magnitude_class": "lt3",
        "location": "Java, Indonesia",
        "estimated_radius_km": 8.6,
        "estimated_radius_m": 8600,
        "felt": "",
        "tsunami_potential": "",
        "shakemap_url": "",
        "bmkg_note": "",
        "source": "Rekap bulanan",
        "source_row": 312
      }
    },
    {
      "type": "Feature",
      "id": "310",
      "geometry": {
        "type": "Point",
        "coordinates": [
          110.9129,
          -9.47
        ]
      },
      "properties": {
        "id": "310",
        "datetime": "2026-07-14T18:47:56",
        "date": "2026-07-14",
        "time": "18:47:56",
        "latitude": -9.47,
        "longitude": 110.9129,
        "depth_km": 28.0,
        "depth_class": "Dangkal",
        "magnitude": 2.8,
        "magnitude_class": "lt3",
        "location": "South of Java, Indonesia",
        "estimated_radius_km": 8.8,
        "estimated_radius_m": 8800,
        "felt": "",
        "tsunami_potential": "",
        "shakemap_url": "",
        "bmkg_note": "",
        "source": "Rekap bulanan",
        "source_row": 311
      }
    },
    {
      "type": "Feature",
      "id": "309",
      "geometry": {
        "type": "Point",
        "coordinates": [
          110.3298,
          -8.9576
        ]
      },
      "properties": {
        "id": "309",
        "datetime": "2026-07-14T19:31:27",
        "date": "2026-07-14",
        "time": "19:31:27",
        "latitude": -8.9576,
        "longitude": 110.3298,
        "depth_km": 10.0,
        "depth_class": "Dangkal",
        "magnitude": 2.6,
        "magnitude_class": "lt3",
        "location": "Java, Indonesia",
        "estimated_radius_km": 8.6,
        "estimated_radius_m": 8600,
        "felt": "",
        "tsunami_potential": "",
        "shakemap_url": "",
        "bmkg_note": "",
        "source": "Rekap bulanan",
        "source_row": 310
      }
    },
    {
      "type": "Feature",
      "id": "308",
      "geometry": {
        "type": "Point",
        "coordinates": [
          110.0422,
          -8.5224
        ]
      },
      "properties": {
        "id": "308",
        "datetime": "2026-07-14T19:41:15",
        "date": "2026-07-14",
        "time": "19:41:15",
        "latitude": -8.5224,
        "longitude": 110.0422,
        "depth_km": 25.0,
        "depth_class": "Dangkal",
        "magnitude": 2.4,
        "magnitude_class": "lt3",
        "location": "Java, Indonesia",
        "estimated_radius_km": 8.0,
        "estimated_radius_m": 8000,
        "felt": "",
        "tsunami_potential": "",
        "shakemap_url": "",
        "bmkg_note": "",
        "source": "Rekap bulanan",
        "source_row": 309
      }
    },
    {
      "type": "Feature",
      "id": "307",
      "geometry": {
        "type": "Point",
        "coordinates": [
          110.3804,
          -9.0832
        ]
      },
      "properties": {
        "id": "307",
        "datetime": "2026-07-14T20:30:23",
        "date": "2026-07-14",
        "time": "20:30:23",
        "latitude": -9.0832,
        "longitude": 110.3804,
        "depth_km": 0.0,
        "depth_class": "Dangkal",
        "magnitude": 2.6,
        "magnitude_class": "lt3",
        "location": "South of Java, Indonesia",
        "estimated_radius_km": 8.7,
        "estimated_radius_m": 8700,
        "felt": "",
        "tsunami_potential": "",
        "shakemap_url": "",
        "bmkg_note": "",
        "source": "Rekap bulanan",
        "source_row": 308
      }
    },
    {
      "type": "Feature",
      "id": "306",
      "geometry": {
        "type": "Point",
        "coordinates": [
          110.3732,
          -8.9399
        ]
      },
      "properties": {
        "id": "306",
        "datetime": "2026-07-14T20:35:07",
        "date": "2026-07-14",
        "time": "20:35:07",
        "latitude": -8.9399,
        "longitude": 110.3732,
        "depth_km": 12.0,
        "depth_class": "Dangkal",
        "magnitude": 2.5,
        "magnitude_class": "lt3",
        "location": "Java, Indonesia",
        "estimated_radius_km": 8.3,
        "estimated_radius_m": 8300,
        "felt": "",
        "tsunami_potential": "",
        "shakemap_url": "",
        "bmkg_note": "",
        "source": "Rekap bulanan",
        "source_row": 307
      }
    },
    {
      "type": "Feature",
      "id": "305",
      "geometry": {
        "type": "Point",
        "coordinates": [
          111.9772,
          -9.2808
        ]
      },
      "properties": {
        "id": "305",
        "datetime": "2026-07-14T21:54:01",
        "date": "2026-07-14",
        "time": "21:54:01",
        "latitude": -9.2808,
        "longitude": 111.9772,
        "depth_km": 10.0,
        "depth_class": "Dangkal",
        "magnitude": 3.0,
        "magnitude_class": "3to5",
        "location": "South of Java, Indonesia",
        "estimated_radius_km": 11.8,
        "estimated_radius_m": 11800,
        "felt": "",
        "tsunami_potential": "",
        "shakemap_url": "",
        "bmkg_note": "",
        "source": "Rekap bulanan",
        "source_row": 306
      }
    },
    {
      "type": "Feature",
      "id": "304",
      "geometry": {
        "type": "Point",
        "coordinates": [
          114.9467,
          -9.5373
        ]
      },
      "properties": {
        "id": "304",
        "datetime": "2026-07-14T23:28:15",
        "date": "2026-07-14",
        "time": "23:28:15",
        "latitude": -9.5373,
        "longitude": 114.9467,
        "depth_km": 21.0,
        "depth_class": "Dangkal",
        "magnitude": 2.6,
        "magnitude_class": "lt3",
        "location": "South of Bali, Indonesia",
        "estimated_radius_km": 8.4,
        "estimated_radius_m": 8400,
        "felt": "",
        "tsunami_potential": "",
        "shakemap_url": "",
        "bmkg_note": "",
        "source": "Rekap bulanan",
        "source_row": 305
      }
    },
    {
      "type": "Feature",
      "id": "303",
      "geometry": {
        "type": "Point",
        "coordinates": [
          114.1137,
          -9.6781
        ]
      },
      "properties": {
        "id": "303",
        "datetime": "2026-07-15T04:14:59",
        "date": "2026-07-15",
        "time": "04:14:59",
        "latitude": -9.6781,
        "longitude": 114.1137,
        "depth_km": 60.0,
        "depth_class": "Menengah",
        "magnitude": 2.7,
        "magnitude_class": "lt3",
        "location": "South of Bali, Indonesia",
        "estimated_radius_km": 8.1,
        "estimated_radius_m": 8100,
        "felt": "",
        "tsunami_potential": "",
        "shakemap_url": "",
        "bmkg_note": "",
        "source": "Rekap bulanan",
        "source_row": 304
      }
    },
    {
      "type": "Feature",
      "id": "302",
      "geometry": {
        "type": "Point",
        "coordinates": [
          109.17,
          -9.7909
        ]
      },
      "properties": {
        "id": "302",
        "datetime": "2026-07-15T04:57:18",
        "date": "2026-07-15",
        "time": "04:57:18",
        "latitude": -9.7909,
        "longitude": 109.17,
        "depth_km": 10.0,
        "depth_class": "Dangkal",
        "magnitude": 3.6,
        "magnitude_class": "3to5",
        "location": "South of Java, Indonesia",
        "estimated_radius_km": 22.4,
        "estimated_radius_m": 22400,
        "felt": "",
        "tsunami_potential": "",
        "shakemap_url": "",
        "bmkg_note": "",
        "source": "Rekap bulanan",
        "source_row": 303
      }
    },
    {
      "type": "Feature",
      "id": "301",
      "geometry": {
        "type": "Point",
        "coordinates": [
          109.125,
          -9.4401
        ]
      },
      "properties": {
        "id": "301",
        "datetime": "2026-07-15T05:01:18",
        "date": "2026-07-15",
        "time": "05:01:18",
        "latitude": -9.4401,
        "longitude": 109.125,
        "depth_km": 10.0,
        "depth_class": "Dangkal",
        "magnitude": 3.2,
        "magnitude_class": "3to5",
        "location": "South of Java, Indonesia",
        "estimated_radius_km": 15.4,
        "estimated_radius_m": 15400,
        "felt": "",
        "tsunami_potential": "",
        "shakemap_url": "",
        "bmkg_note": "",
        "source": "Rekap bulanan",
        "source_row": 302
      }
    },
    {
      "type": "Feature",
      "id": "300",
      "geometry": {
        "type": "Point",
        "coordinates": [
          111.0337,
          -8.2192
        ]
      },
      "properties": {
        "id": "300",
        "datetime": "2026-07-15T07:56:42",
        "date": "2026-07-15",
        "time": "07:56:42",
        "latitude": -8.2192,
        "longitude": 111.0337,
        "depth_km": 14.0,
        "depth_class": "Dangkal",
        "magnitude": 2.2,
        "magnitude_class": "lt3",
        "location": "Java, Indonesia",
        "estimated_radius_km": 7.7,
        "estimated_radius_m": 7700,
        "felt": "",
        "tsunami_potential": "",
        "shakemap_url": "",
        "bmkg_note": "",
        "source": "Rekap bulanan",
        "source_row": 301
      }
    },
    {
      "type": "Feature",
      "id": "299",
      "geometry": {
        "type": "Point",
        "coordinates": [
          109.7666,
          -8.7721
        ]
      },
      "properties": {
        "id": "299",
        "datetime": "2026-07-15T10:35:06",
        "date": "2026-07-15",
        "time": "10:35:06",
        "latitude": -8.7721,
        "longitude": 109.7666,
        "depth_km": 30.0,
        "depth_class": "Dangkal",
        "magnitude": 2.5,
        "magnitude_class": "lt3",
        "location": "Java, Indonesia",
        "estimated_radius_km": 8.1,
        "estimated_radius_m": 8100,
        "felt": "",
        "tsunami_potential": "",
        "shakemap_url": "",
        "bmkg_note": "",
        "source": "Rekap bulanan",
        "source_row": 300
      }
    },
    {
      "type": "Feature",
      "id": "298",
      "geometry": {
        "type": "Point",
        "coordinates": [
          110.7722,
          -8.9963
        ]
      },
      "properties": {
        "id": "298",
        "datetime": "2026-07-15T12:45:34",
        "date": "2026-07-15",
        "time": "12:45:34",
        "latitude": -8.9963,
        "longitude": 110.7722,
        "depth_km": 46.0,
        "depth_class": "Dangkal",
        "magnitude": 2.5,
        "magnitude_class": "lt3",
        "location": "Java, Indonesia",
        "estimated_radius_km": 7.9,
        "estimated_radius_m": 7900,
        "felt": "",
        "tsunami_potential": "",
        "shakemap_url": "",
        "bmkg_note": "",
        "source": "Rekap bulanan",
        "source_row": 299
      }
    },
    {
      "type": "Feature",
      "id": "297",
      "geometry": {
        "type": "Point",
        "coordinates": [
          110.1258,
          -9.4552
        ]
      },
      "properties": {
        "id": "297",
        "datetime": "2026-07-15T12:57:40",
        "date": "2026-07-15",
        "time": "12:57:40",
        "latitude": -9.4552,
        "longitude": 110.1258,
        "depth_km": 10.0,
        "depth_class": "Dangkal",
        "magnitude": 2.8,
        "magnitude_class": "lt3",
        "location": "South of Java, Indonesia",
        "estimated_radius_km": 9.0,
        "estimated_radius_m": 9000,
        "felt": "",
        "tsunami_potential": "",
        "shakemap_url": "",
        "bmkg_note": "",
        "source": "Rekap bulanan",
        "source_row": 298
      }
    },
    {
      "type": "Feature",
      "id": "296",
      "geometry": {
        "type": "Point",
        "coordinates": [
          114.3826,
          -8.6529
        ]
      },
      "properties": {
        "id": "296",
        "datetime": "2026-07-15T16:26:30",
        "date": "2026-07-15",
        "time": "16:26:30",
        "latitude": -8.6529,
        "longitude": 114.3826,
        "depth_km": 33.0,
        "depth_class": "Dangkal",
        "magnitude": 3.7,
        "magnitude_class": "3to5",
        "location": "Bali Region, Indonesia",
        "estimated_radius_km": 23.4,
        "estimated_radius_m": 23400,
        "felt": "",
        "tsunami_potential": "",
        "shakemap_url": "",
        "bmkg_note": "",
        "source": "Rekap bulanan",
        "source_row": 297
      }
    },
    {
      "type": "Feature",
      "id": "295",
      "geometry": {
        "type": "Point",
        "coordinates": [
          113.5779,
          -9.2138
        ]
      },
      "properties": {
        "id": "295",
        "datetime": "2026-07-15T19:56:49",
        "date": "2026-07-15",
        "time": "19:56:49",
        "latitude": -9.2138,
        "longitude": 113.5779,
        "depth_km": 32.0,
        "depth_class": "Dangkal",
        "magnitude": 2.4,
        "magnitude_class": "lt3",
        "location": "South of Java, Indonesia",
        "estimated_radius_km": 7.9,
        "estimated_radius_m": 7900,
        "felt": "",
        "tsunami_potential": "",
        "shakemap_url": "",
        "bmkg_note": "",
        "source": "Rekap bulanan",
        "source_row": 296
      }
    },
    {
      "type": "Feature",
      "id": "294",
      "geometry": {
        "type": "Point",
        "coordinates": [
          113.3935,
          -8.9911
        ]
      },
      "properties": {
        "id": "294",
        "datetime": "2026-07-15T20:30:12",
        "date": "2026-07-15",
        "time": "20:30:12",
        "latitude": -8.9911,
        "longitude": 113.3935,
        "depth_km": 27.0,
        "depth_class": "Dangkal",
        "magnitude": 2.4,
        "magnitude_class": "lt3",
        "location": "Java, Indonesia",
        "estimated_radius_km": 7.9,
        "estimated_radius_m": 7900,
        "felt": "",
        "tsunami_potential": "",
        "shakemap_url": "",
        "bmkg_note": "",
        "source": "Rekap bulanan",
        "source_row": 295
      }
    },
    {
      "type": "Feature",
      "id": "293",
      "geometry": {
        "type": "Point",
        "coordinates": [
          107.8055,
          -8.1204
        ]
      },
      "properties": {
        "id": "293",
        "datetime": "2026-07-15T20:50:43",
        "date": "2026-07-15",
        "time": "20:50:43",
        "latitude": -8.1204,
        "longitude": 107.8055,
        "depth_km": 36.0,
        "depth_class": "Dangkal",
        "magnitude": 3.0,
        "magnitude_class": "3to5",
        "location": "Java, Indonesia",
        "estimated_radius_km": 11.3,
        "estimated_radius_m": 11300,
        "felt": "",
        "tsunami_potential": "",
        "shakemap_url": "",
        "bmkg_note": "",
        "source": "Rekap bulanan",
        "source_row": 294
      }
    },
    {
      "type": "Feature",
      "id": "292",
      "geometry": {
        "type": "Point",
        "coordinates": [
          117.7088,
          -10.6282
        ]
      },
      "properties": {
        "id": "292",
        "datetime": "2026-07-15T23:05:45",
        "date": "2026-07-15",
        "time": "23:05:45",
        "latitude": -10.6282,
        "longitude": 117.7088,
        "depth_km": 750.0,
        "depth_class": "Dalam",
        "magnitude": 5.0,
        "magnitude_class": "gte5",
        "location": "South of Sumbawa, Indonesia",
        "estimated_radius_km": 22.5,
        "estimated_radius_m": 22500,
        "felt": "",
        "tsunami_potential": "",
        "shakemap_url": "",
        "bmkg_note": "",
        "source": "Rekap bulanan",
        "source_row": 293
      }
    },
    {
      "type": "Feature",
      "id": "291",
      "geometry": {
        "type": "Point",
        "coordinates": [
          114.0057,
          -9.203
        ]
      },
      "properties": {
        "id": "291",
        "datetime": "2026-07-16T01:59:04",
        "date": "2026-07-16",
        "time": "01:59:04",
        "latitude": -9.203,
        "longitude": 114.0057,
        "depth_km": 12.0,
        "depth_class": "Dangkal",
        "magnitude": 2.4,
        "magnitude_class": "lt3",
        "location": "South of Bali, Indonesia",
        "estimated_radius_km": 8.1,
        "estimated_radius_m": 8100,
        "felt": "",
        "tsunami_potential": "",
        "shakemap_url": "",
        "bmkg_note": "",
        "source": "Rekap bulanan",
        "source_row": 292
      }
    },
    {
      "type": "Feature",
      "id": "290",
      "geometry": {
        "type": "Point",
        "coordinates": [
          111.7291,
          -8.8519
        ]
      },
      "properties": {
        "id": "290",
        "datetime": "2026-07-16T04:20:33",
        "date": "2026-07-16",
        "time": "04:20:33",
        "latitude": -8.8519,
        "longitude": 111.7291,
        "depth_km": 12.0,
        "depth_class": "Dangkal",
        "magnitude": 2.6,
        "magnitude_class": "lt3",
        "location": "Java, Indonesia",
        "estimated_radius_km": 8.6,
        "estimated_radius_m": 8600,
        "felt": "",
        "tsunami_potential": "",
        "shakemap_url": "",
        "bmkg_note": "",
        "source": "Rekap bulanan",
        "source_row": 291
      }
    },
    {
      "type": "Feature",
      "id": "289",
      "geometry": {
        "type": "Point",
        "coordinates": [
          111.8127,
          -7.9499
        ]
      },
      "properties": {
        "id": "289",
        "datetime": "2026-07-16T05:08:51",
        "date": "2026-07-16",
        "time": "05:08:51",
        "latitude": -7.9499,
        "longitude": 111.8127,
        "depth_km": 15.0,
        "depth_class": "Dangkal",
        "magnitude": 2.3,
        "magnitude_class": "lt3",
        "location": "Java, Indonesia",
        "estimated_radius_km": 7.9,
        "estimated_radius_m": 7900,
        "felt": "",
        "tsunami_potential": "",
        "shakemap_url": "",
        "bmkg_note": "",
        "source": "Rekap bulanan",
        "source_row": 290
      }
    },
    {
      "type": "Feature",
      "id": "288",
      "geometry": {
        "type": "Point",
        "coordinates": [
          108.8515,
          -7.6486
        ]
      },
      "properties": {
        "id": "288",
        "datetime": "2026-07-16T06:01:10",
        "date": "2026-07-16",
        "time": "06:01:10",
        "latitude": -7.6486,
        "longitude": 108.8515,
        "depth_km": 57.0,
        "depth_class": "Dangkal",
        "magnitude": 2.3,
        "magnitude_class": "lt3",
        "location": "Java, Indonesia",
        "estimated_radius_km": 7.4,
        "estimated_radius_m": 7400,
        "felt": "",
        "tsunami_potential": "",
        "shakemap_url": "",
        "bmkg_note": "",
        "source": "Rekap bulanan",
        "source_row": 289
      }
    },
    {
      "type": "Feature",
      "id": "287",
      "geometry": {
        "type": "Point",
        "coordinates": [
          114.6003,
          -8.6601
        ]
      },
      "properties": {
        "id": "287",
        "datetime": "2026-07-16T07:07:03",
        "date": "2026-07-16",
        "time": "07:07:03",
        "latitude": -8.6601,
        "longitude": 114.6003,
        "depth_km": 87.0,
        "depth_class": "Menengah",
        "magnitude": 2.2,
        "magnitude_class": "lt3",
        "location": "Bali Region, Indonesia",
        "estimated_radius_km": 6.8,
        "estimated_radius_m": 6800,
        "felt": "",
        "tsunami_potential": "",
        "shakemap_url": "",
        "bmkg_note": "",
        "source": "Rekap bulanan",
        "source_row": 288
      }
    },
    {
      "type": "Feature",
      "id": "286",
      "geometry": {
        "type": "Point",
        "coordinates": [
          118.1701,
          -2.5904
        ]
      },
      "properties": {
        "id": "286",
        "datetime": "2026-07-16T07:55:13",
        "date": "2026-07-16",
        "time": "07:55:13",
        "latitude": -2.5904,
        "longitude": 118.1701,
        "depth_km": 750.0,
        "depth_class": "Dalam",
        "magnitude": 5.2,
        "magnitude_class": "gte5",
        "location": "Sulawesi, Indonesia",
        "estimated_radius_km": 26.3,
        "estimated_radius_m": 26300,
        "felt": "",
        "tsunami_potential": "",
        "shakemap_url": "",
        "bmkg_note": "",
        "source": "Rekap bulanan",
        "source_row": 287
      }
    },
    {
      "type": "Feature",
      "id": "285",
      "geometry": {
        "type": "Point",
        "coordinates": [
          112.2028,
          -8.2675
        ]
      },
      "properties": {
        "id": "285",
        "datetime": "2026-07-16T11:07:40",
        "date": "2026-07-16",
        "time": "11:07:40",
        "latitude": -8.2675,
        "longitude": 112.2028,
        "depth_km": 94.0,
        "depth_class": "Menengah",
        "magnitude": 2.4,
        "magnitude_class": "lt3",
        "location": "Java, Indonesia",
        "estimated_radius_km": 7.1,
        "estimated_radius_m": 7100,
        "felt": "",
        "tsunami_potential": "",
        "shakemap_url": "",
        "bmkg_note": "",
        "source": "Rekap bulanan",
        "source_row": 286
      }
    },
    {
      "type": "Feature",
      "id": "284",
      "geometry": {
        "type": "Point",
        "coordinates": [
          110.92,
          -8.8538
        ]
      },
      "properties": {
        "id": "284",
        "datetime": "2026-07-16T11:47:56",
        "date": "2026-07-16",
        "time": "11:47:56",
        "latitude": -8.8538,
        "longitude": 110.92,
        "depth_km": 25.0,
        "depth_class": "Dangkal",
        "magnitude": 2.4,
        "magnitude_class": "lt3",
        "location": "Java, Indonesia",
        "estimated_radius_km": 8.0,
        "estimated_radius_m": 8000,
        "felt": "",
        "tsunami_potential": "",
        "shakemap_url": "",
        "bmkg_note": "",
        "source": "Rekap bulanan",
        "source_row": 285
      }
    },
    {
      "type": "Feature",
      "id": "283",
      "geometry": {
        "type": "Point",
        "coordinates": [
          108.9115,
          -8.4282
        ]
      },
      "properties": {
        "id": "283",
        "datetime": "2026-07-16T12:28:02",
        "date": "2026-07-16",
        "time": "12:28:02",
        "latitude": -8.4282,
        "longitude": 108.9115,
        "depth_km": 7.0,
        "depth_class": "Dangkal",
        "magnitude": 3.3,
        "magnitude_class": "3to5",
        "location": "Java, Indonesia",
        "estimated_radius_km": 17.2,
        "estimated_radius_m": 17200,
        "felt": "",
        "tsunami_potential": "",
        "shakemap_url": "",
        "bmkg_note": "",
        "source": "Rekap bulanan",
        "source_row": 284
      }
    },
    {
      "type": "Feature",
      "id": "282",
      "geometry": {
        "type": "Point",
        "coordinates": [
          112.3261,
          -9.1674
        ]
      },
      "properties": {
        "id": "282",
        "datetime": "2026-07-16T13:43:10",
        "date": "2026-07-16",
        "time": "13:43:10",
        "latitude": -9.1674,
        "longitude": 112.3261,
        "depth_km": 5.0,
        "depth_class": "Dangkal",
        "magnitude": 3.0,
        "magnitude_class": "3to5",
        "location": "South of Java, Indonesia",
        "estimated_radius_km": 11.9,
        "estimated_radius_m": 11900,
        "felt": "",
        "tsunami_potential": "",
        "shakemap_url": "",
        "bmkg_note": "",
        "source": "Rekap bulanan",
        "source_row": 283
      }
    },
    {
      "type": "Feature",
      "id": "281",
      "geometry": {
        "type": "Point",
        "coordinates": [
          111.0906,
          -8.8147
        ]
      },
      "properties": {
        "id": "281",
        "datetime": "2026-07-16T14:06:30",
        "date": "2026-07-16",
        "time": "14:06:30",
        "latitude": -8.8147,
        "longitude": 111.0906,
        "depth_km": 23.0,
        "depth_class": "Dangkal",
        "magnitude": 2.4,
        "magnitude_class": "lt3",
        "location": "Java, Indonesia",
        "estimated_radius_km": 8.0,
        "estimated_radius_m": 8000,
        "felt": "",
        "tsunami_potential": "",
        "shakemap_url": "",
        "bmkg_note": "",
        "source": "Rekap bulanan",
        "source_row": 282
      }
    },
    {
      "type": "Feature",
      "id": "280",
      "geometry": {
        "type": "Point",
        "coordinates": [
          110.5495,
          -9.0353
        ]
      },
      "properties": {
        "id": "280",
        "datetime": "2026-07-16T15:47:09",
        "date": "2026-07-16",
        "time": "15:47:09",
        "latitude": -9.0353,
        "longitude": 110.5495,
        "depth_km": 12.0,
        "depth_class": "Dangkal",
        "magnitude": 2.6,
        "magnitude_class": "lt3",
        "location": "South of Java, Indonesia",
        "estimated_radius_km": 8.6,
        "estimated_radius_m": 8600,
        "felt": "",
        "tsunami_potential": "",
        "shakemap_url": "",
        "bmkg_note": "",
        "source": "Rekap bulanan",
        "source_row": 281
      }
    },
    {
      "type": "Feature",
      "id": "279",
      "geometry": {
        "type": "Point",
        "coordinates": [
          108.2471,
          -8.2021
        ]
      },
      "properties": {
        "id": "279",
        "datetime": "2026-07-16T17:02:30",
        "date": "2026-07-16",
        "time": "17:02:30",
        "latitude": -8.2021,
        "longitude": 108.2471,
        "depth_km": 37.0,
        "depth_class": "Dangkal",
        "magnitude": 2.9,
        "magnitude_class": "lt3",
        "location": "Java, Indonesia",
        "estimated_radius_km": 8.8,
        "estimated_radius_m": 8800,
        "felt": "",
        "tsunami_potential": "",
        "shakemap_url": "",
        "bmkg_note": "",
        "source": "Rekap bulanan",
        "source_row": 280
      }
    },
    {
      "type": "Feature",
      "id": "278",
      "geometry": {
        "type": "Point",
        "coordinates": [
          111.4719,
          -8.8841
        ]
      },
      "properties": {
        "id": "278",
        "datetime": "2026-07-16T17:35:15",
        "date": "2026-07-16",
        "time": "17:35:15",
        "latitude": -8.8841,
        "longitude": 111.4719,
        "depth_km": 23.0,
        "depth_class": "Dangkal",
        "magnitude": 2.6,
        "magnitude_class": "lt3",
        "location": "Java, Indonesia",
        "estimated_radius_km": 8.4,
        "estimated_radius_m": 8400,
        "felt": "",
        "tsunami_potential": "",
        "shakemap_url": "",
        "bmkg_note": "",
        "source": "Rekap bulanan",
        "source_row": 279
      }
    },
    {
      "type": "Feature",
      "id": "277",
      "geometry": {
        "type": "Point",
        "coordinates": [
          110.3601,
          -8.8363
        ]
      },
      "properties": {
        "id": "277",
        "datetime": "2026-07-16T23:18:14",
        "date": "2026-07-16",
        "time": "23:18:14",
        "latitude": -8.8363,
        "longitude": 110.3601,
        "depth_km": 21.0,
        "depth_class": "Dangkal",
        "magnitude": 2.5,
        "magnitude_class": "lt3",
        "location": "Java, Indonesia",
        "estimated_radius_km": 8.2,
        "estimated_radius_m": 8200,
        "felt": "",
        "tsunami_potential": "",
        "shakemap_url": "",
        "bmkg_note": "",
        "source": "Rekap bulanan",
        "source_row": 278
      }
    },
    {
      "type": "Feature",
      "id": "276",
      "geometry": {
        "type": "Point",
        "coordinates": [
          109.0019,
          -8.2249
        ]
      },
      "properties": {
        "id": "276",
        "datetime": "2026-07-17T00:12:02",
        "date": "2026-07-17",
        "time": "00:12:02",
        "latitude": -8.2249,
        "longitude": 109.0019,
        "depth_km": 37.0,
        "depth_class": "Dangkal",
        "magnitude": 2.8,
        "magnitude_class": "lt3",
        "location": "Java, Indonesia",
        "estimated_radius_km": 8.6,
        "estimated_radius_m": 8600,
        "felt": "",
        "tsunami_potential": "",
        "shakemap_url": "",
        "bmkg_note": "",
        "source": "Rekap bulanan",
        "source_row": 277
      }
    },
    {
      "type": "Feature",
      "id": "275",
      "geometry": {
        "type": "Point",
        "coordinates": [
          110.059,
          -7.7839
        ]
      },
      "properties": {
        "id": "275",
        "datetime": "2026-07-17T03:16:02",
        "date": "2026-07-17",
        "time": "03:16:02",
        "latitude": -7.7839,
        "longitude": 110.059,
        "depth_km": 15.0,
        "depth_class": "Dangkal",
        "magnitude": 2.0,
        "magnitude_class": "lt3",
        "location": "Java, Indonesia",
        "estimated_radius_km": 7.2,
        "estimated_radius_m": 7200,
        "felt": "",
        "tsunami_potential": "",
        "shakemap_url": "",
        "bmkg_note": "",
        "source": "Rekap bulanan",
        "source_row": 276
      }
    },
    {
      "type": "Feature",
      "id": "274",
      "geometry": {
        "type": "Point",
        "coordinates": [
          110.6437,
          -8.336
        ]
      },
      "properties": {
        "id": "274",
        "datetime": "2026-07-17T03:33:45",
        "date": "2026-07-17",
        "time": "03:33:45",
        "latitude": -8.336,
        "longitude": 110.6437,
        "depth_km": 88.0,
        "depth_class": "Menengah",
        "magnitude": 2.2,
        "magnitude_class": "lt3",
        "location": "Java, Indonesia",
        "estimated_radius_km": 6.8,
        "estimated_radius_m": 6800,
        "felt": "",
        "tsunami_potential": "",
        "shakemap_url": "",
        "bmkg_note": "",
        "source": "Rekap bulanan",
        "source_row": 275
      }
    },
    {
      "type": "Feature",
      "id": "273",
      "geometry": {
        "type": "Point",
        "coordinates": [
          108.79,
          -8.5054
        ]
      },
      "properties": {
        "id": "273",
        "datetime": "2026-07-17T05:41:09",
        "date": "2026-07-17",
        "time": "05:41:09",
        "latitude": -8.5054,
        "longitude": 108.79,
        "depth_km": 36.0,
        "depth_class": "Dangkal",
        "magnitude": 2.8,
        "magnitude_class": "lt3",
        "location": "Java, Indonesia",
        "estimated_radius_km": 8.7,
        "estimated_radius_m": 8700,
        "felt": "",
        "tsunami_potential": "",
        "shakemap_url": "",
        "bmkg_note": "",
        "source": "Rekap bulanan",
        "source_row": 274
      }
    },
    {
      "type": "Feature",
      "id": "272",
      "geometry": {
        "type": "Point",
        "coordinates": [
          110.1116,
          -8.3165
        ]
      },
      "properties": {
        "id": "272",
        "datetime": "2026-07-17T06:30:23",
        "date": "2026-07-17",
        "time": "06:30:23",
        "latitude": -8.3165,
        "longitude": 110.1116,
        "depth_km": 10.0,
        "depth_class": "Dangkal",
        "magnitude": 2.3,
        "magnitude_class": "lt3",
        "location": "Java, Indonesia",
        "estimated_radius_km": 7.9,
        "estimated_radius_m": 7900,
        "felt": "",
        "tsunami_potential": "",
        "shakemap_url": "",
        "bmkg_note": "",
        "source": "Rekap bulanan",
        "source_row": 273
      }
    },
    {
      "type": "Feature",
      "id": "271",
      "geometry": {
        "type": "Point",
        "coordinates": [
          108.9613,
          -8.2855
        ]
      },
      "properties": {
        "id": "271",
        "datetime": "2026-07-17T08:09:07",
        "date": "2026-07-17",
        "time": "08:09:07",
        "latitude": -8.2855,
        "longitude": 108.9613,
        "depth_km": 37.0,
        "depth_class": "Dangkal",
        "magnitude": 2.7,
        "magnitude_class": "lt3",
        "location": "Java, Indonesia",
        "estimated_radius_km": 8.4,
        "estimated_radius_m": 8400,
        "felt": "",
        "tsunami_potential": "",
        "shakemap_url": "",
        "bmkg_note": "",
        "source": "Rekap bulanan",
        "source_row": 272
      }
    },
    {
      "type": "Feature",
      "id": "270",
      "geometry": {
        "type": "Point",
        "coordinates": [
          110.808,
          -7.7638
        ]
      },
      "properties": {
        "id": "270",
        "datetime": "2026-07-17T08:32:00",
        "date": "2026-07-17",
        "time": "08:32:00",
        "latitude": -7.7638,
        "longitude": 110.808,
        "depth_km": 195.0,
        "depth_class": "Menengah",
        "magnitude": 1.9,
        "magnitude_class": "lt3",
        "location": "Java, Indonesia",
        "estimated_radius_km": 5.0,
        "estimated_radius_m": 5000,
        "felt": "",
        "tsunami_potential": "",
        "shakemap_url": "",
        "bmkg_note": "",
        "source": "Rekap bulanan",
        "source_row": 271
      }
    },
    {
      "type": "Feature",
      "id": "269",
      "geometry": {
        "type": "Point",
        "coordinates": [
          112.3895,
          -10.6468
        ]
      },
      "properties": {
        "id": "269",
        "datetime": "2026-07-17T09:46:50",
        "date": "2026-07-17",
        "time": "09:46:50",
        "latitude": -10.6468,
        "longitude": 112.3895,
        "depth_km": 10.0,
        "depth_class": "Dangkal",
        "magnitude": 3.6,
        "magnitude_class": "3to5",
        "location": "South of Java, Indonesia",
        "estimated_radius_km": 22.4,
        "estimated_radius_m": 22400,
        "felt": "",
        "tsunami_potential": "",
        "shakemap_url": "",
        "bmkg_note": "",
        "source": "Rekap bulanan",
        "source_row": 270
      }
    },
    {
      "type": "Feature",
      "id": "268",
      "geometry": {
        "type": "Point",
        "coordinates": [
          110.4884,
          -8.8648
        ]
      },
      "properties": {
        "id": "268",
        "datetime": "2026-07-17T10:54:57",
        "date": "2026-07-17",
        "time": "10:54:57",
        "latitude": -8.8648,
        "longitude": 110.4884,
        "depth_km": 14.0,
        "depth_class": "Dangkal",
        "magnitude": 2.4,
        "magnitude_class": "lt3",
        "location": "Java, Indonesia",
        "estimated_radius_km": 8.1,
        "estimated_radius_m": 8100,
        "felt": "",
        "tsunami_potential": "",
        "shakemap_url": "",
        "bmkg_note": "",
        "source": "Rekap bulanan",
        "source_row": 269
      }
    },
    {
      "type": "Feature",
      "id": "267",
      "geometry": {
        "type": "Point",
        "coordinates": [
          110.6902,
          -10.6
        ]
      },
      "properties": {
        "id": "267",
        "datetime": "2026-07-17T10:58:01",
        "date": "2026-07-17",
        "time": "10:58:01",
        "latitude": -10.6,
        "longitude": 110.6902,
        "depth_km": 10.0,
        "depth_class": "Dangkal",
        "magnitude": 3.4,
        "magnitude_class": "3to5",
        "location": "South of Java, Indonesia",
        "estimated_radius_km": 18.9,
        "estimated_radius_m": 18900,
        "felt": "",
        "tsunami_potential": "",
        "shakemap_url": "",
        "bmkg_note": "",
        "source": "Rekap bulanan",
        "source_row": 268
      }
    },
    {
      "type": "Feature",
      "id": "266",
      "geometry": {
        "type": "Point",
        "coordinates": [
          110.1966,
          -8.6375
        ]
      },
      "properties": {
        "id": "266",
        "datetime": "2026-07-17T11:53:01",
        "date": "2026-07-17",
        "time": "11:53:01",
        "latitude": -8.6375,
        "longitude": 110.1966,
        "depth_km": 36.0,
        "depth_class": "Dangkal",
        "magnitude": 2.4,
        "magnitude_class": "lt3",
        "location": "Java, Indonesia",
        "estimated_radius_km": 7.8,
        "estimated_radius_m": 7800,
        "felt": "",
        "tsunami_potential": "",
        "shakemap_url": "",
        "bmkg_note": "",
        "source": "Rekap bulanan",
        "source_row": 267
      }
    },
    {
      "type": "Feature",
      "id": "265",
      "geometry": {
        "type": "Point",
        "coordinates": [
          110.2246,
          -8.3393
        ]
      },
      "properties": {
        "id": "265",
        "datetime": "2026-07-17T12:25:06",
        "date": "2026-07-17",
        "time": "12:25:06",
        "latitude": -8.3393,
        "longitude": 110.2246,
        "depth_km": 14.0,
        "depth_class": "Dangkal",
        "magnitude": 2.6,
        "magnitude_class": "lt3",
        "location": "Java, Indonesia",
        "estimated_radius_km": 8.5,
        "estimated_radius_m": 8500,
        "felt": "",
        "tsunami_potential": "",
        "shakemap_url": "",
        "bmkg_note": "",
        "source": "Rekap bulanan",
        "source_row": 266
      }
    },
    {
      "type": "Feature",
      "id": "264",
      "geometry": {
        "type": "Point",
        "coordinates": [
          110.3392,
          -8.9332
        ]
      },
      "properties": {
        "id": "264",
        "datetime": "2026-07-17T13:25:06",
        "date": "2026-07-17",
        "time": "13:25:06",
        "latitude": -8.9332,
        "longitude": 110.3392,
        "depth_km": 10.0,
        "depth_class": "Dangkal",
        "magnitude": 2.4,
        "magnitude_class": "lt3",
        "location": "Java, Indonesia",
        "estimated_radius_km": 8.2,
        "estimated_radius_m": 8200,
        "felt": "",
        "tsunami_potential": "",
        "shakemap_url": "",
        "bmkg_note": "",
        "source": "Rekap bulanan",
        "source_row": 265
      }
    },
    {
      "type": "Feature",
      "id": "263",
      "geometry": {
        "type": "Point",
        "coordinates": [
          110.2585,
          -8.3574
        ]
      },
      "properties": {
        "id": "263",
        "datetime": "2026-07-17T13:57:01",
        "date": "2026-07-17",
        "time": "13:57:01",
        "latitude": -8.3574,
        "longitude": 110.2585,
        "depth_km": 14.0,
        "depth_class": "Dangkal",
        "magnitude": 2.2,
        "magnitude_class": "lt3",
        "location": "Java, Indonesia",
        "estimated_radius_km": 7.7,
        "estimated_radius_m": 7700,
        "felt": "",
        "tsunami_potential": "",
        "shakemap_url": "",
        "bmkg_note": "",
        "source": "Rekap bulanan",
        "source_row": 264
      }
    },
    {
      "type": "Feature",
      "id": "262",
      "geometry": {
        "type": "Point",
        "coordinates": [
          110.4302,
          -7.8907
        ]
      },
      "properties": {
        "id": "262",
        "datetime": "2026-07-17T14:40:02",
        "date": "2026-07-17",
        "time": "14:40:02",
        "latitude": -7.8907,
        "longitude": 110.4302,
        "depth_km": 23.0,
        "depth_class": "Dangkal",
        "magnitude": 1.3,
        "magnitude_class": "lt3",
        "location": "Java, Indonesia",
        "estimated_radius_km": 5.7,
        "estimated_radius_m": 5700,
        "felt": "",
        "tsunami_potential": "",
        "shakemap_url": "",
        "bmkg_note": "",
        "source": "Rekap bulanan",
        "source_row": 263
      }
    },
    {
      "type": "Feature",
      "id": "261",
      "geometry": {
        "type": "Point",
        "coordinates": [
          112.7994,
          -6.5396
        ]
      },
      "properties": {
        "id": "261",
        "datetime": "2026-07-17T15:08:00",
        "date": "2026-07-17",
        "time": "15:08:00",
        "latitude": -6.5396,
        "longitude": 112.7994,
        "depth_km": 251.0,
        "depth_class": "Menengah",
        "magnitude": 3.7,
        "magnitude_class": "3to5",
        "location": "Java, Indonesia",
        "estimated_radius_km": 15.1,
        "estimated_radius_m": 15100,
        "felt": "",
        "tsunami_potential": "",
        "shakemap_url": "",
        "bmkg_note": "",
        "source": "Rekap bulanan",
        "source_row": 262
      }
    },
    {
      "type": "Feature",
      "id": "260",
      "geometry": {
        "type": "Point",
        "coordinates": [
          112.4417,
          -9.2567
        ]
      },
      "properties": {
        "id": "260",
        "datetime": "2026-07-17T15:39:28",
        "date": "2026-07-17",
        "time": "15:39:28",
        "latitude": -9.2567,
        "longitude": 112.4417,
        "depth_km": 228.0,
        "depth_class": "Menengah",
        "magnitude": 3.3,
        "magnitude_class": "3to5",
        "location": "South of Java, Indonesia",
        "estimated_radius_km": 11.3,
        "estimated_radius_m": 11300,
        "felt": "",
        "tsunami_potential": "",
        "shakemap_url": "",
        "bmkg_note": "",
        "source": "Rekap bulanan",
        "source_row": 261
      }
    },
    {
      "type": "Feature",
      "id": "259",
      "geometry": {
        "type": "Point",
        "coordinates": [
          110.5415,
          -7.9685
        ]
      },
      "properties": {
        "id": "259",
        "datetime": "2026-07-17T15:50:49",
        "date": "2026-07-17",
        "time": "15:50:49",
        "latitude": -7.9685,
        "longitude": 110.5415,
        "depth_km": 11.0,
        "depth_class": "Dangkal",
        "magnitude": 1.3,
        "magnitude_class": "lt3",
        "location": "Java, Indonesia",
        "estimated_radius_km": 5.8,
        "estimated_radius_m": 5800,
        "felt": "",
        "tsunami_potential": "",
        "shakemap_url": "",
        "bmkg_note": "",
        "source": "Rekap bulanan",
        "source_row": 260
      }
    },
    {
      "type": "Feature",
      "id": "258",
      "geometry": {
        "type": "Point",
        "coordinates": [
          110.2853,
          -8.2453
        ]
      },
      "properties": {
        "id": "258",
        "datetime": "2026-07-17T15:54:22",
        "date": "2026-07-17",
        "time": "15:54:22",
        "latitude": -8.2453,
        "longitude": 110.2853,
        "depth_km": 9.0,
        "depth_class": "Dangkal",
        "magnitude": 2.1,
        "magnitude_class": "lt3",
        "location": "Java, Indonesia",
        "estimated_radius_km": 7.5,
        "estimated_radius_m": 7500,
        "felt": "",
        "tsunami_potential": "",
        "shakemap_url": "",
        "bmkg_note": "",
        "source": "Rekap bulanan",
        "source_row": 259
      }
    },
    {
      "type": "Feature",
      "id": "257",
      "geometry": {
        "type": "Point",
        "coordinates": [
          117.8813,
          -1.2545
        ]
      },
      "properties": {
        "id": "257",
        "datetime": "2026-07-17T16:15:10",
        "date": "2026-07-17",
        "time": "16:15:10",
        "latitude": -1.2545,
        "longitude": 117.8813,
        "depth_km": 433.0,
        "depth_class": "Dalam",
        "magnitude": 5.3,
        "magnitude_class": "gte5",
        "location": "Borneo",
        "estimated_radius_km": 28.2,
        "estimated_radius_m": 28200,
        "felt": "",
        "tsunami_potential": "",
        "shakemap_url": "",
        "bmkg_note": "",
        "source": "Rekap bulanan",
        "source_row": 258
      }
    },
    {
      "type": "Feature",
      "id": "256",
      "geometry": {
        "type": "Point",
        "coordinates": [
          110.2524,
          -9.0472
        ]
      },
      "properties": {
        "id": "256",
        "datetime": "2026-07-17T17:01:27",
        "date": "2026-07-17",
        "time": "17:01:27",
        "latitude": -9.0472,
        "longitude": 110.2524,
        "depth_km": 27.0,
        "depth_class": "Dangkal",
        "magnitude": 2.7,
        "magnitude_class": "lt3",
        "location": "South of Java, Indonesia",
        "estimated_radius_km": 8.6,
        "estimated_radius_m": 8600,
        "felt": "",
        "tsunami_potential": "",
        "shakemap_url": "",
        "bmkg_note": "",
        "source": "Rekap bulanan",
        "source_row": 257
      }
    },
    {
      "type": "Feature",
      "id": "255",
      "geometry": {
        "type": "Point",
        "coordinates": [
          115.0756,
          -9.4371
        ]
      },
      "properties": {
        "id": "255",
        "datetime": "2026-07-17T17:02:38",
        "date": "2026-07-17",
        "time": "17:02:38",
        "latitude": -9.4371,
        "longitude": 115.0756,
        "depth_km": 30.0,
        "depth_class": "Dangkal",
        "magnitude": 2.7,
        "magnitude_class": "lt3",
        "location": "South of Bali, Indonesia",
        "estimated_radius_km": 8.5,
        "estimated_radius_m": 8500,
        "felt": "",
        "tsunami_potential": "",
        "shakemap_url": "",
        "bmkg_note": "",
        "source": "Rekap bulanan",
        "source_row": 256
      }
    },
    {
      "type": "Feature",
      "id": "254",
      "geometry": {
        "type": "Point",
        "coordinates": [
          110.5378,
          -8.8457
        ]
      },
      "properties": {
        "id": "254",
        "datetime": "2026-07-17T17:14:28",
        "date": "2026-07-17",
        "time": "17:14:28",
        "latitude": -8.8457,
        "longitude": 110.5378,
        "depth_km": 21.0,
        "depth_class": "Dangkal",
        "magnitude": 2.6,
        "magnitude_class": "lt3",
        "location": "Java, Indonesia",
        "estimated_radius_km": 8.4,
        "estimated_radius_m": 8400,
        "felt": "",
        "tsunami_potential": "",
        "shakemap_url": "",
        "bmkg_note": "",
        "source": "Rekap bulanan",
        "source_row": 255
      }
    },
    {
      "type": "Feature",
      "id": "253",
      "geometry": {
        "type": "Point",
        "coordinates": [
          113.9912,
          -9.7379
        ]
      },
      "properties": {
        "id": "253",
        "datetime": "2026-07-17T17:26:59",
        "date": "2026-07-17",
        "time": "17:26:59",
        "latitude": -9.7379,
        "longitude": 113.9912,
        "depth_km": 10.0,
        "depth_class": "Dangkal",
        "magnitude": 2.8,
        "magnitude_class": "lt3",
        "location": "South of Java, Indonesia",
        "estimated_radius_km": 9.0,
        "estimated_radius_m": 9000,
        "felt": "",
        "tsunami_potential": "",
        "shakemap_url": "",
        "bmkg_note": "",
        "source": "Rekap bulanan",
        "source_row": 254
      }
    },
    {
      "type": "Feature",
      "id": "252",
      "geometry": {
        "type": "Point",
        "coordinates": [
          110.3077,
          -8.1862
        ]
      },
      "properties": {
        "id": "252",
        "datetime": "2026-07-17T17:56:17",
        "date": "2026-07-17",
        "time": "17:56:17",
        "latitude": -8.1862,
        "longitude": 110.3077,
        "depth_km": 23.0,
        "depth_class": "Dangkal",
        "magnitude": 2.0,
        "magnitude_class": "lt3",
        "location": "Java, Indonesia",
        "estimated_radius_km": 7.1,
        "estimated_radius_m": 7100,
        "felt": "",
        "tsunami_potential": "",
        "shakemap_url": "",
        "bmkg_note": "",
        "source": "Rekap bulanan",
        "source_row": 253
      }
    },
    {
      "type": "Feature",
      "id": "251",
      "geometry": {
        "type": "Point",
        "coordinates": [
          111.8817,
          -7.2331
        ]
      },
      "properties": {
        "id": "251",
        "datetime": "2026-07-17T18:30:33",
        "date": "2026-07-17",
        "time": "18:30:33",
        "latitude": -7.2331,
        "longitude": 111.8817,
        "depth_km": 184.0,
        "depth_class": "Menengah",
        "magnitude": 3.0,
        "magnitude_class": "3to5",
        "location": "Java, Indonesia",
        "estimated_radius_km": 8.6,
        "estimated_radius_m": 8600,
        "felt": "",
        "tsunami_potential": "",
        "shakemap_url": "",
        "bmkg_note": "",
        "source": "Rekap bulanan",
        "source_row": 252
      }
    },
    {
      "type": "Feature",
      "id": "250",
      "geometry": {
        "type": "Point",
        "coordinates": [
          111.5491,
          -8.7847
        ]
      },
      "properties": {
        "id": "250",
        "datetime": "2026-07-17T21:23:01",
        "date": "2026-07-17",
        "time": "21:23:01",
        "latitude": -8.7847,
        "longitude": 111.5491,
        "depth_km": 26.0,
        "depth_class": "Dangkal",
        "magnitude": 2.4,
        "magnitude_class": "lt3",
        "location": "Java, Indonesia",
        "estimated_radius_km": 7.9,
        "estimated_radius_m": 7900,
        "felt": "",
        "tsunami_potential": "",
        "shakemap_url": "",
        "bmkg_note": "",
        "source": "Rekap bulanan",
        "source_row": 251
      }
    },
    {
      "type": "Feature",
      "id": "249",
      "geometry": {
        "type": "Point",
        "coordinates": [
          111.1849,
          -10.1579
        ]
      },
      "properties": {
        "id": "249",
        "datetime": "2026-07-18T00:16:32",
        "date": "2026-07-18",
        "time": "00:16:32",
        "latitude": -10.1579,
        "longitude": 111.1849,
        "depth_km": 10.0,
        "depth_class": "Dangkal",
        "magnitude": 4.2,
        "magnitude_class": "3to5",
        "location": "South of Java, Indonesia",
        "estimated_radius_km": 33.1,
        "estimated_radius_m": 33100,
        "felt": "",
        "tsunami_potential": "",
        "shakemap_url": "",
        "bmkg_note": "",
        "source": "Rekap bulanan",
        "source_row": 250
      }
    },
    {
      "type": "Feature",
      "id": "248",
      "geometry": {
        "type": "Point",
        "coordinates": [
          108.914,
          -8.389
        ]
      },
      "properties": {
        "id": "248",
        "datetime": "2026-07-18T05:18:09",
        "date": "2026-07-18",
        "time": "05:18:09",
        "latitude": -8.389,
        "longitude": 108.914,
        "depth_km": 30.0,
        "depth_class": "Dangkal",
        "magnitude": 2.7,
        "magnitude_class": "lt3",
        "location": "Java, Indonesia",
        "estimated_radius_km": 8.5,
        "estimated_radius_m": 8500,
        "felt": "",
        "tsunami_potential": "",
        "shakemap_url": "",
        "bmkg_note": "",
        "source": "Rekap bulanan",
        "source_row": 249
      }
    },
    {
      "type": "Feature",
      "id": "247",
      "geometry": {
        "type": "Point",
        "coordinates": [
          108.9245,
          -8.265
        ]
      },
      "properties": {
        "id": "247",
        "datetime": "2026-07-18T06:46:46",
        "date": "2026-07-18",
        "time": "06:46:46",
        "latitude": -8.265,
        "longitude": 108.9245,
        "depth_km": 35.0,
        "depth_class": "Dangkal",
        "magnitude": 2.9,
        "magnitude_class": "lt3",
        "location": "Java, Indonesia",
        "estimated_radius_km": 8.9,
        "estimated_radius_m": 8900,
        "felt": "",
        "tsunami_potential": "",
        "shakemap_url": "",
        "bmkg_note": "",
        "source": "Rekap bulanan",
        "source_row": 248
      }
    },
    {
      "type": "Feature",
      "id": "246",
      "geometry": {
        "type": "Point",
        "coordinates": [
          108.8169,
          -8.4458
        ]
      },
      "properties": {
        "id": "246",
        "datetime": "2026-07-18T06:54:15",
        "date": "2026-07-18",
        "time": "06:54:15",
        "latitude": -8.4458,
        "longitude": 108.8169,
        "depth_km": 22.0,
        "depth_class": "Dangkal",
        "magnitude": 2.8,
        "magnitude_class": "lt3",
        "location": "Java, Indonesia",
        "estimated_radius_km": 8.8,
        "estimated_radius_m": 8800,
        "felt": "",
        "tsunami_potential": "",
        "shakemap_url": "",
        "bmkg_note": "",
        "source": "Rekap bulanan",
        "source_row": 247
      }
    },
    {
      "type": "Feature",
      "id": "245",
      "geometry": {
        "type": "Point",
        "coordinates": [
          109.7359,
          -9.3889
        ]
      },
      "properties": {
        "id": "245",
        "datetime": "2026-07-18T08:28:02",
        "date": "2026-07-18",
        "time": "08:28:02",
        "latitude": -9.3889,
        "longitude": 109.7359,
        "depth_km": 6.0,
        "depth_class": "Dangkal",
        "magnitude": 2.9,
        "magnitude_class": "lt3",
        "location": "South of Java, Indonesia",
        "estimated_radius_km": 9.3,
        "estimated_radius_m": 9300,
        "felt": "",
        "tsunami_potential": "",
        "shakemap_url": "",
        "bmkg_note": "",
        "source": "Rekap bulanan",
        "source_row": 246
      }
    },
    {
      "type": "Feature",
      "id": "244",
      "geometry": {
        "type": "Point",
        "coordinates": [
          110.1864,
          -7.5341
        ]
      },
      "properties": {
        "id": "244",
        "datetime": "2026-07-18T11:31:11",
        "date": "2026-07-18",
        "time": "11:31:11",
        "latitude": -7.5341,
        "longitude": 110.1864,
        "depth_km": 20.0,
        "depth_class": "Dangkal",
        "magnitude": 2.0,
        "magnitude_class": "lt3",
        "location": "Java, Indonesia",
        "estimated_radius_km": 7.2,
        "estimated_radius_m": 7200,
        "felt": "",
        "tsunami_potential": "",
        "shakemap_url": "",
        "bmkg_note": "",
        "source": "Rekap bulanan",
        "source_row": 245
      }
    },
    {
      "type": "Feature",
      "id": "243",
      "geometry": {
        "type": "Point",
        "coordinates": [
          110.3954,
          -9.458
        ]
      },
      "properties": {
        "id": "243",
        "datetime": "2026-07-18T12:18:08",
        "date": "2026-07-18",
        "time": "12:18:08",
        "latitude": -9.458,
        "longitude": 110.3954,
        "depth_km": 12.0,
        "depth_class": "Dangkal",
        "magnitude": 2.9,
        "magnitude_class": "lt3",
        "location": "South of Java, Indonesia",
        "estimated_radius_km": 9.2,
        "estimated_radius_m": 9200,
        "felt": "",
        "tsunami_potential": "",
        "shakemap_url": "",
        "bmkg_note": "",
        "source": "Rekap bulanan",
        "source_row": 244
      }
    },
    {
      "type": "Feature",
      "id": "242",
      "geometry": {
        "type": "Point",
        "coordinates": [
          113.0352,
          -8.9828
        ]
      },
      "properties": {
        "id": "242",
        "datetime": "2026-07-18T12:26:34",
        "date": "2026-07-18",
        "time": "12:26:34",
        "latitude": -8.9828,
        "longitude": 113.0352,
        "depth_km": 26.0,
        "depth_class": "Dangkal",
        "magnitude": 3.3,
        "magnitude_class": "3to5",
        "location": "Java, Indonesia",
        "estimated_radius_km": 16.7,
        "estimated_radius_m": 16700,
        "felt": "",
        "tsunami_potential": "",
        "shakemap_url": "",
        "bmkg_note": "",
        "source": "Rekap bulanan",
        "source_row": 243
      }
    },
    {
      "type": "Feature",
      "id": "241",
      "geometry": {
        "type": "Point",
        "coordinates": [
          110.1935,
          -10.7609
        ]
      },
      "properties": {
        "id": "241",
        "datetime": "2026-07-18T15:46:05",
        "date": "2026-07-18",
        "time": "15:46:05",
        "latitude": -10.7609,
        "longitude": 110.1935,
        "depth_km": 10.0,
        "depth_class": "Dangkal",
        "magnitude": 3.6,
        "magnitude_class": "3to5",
        "location": "South of Java, Indonesia",
        "estimated_radius_km": 22.4,
        "estimated_radius_m": 22400,
        "felt": "",
        "tsunami_potential": "",
        "shakemap_url": "",
        "bmkg_note": "",
        "source": "Rekap bulanan",
        "source_row": 242
      }
    },
    {
      "type": "Feature",
      "id": "240",
      "geometry": {
        "type": "Point",
        "coordinates": [
          108.8223,
          -8.4387
        ]
      },
      "properties": {
        "id": "240",
        "datetime": "2026-07-18T17:30:13",
        "date": "2026-07-18",
        "time": "17:30:13",
        "latitude": -8.4387,
        "longitude": 108.8223,
        "depth_km": 10.0,
        "depth_class": "Dangkal",
        "magnitude": 2.8,
        "magnitude_class": "lt3",
        "location": "Java, Indonesia",
        "estimated_radius_km": 9.0,
        "estimated_radius_m": 9000,
        "felt": "",
        "tsunami_potential": "",
        "shakemap_url": "",
        "bmkg_note": "",
        "source": "Rekap bulanan",
        "source_row": 241
      }
    },
    {
      "type": "Feature",
      "id": "239",
      "geometry": {
        "type": "Point",
        "coordinates": [
          111.2818,
          -7.536
        ]
      },
      "properties": {
        "id": "239",
        "datetime": "2026-07-18T18:19:01",
        "date": "2026-07-18",
        "time": "18:19:01",
        "latitude": -7.536,
        "longitude": 111.2818,
        "depth_km": 6.0,
        "depth_class": "Dangkal",
        "magnitude": 2.3,
        "magnitude_class": "lt3",
        "location": "Java, Indonesia",
        "estimated_radius_km": 8.0,
        "estimated_radius_m": 8000,
        "felt": "",
        "tsunami_potential": "",
        "shakemap_url": "",
        "bmkg_note": "",
        "source": "Rekap bulanan",
        "source_row": 240
      }
    },
    {
      "type": "Feature",
      "id": "238",
      "geometry": {
        "type": "Point",
        "coordinates": [
          110.0342,
          -8.5885
        ]
      },
      "properties": {
        "id": "238",
        "datetime": "2026-07-18T18:50:12",
        "date": "2026-07-18",
        "time": "18:50:12",
        "latitude": -8.5885,
        "longitude": 110.0342,
        "depth_km": 36.0,
        "depth_class": "Dangkal",
        "magnitude": 2.6,
        "magnitude_class": "lt3",
        "location": "Java, Indonesia",
        "estimated_radius_km": 8.2,
        "estimated_radius_m": 8200,
        "felt": "",
        "tsunami_potential": "",
        "shakemap_url": "",
        "bmkg_note": "",
        "source": "Rekap bulanan",
        "source_row": 239
      }
    },
    {
      "type": "Feature",
      "id": "237",
      "geometry": {
        "type": "Point",
        "coordinates": [
          116.7358,
          -10.0378
        ]
      },
      "properties": {
        "id": "237",
        "datetime": "2026-07-18T19:31:33",
        "date": "2026-07-18",
        "time": "19:31:33",
        "latitude": -10.0378,
        "longitude": 116.7358,
        "depth_km": 26.0,
        "depth_class": "Dangkal",
        "magnitude": 3.5,
        "magnitude_class": "3to5",
        "location": "South of Sumbawa, Indonesia",
        "estimated_radius_km": 20.2,
        "estimated_radius_m": 20200,
        "felt": "",
        "tsunami_potential": "",
        "shakemap_url": "",
        "bmkg_note": "",
        "source": "Rekap bulanan",
        "source_row": 238
      }
    },
    {
      "type": "Feature",
      "id": "236",
      "geometry": {
        "type": "Point",
        "coordinates": [
          110.2724,
          -8.7173
        ]
      },
      "properties": {
        "id": "236",
        "datetime": "2026-07-18T19:32:13",
        "date": "2026-07-18",
        "time": "19:32:13",
        "latitude": -8.7173,
        "longitude": 110.2724,
        "depth_km": 10.0,
        "depth_class": "Dangkal",
        "magnitude": 2.4,
        "magnitude_class": "lt3",
        "location": "Java, Indonesia",
        "estimated_radius_km": 8.2,
        "estimated_radius_m": 8200,
        "felt": "",
        "tsunami_potential": "",
        "shakemap_url": "",
        "bmkg_note": "",
        "source": "Rekap bulanan",
        "source_row": 237
      }
    },
    {
      "type": "Feature",
      "id": "235",
      "geometry": {
        "type": "Point",
        "coordinates": [
          115.7287,
          -9.0997
        ]
      },
      "properties": {
        "id": "235",
        "datetime": "2026-07-18T19:55:36",
        "date": "2026-07-18",
        "time": "19:55:36",
        "latitude": -9.0997,
        "longitude": 115.7287,
        "depth_km": 10.0,
        "depth_class": "Dangkal",
        "magnitude": 4.1,
        "magnitude_class": "3to5",
        "location": "South of Bali, Indonesia",
        "estimated_radius_km": 31.3,
        "estimated_radius_m": 31300,
        "felt": "",
        "tsunami_potential": "",
        "shakemap_url": "",
        "bmkg_note": "",
        "source": "Rekap bulanan",
        "source_row": 236
      }
    },
    {
      "type": "Feature",
      "id": "234",
      "geometry": {
        "type": "Point",
        "coordinates": [
          110.5084,
          -7.8507
        ]
      },
      "properties": {
        "id": "234",
        "datetime": "2026-07-18T19:55:59",
        "date": "2026-07-18",
        "time": "19:55:59",
        "latitude": -7.8507,
        "longitude": 110.5084,
        "depth_km": 13.0,
        "depth_class": "Dangkal",
        "magnitude": 1.0,
        "magnitude_class": "lt3",
        "location": "Java, Indonesia",
        "estimated_radius_km": 5.1,
        "estimated_radius_m": 5100,
        "felt": "",
        "tsunami_potential": "",
        "shakemap_url": "",
        "bmkg_note": "",
        "source": "Rekap bulanan",
        "source_row": 235
      }
    },
    {
      "type": "Feature",
      "id": "233",
      "geometry": {
        "type": "Point",
        "coordinates": [
          113.2248,
          -10.4795
        ]
      },
      "properties": {
        "id": "233",
        "datetime": "2026-07-18T20:17:30",
        "date": "2026-07-18",
        "time": "20:17:30",
        "latitude": -10.4795,
        "longitude": 113.2248,
        "depth_km": 78.0,
        "depth_class": "Menengah",
        "magnitude": 3.6,
        "magnitude_class": "3to5",
        "location": "South of Java, Indonesia",
        "estimated_radius_km": 20.1,
        "estimated_radius_m": 20100,
        "felt": "",
        "tsunami_potential": "",
        "shakemap_url": "",
        "bmkg_note": "",
        "source": "Rekap bulanan",
        "source_row": 234
      }
    },
    {
      "type": "Feature",
      "id": "232",
      "geometry": {
        "type": "Point",
        "coordinates": [
          111.1463,
          -8.8192
        ]
      },
      "properties": {
        "id": "232",
        "datetime": "2026-07-18T21:32:20",
        "date": "2026-07-18",
        "time": "21:32:20",
        "latitude": -8.8192,
        "longitude": 111.1463,
        "depth_km": 16.0,
        "depth_class": "Dangkal",
        "magnitude": 2.4,
        "magnitude_class": "lt3",
        "location": "Java, Indonesia",
        "estimated_radius_km": 8.1,
        "estimated_radius_m": 8100,
        "felt": "",
        "tsunami_potential": "",
        "shakemap_url": "",
        "bmkg_note": "",
        "source": "Rekap bulanan",
        "source_row": 233
      }
    },
    {
      "type": "Feature",
      "id": "231",
      "geometry": {
        "type": "Point",
        "coordinates": [
          110.6645,
          -7.9517
        ]
      },
      "properties": {
        "id": "231",
        "datetime": "2026-07-18T22:14:23",
        "date": "2026-07-18",
        "time": "22:14:23",
        "latitude": -7.9517,
        "longitude": 110.6645,
        "depth_km": 14.0,
        "depth_class": "Dangkal",
        "magnitude": 1.3,
        "magnitude_class": "lt3",
        "location": "Java, Indonesia",
        "estimated_radius_km": 5.7,
        "estimated_radius_m": 5700,
        "felt": "",
        "tsunami_potential": "",
        "shakemap_url": "",
        "bmkg_note": "",
        "source": "Rekap bulanan",
        "source_row": 232
      }
    },
    {
      "type": "Feature",
      "id": "230",
      "geometry": {
        "type": "Point",
        "coordinates": [
          110.4412,
          -9.4905
        ]
      },
      "properties": {
        "id": "230",
        "datetime": "2026-07-19T02:10:30",
        "date": "2026-07-19",
        "time": "02:10:30",
        "latitude": -9.4905,
        "longitude": 110.4412,
        "depth_km": 18.0,
        "depth_class": "Dangkal",
        "magnitude": 2.8,
        "magnitude_class": "lt3",
        "location": "South of Java, Indonesia",
        "estimated_radius_km": 8.9,
        "estimated_radius_m": 8900,
        "felt": "",
        "tsunami_potential": "",
        "shakemap_url": "",
        "bmkg_note": "",
        "source": "Rekap bulanan",
        "source_row": 231
      }
    },
    {
      "type": "Feature",
      "id": "229",
      "geometry": {
        "type": "Point",
        "coordinates": [
          113.5277,
          -8.9042
        ]
      },
      "properties": {
        "id": "229",
        "datetime": "2026-07-19T02:37:53",
        "date": "2026-07-19",
        "time": "02:37:53",
        "latitude": -8.9042,
        "longitude": 113.5277,
        "depth_km": 76.0,
        "depth_class": "Menengah",
        "magnitude": 2.5,
        "magnitude_class": "lt3",
        "location": "Java, Indonesia",
        "estimated_radius_km": 7.5,
        "estimated_radius_m": 7500,
        "felt": "",
        "tsunami_potential": "",
        "shakemap_url": "",
        "bmkg_note": "",
        "source": "Rekap bulanan",
        "source_row": 230
      }
    },
    {
      "type": "Feature",
      "id": "228",
      "geometry": {
        "type": "Point",
        "coordinates": [
          113.3654,
          -7.2974
        ]
      },
      "properties": {
        "id": "228",
        "datetime": "2026-07-19T03:47:10",
        "date": "2026-07-19",
        "time": "03:47:10",
        "latitude": -7.2974,
        "longitude": 113.3654,
        "depth_km": 8.0,
        "depth_class": "Dangkal",
        "magnitude": 2.6,
        "magnitude_class": "lt3",
        "location": "Java, Indonesia",
        "estimated_radius_km": 8.6,
        "estimated_radius_m": 8600,
        "felt": "",
        "tsunami_potential": "",
        "shakemap_url": "",
        "bmkg_note": "",
        "source": "Rekap bulanan",
        "source_row": 229
      }
    },
    {
      "type": "Feature",
      "id": "227",
      "geometry": {
        "type": "Point",
        "coordinates": [
          112.4841,
          -8.818
        ]
      },
      "properties": {
        "id": "227",
        "datetime": "2026-07-19T04:38:23",
        "date": "2026-07-19",
        "time": "04:38:23",
        "latitude": -8.818,
        "longitude": 112.4841,
        "depth_km": 37.0,
        "depth_class": "Dangkal",
        "magnitude": 2.8,
        "magnitude_class": "lt3",
        "location": "Java, Indonesia",
        "estimated_radius_km": 8.6,
        "estimated_radius_m": 8600,
        "felt": "",
        "tsunami_potential": "",
        "shakemap_url": "",
        "bmkg_note": "",
        "source": "Rekap bulanan",
        "source_row": 228
      }
    },
    {
      "type": "Feature",
      "id": "226",
      "geometry": {
        "type": "Point",
        "coordinates": [
          111.0708,
          -8.8277
        ]
      },
      "properties": {
        "id": "226",
        "datetime": "2026-07-19T04:52:22",
        "date": "2026-07-19",
        "time": "04:52:22",
        "latitude": -8.8277,
        "longitude": 111.0708,
        "depth_km": 20.0,
        "depth_class": "Dangkal",
        "magnitude": 2.6,
        "magnitude_class": "lt3",
        "location": "Java, Indonesia",
        "estimated_radius_km": 8.5,
        "estimated_radius_m": 8500,
        "felt": "",
        "tsunami_potential": "",
        "shakemap_url": "",
        "bmkg_note": "",
        "source": "Rekap bulanan",
        "source_row": 227
      }
    },
    {
      "type": "Feature",
      "id": "225",
      "geometry": {
        "type": "Point",
        "coordinates": [
          114.6437,
          -8.699
        ]
      },
      "properties": {
        "id": "225",
        "datetime": "2026-07-19T05:11:47",
        "date": "2026-07-19",
        "time": "05:11:47",
        "latitude": -8.699,
        "longitude": 114.6437,
        "depth_km": 83.0,
        "depth_class": "Menengah",
        "magnitude": 2.5,
        "magnitude_class": "lt3",
        "location": "Bali Region, Indonesia",
        "estimated_radius_km": 7.4,
        "estimated_radius_m": 7400,
        "felt": "",
        "tsunami_potential": "",
        "shakemap_url": "",
        "bmkg_note": "",
        "source": "Rekap bulanan",
        "source_row": 226
      }
    },
    {
      "type": "Feature",
      "id": "224",
      "geometry": {
        "type": "Point",
        "coordinates": [
          110.8837,
          -7.7372
        ]
      },
      "properties": {
        "id": "224",
        "datetime": "2026-07-19T06:08:11",
        "date": "2026-07-19",
        "time": "06:08:11",
        "latitude": -7.7372,
        "longitude": 110.8837,
        "depth_km": 10.0,
        "depth_class": "Dangkal",
        "magnitude": 1.8,
        "magnitude_class": "lt3",
        "location": "Java, Indonesia",
        "estimated_radius_km": 6.9,
        "estimated_radius_m": 6900,
        "felt": "",
        "tsunami_potential": "",
        "shakemap_url": "",
        "bmkg_note": "",
        "source": "Rekap bulanan",
        "source_row": 225
      }
    },
    {
      "type": "Feature",
      "id": "223",
      "geometry": {
        "type": "Point",
        "coordinates": [
          112.9785,
          -9.3615
        ]
      },
      "properties": {
        "id": "223",
        "datetime": "2026-07-19T06:25:59",
        "date": "2026-07-19",
        "time": "06:25:59",
        "latitude": -9.3615,
        "longitude": 112.9785,
        "depth_km": 11.0,
        "depth_class": "Dangkal",
        "magnitude": 3.4,
        "magnitude_class": "3to5",
        "location": "South of Java, Indonesia",
        "estimated_radius_km": 18.9,
        "estimated_radius_m": 18900,
        "felt": "",
        "tsunami_potential": "",
        "shakemap_url": "",
        "bmkg_note": "",
        "source": "Rekap bulanan",
        "source_row": 224
      }
    },
    {
      "type": "Feature",
      "id": "222",
      "geometry": {
        "type": "Point",
        "coordinates": [
          110.7908,
          -8.3721
        ]
      },
      "properties": {
        "id": "222",
        "datetime": "2026-07-19T06:35:05",
        "date": "2026-07-19",
        "time": "06:35:05",
        "latitude": -8.3721,
        "longitude": 110.7908,
        "depth_km": 14.0,
        "depth_class": "Dangkal",
        "magnitude": 2.2,
        "magnitude_class": "lt3",
        "location": "Java, Indonesia",
        "estimated_radius_km": 7.7,
        "estimated_radius_m": 7700,
        "felt": "",
        "tsunami_potential": "",
        "shakemap_url": "",
        "bmkg_note": "",
        "source": "Rekap bulanan",
        "source_row": 223
      }
    },
    {
      "type": "Feature",
      "id": "221",
      "geometry": {
        "type": "Point",
        "coordinates": [
          110.6492,
          -8.4392
        ]
      },
      "properties": {
        "id": "221",
        "datetime": "2026-07-19T07:18:39",
        "date": "2026-07-19",
        "time": "07:18:39",
        "latitude": -8.4392,
        "longitude": 110.6492,
        "depth_km": 12.0,
        "depth_class": "Dangkal",
        "magnitude": 2.2,
        "magnitude_class": "lt3",
        "location": "Java, Indonesia",
        "estimated_radius_km": 7.7,
        "estimated_radius_m": 7700,
        "felt": "",
        "tsunami_potential": "",
        "shakemap_url": "",
        "bmkg_note": "",
        "source": "Rekap bulanan",
        "source_row": 222
      }
    },
    {
      "type": "Feature",
      "id": "220",
      "geometry": {
        "type": "Point",
        "coordinates": [
          110.5578,
          -7.948
        ]
      },
      "properties": {
        "id": "220",
        "datetime": "2026-07-19T08:12:06",
        "date": "2026-07-19",
        "time": "08:12:06",
        "latitude": -7.948,
        "longitude": 110.5578,
        "depth_km": 5.0,
        "depth_class": "Dangkal",
        "magnitude": 3.6,
        "magnitude_class": "3to5",
        "location": "Java, Indonesia",
        "estimated_radius_km": 22.6,
        "estimated_radius_m": 22600,
        "felt": "",
        "tsunami_potential": "",
        "shakemap_url": "",
        "bmkg_note": "",
        "source": "Rekap bulanan",
        "source_row": 221
      }
    },
    {
      "type": "Feature",
      "id": "219",
      "geometry": {
        "type": "Point",
        "coordinates": [
          110.4568,
          -7.9071
        ]
      },
      "properties": {
        "id": "219",
        "datetime": "2026-07-19T09:30:35",
        "date": "2026-07-19",
        "time": "09:30:35",
        "latitude": -7.9071,
        "longitude": 110.4568,
        "depth_km": 71.0,
        "depth_class": "Menengah",
        "magnitude": 1.1,
        "magnitude_class": "lt3",
        "location": "Java, Indonesia",
        "estimated_radius_km": 4.8,
        "estimated_radius_m": 4800,
        "felt": "",
        "tsunami_potential": "",
        "shakemap_url": "",
        "bmkg_note": "",
        "source": "Rekap bulanan",
        "source_row": 220
      }
    },
    {
      "type": "Feature",
      "id": "218",
      "geometry": {
        "type": "Point",
        "coordinates": [
          111.1118,
          -9.3023
        ]
      },
      "properties": {
        "id": "218",
        "datetime": "2026-07-19T10:39:34",
        "date": "2026-07-19",
        "time": "10:39:34",
        "latitude": -9.3023,
        "longitude": 111.1118,
        "depth_km": 10.0,
        "depth_class": "Dangkal",
        "magnitude": 2.8,
        "magnitude_class": "lt3",
        "location": "South of Java, Indonesia",
        "estimated_radius_km": 9.0,
        "estimated_radius_m": 9000,
        "felt": "",
        "tsunami_potential": "",
        "shakemap_url": "",
        "bmkg_note": "",
        "source": "Rekap bulanan",
        "source_row": 219
      }
    },
    {
      "type": "Feature",
      "id": "217",
      "geometry": {
        "type": "Point",
        "coordinates": [
          113.3895,
          -10.4089
        ]
      },
      "properties": {
        "id": "217",
        "datetime": "2026-07-19T13:09:47",
        "date": "2026-07-19",
        "time": "13:09:47",
        "latitude": -10.4089,
        "longitude": 113.3895,
        "depth_km": 10.0,
        "depth_class": "Dangkal",
        "magnitude": 3.7,
        "magnitude_class": "3to5",
        "location": "South of Java, Indonesia",
        "estimated_radius_km": 24.2,
        "estimated_radius_m": 24200,
        "felt": "",
        "tsunami_potential": "",
        "shakemap_url": "",
        "bmkg_note": "",
        "source": "Rekap bulanan",
        "source_row": 218
      }
    },
    {
      "type": "Feature",
      "id": "216",
      "geometry": {
        "type": "Point",
        "coordinates": [
          110.4669,
          -7.4636
        ]
      },
      "properties": {
        "id": "216",
        "datetime": "2026-07-19T13:38:50",
        "date": "2026-07-19",
        "time": "13:38:50",
        "latitude": -7.4636,
        "longitude": 110.4669,
        "depth_km": 9.0,
        "depth_class": "Dangkal",
        "magnitude": 2.3,
        "magnitude_class": "lt3",
        "location": "Java, Indonesia",
        "estimated_radius_km": 7.9,
        "estimated_radius_m": 7900,
        "felt": "",
        "tsunami_potential": "",
        "shakemap_url": "",
        "bmkg_note": "",
        "source": "Rekap bulanan",
        "source_row": 217
      }
    },
    {
      "type": "Feature",
      "id": "215",
      "geometry": {
        "type": "Point",
        "coordinates": [
          110.9865,
          -8.7297
        ]
      },
      "properties": {
        "id": "215",
        "datetime": "2026-07-19T13:46:26",
        "date": "2026-07-19",
        "time": "13:46:26",
        "latitude": -8.7297,
        "longitude": 110.9865,
        "depth_km": 19.0,
        "depth_class": "Dangkal",
        "magnitude": 2.4,
        "magnitude_class": "lt3",
        "location": "Java, Indonesia",
        "estimated_radius_km": 8.0,
        "estimated_radius_m": 8000,
        "felt": "",
        "tsunami_potential": "",
        "shakemap_url": "",
        "bmkg_note": "",
        "source": "Rekap bulanan",
        "source_row": 216
      }
    },
    {
      "type": "Feature",
      "id": "214",
      "geometry": {
        "type": "Point",
        "coordinates": [
          110.2841,
          -8.325
        ]
      },
      "properties": {
        "id": "214",
        "datetime": "2026-07-19T15:23:21",
        "date": "2026-07-19",
        "time": "15:23:21",
        "latitude": -8.325,
        "longitude": 110.2841,
        "depth_km": 2.0,
        "depth_class": "Dangkal",
        "magnitude": 2.6,
        "magnitude_class": "lt3",
        "location": "Java, Indonesia",
        "estimated_radius_km": 8.7,
        "estimated_radius_m": 8700,
        "felt": "",
        "tsunami_potential": "",
        "shakemap_url": "",
        "bmkg_note": "",
        "source": "Rekap bulanan",
        "source_row": 215
      }
    },
    {
      "type": "Feature",
      "id": "213",
      "geometry": {
        "type": "Point",
        "coordinates": [
          110.2613,
          -8.3308
        ]
      },
      "properties": {
        "id": "213",
        "datetime": "2026-07-19T15:36:16",
        "date": "2026-07-19",
        "time": "15:36:16",
        "latitude": -8.3308,
        "longitude": 110.2613,
        "depth_km": 3.0,
        "depth_class": "Dangkal",
        "magnitude": 2.2,
        "magnitude_class": "lt3",
        "location": "Java, Indonesia",
        "estimated_radius_km": 7.8,
        "estimated_radius_m": 7800,
        "felt": "",
        "tsunami_potential": "",
        "shakemap_url": "",
        "bmkg_note": "",
        "source": "Rekap bulanan",
        "source_row": 214
      }
    },
    {
      "type": "Feature",
      "id": "212",
      "geometry": {
        "type": "Point",
        "coordinates": [
          110.5164,
          -7.8579
        ]
      },
      "properties": {
        "id": "212",
        "datetime": "2026-07-19T16:10:47",
        "date": "2026-07-19",
        "time": "16:10:47",
        "latitude": -7.8579,
        "longitude": 110.5164,
        "depth_km": 12.0,
        "depth_class": "Dangkal",
        "magnitude": 1.2,
        "magnitude_class": "lt3",
        "location": "Java, Indonesia",
        "estimated_radius_km": 5.5,
        "estimated_radius_m": 5500,
        "felt": "",
        "tsunami_potential": "",
        "shakemap_url": "",
        "bmkg_note": "",
        "source": "Rekap bulanan",
        "source_row": 213
      }
    },
    {
      "type": "Feature",
      "id": "211",
      "geometry": {
        "type": "Point",
        "coordinates": [
          109.0369,
          -8.3804
        ]
      },
      "properties": {
        "id": "211",
        "datetime": "2026-07-19T16:37:30",
        "date": "2026-07-19",
        "time": "16:37:30",
        "latitude": -8.3804,
        "longitude": 109.0369,
        "depth_km": 24.0,
        "depth_class": "Dangkal",
        "magnitude": 2.7,
        "magnitude_class": "lt3",
        "location": "Java, Indonesia",
        "estimated_radius_km": 8.6,
        "estimated_radius_m": 8600,
        "felt": "",
        "tsunami_potential": "",
        "shakemap_url": "",
        "bmkg_note": "",
        "source": "Rekap bulanan",
        "source_row": 212
      }
    },
    {
      "type": "Feature",
      "id": "210",
      "geometry": {
        "type": "Point",
        "coordinates": [
          107.9836,
          -8.2908
        ]
      },
      "properties": {
        "id": "210",
        "datetime": "2026-07-19T20:39:04",
        "date": "2026-07-19",
        "time": "20:39:04",
        "latitude": -8.2908,
        "longitude": 107.9836,
        "depth_km": 10.0,
        "depth_class": "Dangkal",
        "magnitude": 3.2,
        "magnitude_class": "3to5",
        "location": "Java, Indonesia",
        "estimated_radius_km": 15.4,
        "estimated_radius_m": 15400,
        "felt": "",
        "tsunami_potential": "",
        "shakemap_url": "",
        "bmkg_note": "",
        "source": "Rekap bulanan",
        "source_row": 211
      }
    },
    {
      "type": "Feature",
      "id": "209",
      "geometry": {
        "type": "Point",
        "coordinates": [
          114.2952,
          -9.5024
        ]
      },
      "properties": {
        "id": "209",
        "datetime": "2026-07-19T21:36:00",
        "date": "2026-07-19",
        "time": "21:36:00",
        "latitude": -9.5024,
        "longitude": 114.2952,
        "depth_km": 28.0,
        "depth_class": "Dangkal",
        "magnitude": 2.8,
        "magnitude_class": "lt3",
        "location": "South of Bali, Indonesia",
        "estimated_radius_km": 8.8,
        "estimated_radius_m": 8800,
        "felt": "",
        "tsunami_potential": "",
        "shakemap_url": "",
        "bmkg_note": "",
        "source": "Rekap bulanan",
        "source_row": 210
      }
    },
    {
      "type": "Feature",
      "id": "208",
      "geometry": {
        "type": "Point",
        "coordinates": [
          109.8384,
          -8.9692
        ]
      },
      "properties": {
        "id": "208",
        "datetime": "2026-07-19T22:11:34",
        "date": "2026-07-19",
        "time": "22:11:34",
        "latitude": -8.9692,
        "longitude": 109.8384,
        "depth_km": 10.0,
        "depth_class": "Dangkal",
        "magnitude": 2.8,
        "magnitude_class": "lt3",
        "location": "Java, Indonesia",
        "estimated_radius_km": 9.0,
        "estimated_radius_m": 9000,
        "felt": "",
        "tsunami_potential": "",
        "shakemap_url": "",
        "bmkg_note": "",
        "source": "Rekap bulanan",
        "source_row": 209
      }
    },
    {
      "type": "Feature",
      "id": "207",
      "geometry": {
        "type": "Point",
        "coordinates": [
          111.0839,
          -8.8118
        ]
      },
      "properties": {
        "id": "207",
        "datetime": "2026-07-20T02:26:33",
        "date": "2026-07-20",
        "time": "02:26:33",
        "latitude": -8.8118,
        "longitude": 111.0839,
        "depth_km": 23.0,
        "depth_class": "Dangkal",
        "magnitude": 2.7,
        "magnitude_class": "lt3",
        "location": "Java, Indonesia",
        "estimated_radius_km": 8.6,
        "estimated_radius_m": 8600,
        "felt": "",
        "tsunami_potential": "",
        "shakemap_url": "",
        "bmkg_note": "",
        "source": "Rekap bulanan",
        "source_row": 208
      }
    },
    {
      "type": "Feature",
      "id": "206",
      "geometry": {
        "type": "Point",
        "coordinates": [
          114.2457,
          -9.2899
        ]
      },
      "properties": {
        "id": "206",
        "datetime": "2026-07-20T06:03:36",
        "date": "2026-07-20",
        "time": "06:03:36",
        "latitude": -9.2899,
        "longitude": 114.2457,
        "depth_km": 18.0,
        "depth_class": "Dangkal",
        "magnitude": 2.8,
        "magnitude_class": "lt3",
        "location": "South of Bali, Indonesia",
        "estimated_radius_km": 8.9,
        "estimated_radius_m": 8900,
        "felt": "",
        "tsunami_potential": "",
        "shakemap_url": "",
        "bmkg_note": "",
        "source": "Rekap bulanan",
        "source_row": 207
      }
    },
    {
      "type": "Feature",
      "id": "205",
      "geometry": {
        "type": "Point",
        "coordinates": [
          108.8009,
          -8.391
        ]
      },
      "properties": {
        "id": "205",
        "datetime": "2026-07-20T07:34:41",
        "date": "2026-07-20",
        "time": "07:34:41",
        "latitude": -8.391,
        "longitude": 108.8009,
        "depth_km": 38.0,
        "depth_class": "Dangkal",
        "magnitude": 3.1,
        "magnitude_class": "3to5",
        "location": "Java, Indonesia",
        "estimated_radius_km": 13.0,
        "estimated_radius_m": 13000,
        "felt": "",
        "tsunami_potential": "",
        "shakemap_url": "",
        "bmkg_note": "",
        "source": "Rekap bulanan",
        "source_row": 206
      }
    },
    {
      "type": "Feature",
      "id": "204",
      "geometry": {
        "type": "Point",
        "coordinates": [
          113.8482,
          -5.8824
        ]
      },
      "properties": {
        "id": "204",
        "datetime": "2026-07-20T09:44:07",
        "date": "2026-07-20",
        "time": "09:44:07",
        "latitude": -5.8824,
        "longitude": 113.8482,
        "depth_km": 10.0,
        "depth_class": "Dangkal",
        "magnitude": 4.1,
        "magnitude_class": "3to5",
        "location": "Java Sea",
        "estimated_radius_km": 31.3,
        "estimated_radius_m": 31300,
        "felt": "",
        "tsunami_potential": "",
        "shakemap_url": "",
        "bmkg_note": "",
        "source": "Rekap bulanan",
        "source_row": 205
      }
    },
    {
      "type": "Feature",
      "id": "203",
      "geometry": {
        "type": "Point",
        "coordinates": [
          110.6396,
          -8.4604
        ]
      },
      "properties": {
        "id": "203",
        "datetime": "2026-07-20T13:23:11",
        "date": "2026-07-20",
        "time": "13:23:11",
        "latitude": -8.4604,
        "longitude": 110.6396,
        "depth_km": 16.0,
        "depth_class": "Dangkal",
        "magnitude": 2.3,
        "magnitude_class": "lt3",
        "location": "Java, Indonesia",
        "estimated_radius_km": 7.9,
        "estimated_radius_m": 7900,
        "felt": "",
        "tsunami_potential": "",
        "shakemap_url": "",
        "bmkg_note": "",
        "source": "Rekap bulanan",
        "source_row": 204
      }
    },
    {
      "type": "Feature",
      "id": "202",
      "geometry": {
        "type": "Point",
        "coordinates": [
          109.1318,
          -7.5128
        ]
      },
      "properties": {
        "id": "202",
        "datetime": "2026-07-20T18:05:47",
        "date": "2026-07-20",
        "time": "18:05:47",
        "latitude": -7.5128,
        "longitude": 109.1318,
        "depth_km": 20.0,
        "depth_class": "Dangkal",
        "magnitude": 2.7,
        "magnitude_class": "lt3",
        "location": "Java, Indonesia",
        "estimated_radius_km": 8.7,
        "estimated_radius_m": 8700,
        "felt": "",
        "tsunami_potential": "",
        "shakemap_url": "",
        "bmkg_note": "",
        "source": "Rekap bulanan",
        "source_row": 203
      }
    },
    {
      "type": "Feature",
      "id": "201",
      "geometry": {
        "type": "Point",
        "coordinates": [
          109.1893,
          -7.4462
        ]
      },
      "properties": {
        "id": "201",
        "datetime": "2026-07-20T19:03:54",
        "date": "2026-07-20",
        "time": "19:03:54",
        "latitude": -7.4462,
        "longitude": 109.1893,
        "depth_km": 9.0,
        "depth_class": "Dangkal",
        "magnitude": 2.3,
        "magnitude_class": "lt3",
        "location": "Java, Indonesia",
        "estimated_radius_km": 7.9,
        "estimated_radius_m": 7900,
        "felt": "",
        "tsunami_potential": "",
        "shakemap_url": "",
        "bmkg_note": "",
        "source": "Rekap bulanan",
        "source_row": 202
      }
    },
    {
      "type": "Feature",
      "id": "200",
      "geometry": {
        "type": "Point",
        "coordinates": [
          113.9699,
          -10.7213
        ]
      },
      "properties": {
        "id": "200",
        "datetime": "2026-07-20T19:43:17",
        "date": "2026-07-20",
        "time": "19:43:17",
        "latitude": -10.7213,
        "longitude": 113.9699,
        "depth_km": 10.0,
        "depth_class": "Dangkal",
        "magnitude": 3.5,
        "magnitude_class": "3to5",
        "location": "South of Java, Indonesia",
        "estimated_radius_km": 20.7,
        "estimated_radius_m": 20700,
        "felt": "",
        "tsunami_potential": "",
        "shakemap_url": "",
        "bmkg_note": "",
        "source": "Rekap bulanan",
        "source_row": 201
      }
    },
    {
      "type": "Feature",
      "id": "199",
      "geometry": {
        "type": "Point",
        "coordinates": [
          110.9626,
          -8.8954
        ]
      },
      "properties": {
        "id": "199",
        "datetime": "2026-07-20T20:07:56",
        "date": "2026-07-20",
        "time": "20:07:56",
        "latitude": -8.8954,
        "longitude": 110.9626,
        "depth_km": 76.0,
        "depth_class": "Menengah",
        "magnitude": 2.8,
        "magnitude_class": "lt3",
        "location": "Java, Indonesia",
        "estimated_radius_km": 8.1,
        "estimated_radius_m": 8100,
        "felt": "",
        "tsunami_potential": "",
        "shakemap_url": "",
        "bmkg_note": "",
        "source": "Rekap bulanan",
        "source_row": 200
      }
    },
    {
      "type": "Feature",
      "id": "198",
      "geometry": {
        "type": "Point",
        "coordinates": [
          113.9851,
          -9.2947
        ]
      },
      "properties": {
        "id": "198",
        "datetime": "2026-07-20T23:41:16",
        "date": "2026-07-20",
        "time": "23:41:16",
        "latitude": -9.2947,
        "longitude": 113.9851,
        "depth_km": 10.0,
        "depth_class": "Dangkal",
        "magnitude": 2.5,
        "magnitude_class": "lt3",
        "location": "South of Java, Indonesia",
        "estimated_radius_km": 8.4,
        "estimated_radius_m": 8400,
        "felt": "",
        "tsunami_potential": "",
        "shakemap_url": "",
        "bmkg_note": "",
        "source": "Rekap bulanan",
        "source_row": 199
      }
    },
    {
      "type": "Feature",
      "id": "197",
      "geometry": {
        "type": "Point",
        "coordinates": [
          112.1669,
          -8.9492
        ]
      },
      "properties": {
        "id": "197",
        "datetime": "2026-07-20T23:59:30",
        "date": "2026-07-20",
        "time": "23:59:30",
        "latitude": -8.9492,
        "longitude": 112.1669,
        "depth_km": 10.0,
        "depth_class": "Dangkal",
        "magnitude": 3.0,
        "magnitude_class": "3to5",
        "location": "Java, Indonesia",
        "estimated_radius_km": 11.8,
        "estimated_radius_m": 11800,
        "felt": "",
        "tsunami_potential": "",
        "shakemap_url": "",
        "bmkg_note": "",
        "source": "Rekap bulanan",
        "source_row": 198
      }
    },
    {
      "type": "Feature",
      "id": "196",
      "geometry": {
        "type": "Point",
        "coordinates": [
          111.6855,
          -8.4516
        ]
      },
      "properties": {
        "id": "196",
        "datetime": "2026-07-21T01:16:53",
        "date": "2026-07-21",
        "time": "01:16:53",
        "latitude": -8.4516,
        "longitude": 111.6855,
        "depth_km": 63.0,
        "depth_class": "Menengah",
        "magnitude": 2.7,
        "magnitude_class": "lt3",
        "location": "Java, Indonesia",
        "estimated_radius_km": 8.1,
        "estimated_radius_m": 8100,
        "felt": "",
        "tsunami_potential": "",
        "shakemap_url": "",
        "bmkg_note": "",
        "source": "Rekap bulanan",
        "source_row": 197
      }
    },
    {
      "type": "Feature",
      "id": "195",
      "geometry": {
        "type": "Point",
        "coordinates": [
          111.2314,
          -8.9372
        ]
      },
      "properties": {
        "id": "195",
        "datetime": "2026-07-21T05:36:39",
        "date": "2026-07-21",
        "time": "05:36:39",
        "latitude": -8.9372,
        "longitude": 111.2314,
        "depth_km": 11.0,
        "depth_class": "Dangkal",
        "magnitude": 2.7,
        "magnitude_class": "lt3",
        "location": "Java, Indonesia",
        "estimated_radius_km": 8.8,
        "estimated_radius_m": 8800,
        "felt": "",
        "tsunami_potential": "",
        "shakemap_url": "",
        "bmkg_note": "",
        "source": "Rekap bulanan",
        "source_row": 196
      }
    },
    {
      "type": "Feature",
      "id": "194",
      "geometry": {
        "type": "Point",
        "coordinates": [
          113.8813,
          -10.9552
        ]
      },
      "properties": {
        "id": "194",
        "datetime": "2026-07-21T08:01:18",
        "date": "2026-07-21",
        "time": "08:01:18",
        "latitude": -10.9552,
        "longitude": 113.8813,
        "depth_km": 10.0,
        "depth_class": "Dangkal",
        "magnitude": 3.9,
        "magnitude_class": "3to5",
        "location": "South of Java, Indonesia",
        "estimated_radius_km": 27.8,
        "estimated_radius_m": 27800,
        "felt": "",
        "tsunami_potential": "",
        "shakemap_url": "",
        "bmkg_note": "",
        "source": "Rekap bulanan",
        "source_row": 195
      }
    },
    {
      "type": "Feature",
      "id": "193",
      "geometry": {
        "type": "Point",
        "coordinates": [
          110.9933,
          -8.2864
        ]
      },
      "properties": {
        "id": "193",
        "datetime": "2026-07-21T09:29:37",
        "date": "2026-07-21",
        "time": "09:29:37",
        "latitude": -8.2864,
        "longitude": 110.9933,
        "depth_km": 85.0,
        "depth_class": "Menengah",
        "magnitude": 2.6,
        "magnitude_class": "lt3",
        "location": "Java, Indonesia",
        "estimated_radius_km": 7.6,
        "estimated_radius_m": 7600,
        "felt": "",
        "tsunami_potential": "",
        "shakemap_url": "",
        "bmkg_note": "",
        "source": "Rekap bulanan",
        "source_row": 194
      }
    },
    {
      "type": "Feature",
      "id": "192",
      "geometry": {
        "type": "Point",
        "coordinates": [
          110.4104,
          -7.9817
        ]
      },
      "properties": {
        "id": "192",
        "datetime": "2026-07-21T13:33:14",
        "date": "2026-07-21",
        "time": "13:33:14",
        "latitude": -7.9817,
        "longitude": 110.4104,
        "depth_km": 11.0,
        "depth_class": "Dangkal",
        "magnitude": 1.5,
        "magnitude_class": "lt3",
        "location": "Java, Indonesia",
        "estimated_radius_km": 6.2,
        "estimated_radius_m": 6200,
        "felt": "",
        "tsunami_potential": "",
        "shakemap_url": "",
        "bmkg_note": "",
        "source": "Rekap bulanan",
        "source_row": 193
      }
    },
    {
      "type": "Feature",
      "id": "191",
      "geometry": {
        "type": "Point",
        "coordinates": [
          112.2114,
          -9.0396
        ]
      },
      "properties": {
        "id": "191",
        "datetime": "2026-07-21T16:16:40",
        "date": "2026-07-21",
        "time": "16:16:40",
        "latitude": -9.0396,
        "longitude": 112.2114,
        "depth_km": 15.0,
        "depth_class": "Dangkal",
        "magnitude": 2.7,
        "magnitude_class": "lt3",
        "location": "South of Java, Indonesia",
        "estimated_radius_km": 8.7,
        "estimated_radius_m": 8700,
        "felt": "",
        "tsunami_potential": "",
        "shakemap_url": "",
        "bmkg_note": "",
        "source": "Rekap bulanan",
        "source_row": 192
      }
    },
    {
      "type": "Feature",
      "id": "190",
      "geometry": {
        "type": "Point",
        "coordinates": [
          115.1243,
          -9.0585
        ]
      },
      "properties": {
        "id": "190",
        "datetime": "2026-07-21T16:45:11",
        "date": "2026-07-21",
        "time": "16:45:11",
        "latitude": -9.0585,
        "longitude": 115.1243,
        "depth_km": 86.0,
        "depth_class": "Menengah",
        "magnitude": 2.4,
        "magnitude_class": "lt3",
        "location": "South of Bali, Indonesia",
        "estimated_radius_km": 7.2,
        "estimated_radius_m": 7200,
        "felt": "",
        "tsunami_potential": "",
        "shakemap_url": "",
        "bmkg_note": "",
        "source": "Rekap bulanan",
        "source_row": 191
      }
    },
    {
      "type": "Feature",
      "id": "189",
      "geometry": {
        "type": "Point",
        "coordinates": [
          112.86,
          -6.5417
        ]
      },
      "properties": {
        "id": "189",
        "datetime": "2026-07-21T17:13:27",
        "date": "2026-07-21",
        "time": "17:13:27",
        "latitude": -6.5417,
        "longitude": 112.86,
        "depth_km": 16.0,
        "depth_class": "Dangkal",
        "magnitude": 2.7,
        "magnitude_class": "lt3",
        "location": "Java, Indonesia",
        "estimated_radius_km": 8.7,
        "estimated_radius_m": 8700,
        "felt": "",
        "tsunami_potential": "",
        "shakemap_url": "",
        "bmkg_note": "",
        "source": "Rekap bulanan",
        "source_row": 190
      }
    },
    {
      "type": "Feature",
      "id": "188",
      "geometry": {
        "type": "Point",
        "coordinates": [
          110.1689,
          -8.8877
        ]
      },
      "properties": {
        "id": "188",
        "datetime": "2026-07-21T17:34:06",
        "date": "2026-07-21",
        "time": "17:34:06",
        "latitude": -8.8877,
        "longitude": 110.1689,
        "depth_km": 15.0,
        "depth_class": "Dangkal",
        "magnitude": 2.7,
        "magnitude_class": "lt3",
        "location": "Java, Indonesia",
        "estimated_radius_km": 8.7,
        "estimated_radius_m": 8700,
        "felt": "",
        "tsunami_potential": "",
        "shakemap_url": "",
        "bmkg_note": "",
        "source": "Rekap bulanan",
        "source_row": 189
      }
    },
    {
      "type": "Feature",
      "id": "187",
      "geometry": {
        "type": "Point",
        "coordinates": [
          114.8852,
          -9.6049
        ]
      },
      "properties": {
        "id": "187",
        "datetime": "2026-07-21T17:57:28",
        "date": "2026-07-21",
        "time": "17:57:28",
        "latitude": -9.6049,
        "longitude": 114.8852,
        "depth_km": 8.0,
        "depth_class": "Dangkal",
        "magnitude": 2.7,
        "magnitude_class": "lt3",
        "location": "South of Bali, Indonesia",
        "estimated_radius_km": 8.8,
        "estimated_radius_m": 8800,
        "felt": "",
        "tsunami_potential": "",
        "shakemap_url": "",
        "bmkg_note": "",
        "source": "Rekap bulanan",
        "source_row": 188
      }
    },
    {
      "type": "Feature",
      "id": "186",
      "geometry": {
        "type": "Point",
        "coordinates": [
          109.2692,
          -8.188
        ]
      },
      "properties": {
        "id": "186",
        "datetime": "2026-07-21T19:12:34",
        "date": "2026-07-21",
        "time": "19:12:34",
        "latitude": -8.188,
        "longitude": 109.2692,
        "depth_km": 69.0,
        "depth_class": "Menengah",
        "magnitude": 2.5,
        "magnitude_class": "lt3",
        "location": "Java, Indonesia",
        "estimated_radius_km": 7.6,
        "estimated_radius_m": 7600,
        "felt": "",
        "tsunami_potential": "",
        "shakemap_url": "",
        "bmkg_note": "",
        "source": "Rekap bulanan",
        "source_row": 187
      }
    },
    {
      "type": "Feature",
      "id": "185",
      "geometry": {
        "type": "Point",
        "coordinates": [
          112.9077,
          -8.9267
        ]
      },
      "properties": {
        "id": "185",
        "datetime": "2026-07-21T19:28:50",
        "date": "2026-07-21",
        "time": "19:28:50",
        "latitude": -8.9267,
        "longitude": 112.9077,
        "depth_km": 28.0,
        "depth_class": "Dangkal",
        "magnitude": 2.9,
        "magnitude_class": "lt3",
        "location": "Java, Indonesia",
        "estimated_radius_km": 9.0,
        "estimated_radius_m": 9000,
        "felt": "",
        "tsunami_potential": "",
        "shakemap_url": "",
        "bmkg_note": "",
        "source": "Rekap bulanan",
        "source_row": 186
      }
    },
    {
      "type": "Feature",
      "id": "184",
      "geometry": {
        "type": "Point",
        "coordinates": [
          110.8365,
          -5.7466
        ]
      },
      "properties": {
        "id": "184",
        "datetime": "2026-07-21T19:33:51",
        "date": "2026-07-21",
        "time": "19:33:51",
        "latitude": -5.7466,
        "longitude": 110.8365,
        "depth_km": 5.0,
        "depth_class": "Dangkal",
        "magnitude": 2.7,
        "magnitude_class": "lt3",
        "location": "Java Sea",
        "estimated_radius_km": 8.9,
        "estimated_radius_m": 8900,
        "felt": "",
        "tsunami_potential": "",
        "shakemap_url": "",
        "bmkg_note": "",
        "source": "Rekap bulanan",
        "source_row": 185
      }
    },
    {
      "type": "Feature",
      "id": "183",
      "geometry": {
        "type": "Point",
        "coordinates": [
          111.5115,
          -7.3544
        ]
      },
      "properties": {
        "id": "183",
        "datetime": "2026-07-21T19:41:59",
        "date": "2026-07-21",
        "time": "19:41:59",
        "latitude": -7.3544,
        "longitude": 111.5115,
        "depth_km": 5.0,
        "depth_class": "Dangkal",
        "magnitude": 2.5,
        "magnitude_class": "lt3",
        "location": "Java, Indonesia",
        "estimated_radius_km": 8.4,
        "estimated_radius_m": 8400,
        "felt": "",
        "tsunami_potential": "",
        "shakemap_url": "",
        "bmkg_note": "",
        "source": "Rekap bulanan",
        "source_row": 184
      }
    },
    {
      "type": "Feature",
      "id": "182",
      "geometry": {
        "type": "Point",
        "coordinates": [
          112.8418,
          -8.6889
        ]
      },
      "properties": {
        "id": "182",
        "datetime": "2026-07-21T20:07:20",
        "date": "2026-07-21",
        "time": "20:07:20",
        "latitude": -8.6889,
        "longitude": 112.8418,
        "depth_km": 117.0,
        "depth_class": "Menengah",
        "magnitude": 2.7,
        "magnitude_class": "lt3",
        "location": "Java, Indonesia",
        "estimated_radius_km": 7.3,
        "estimated_radius_m": 7300,
        "felt": "",
        "tsunami_potential": "",
        "shakemap_url": "",
        "bmkg_note": "",
        "source": "Rekap bulanan",
        "source_row": 183
      }
    },
    {
      "type": "Feature",
      "id": "181",
      "geometry": {
        "type": "Point",
        "coordinates": [
          110.3733,
          -8.8669
        ]
      },
      "properties": {
        "id": "181",
        "datetime": "2026-07-21T20:51:58",
        "date": "2026-07-21",
        "time": "20:51:58",
        "latitude": -8.8669,
        "longitude": 110.3733,
        "depth_km": 11.0,
        "depth_class": "Dangkal",
        "magnitude": 2.7,
        "magnitude_class": "lt3",
        "location": "Java, Indonesia",
        "estimated_radius_km": 8.8,
        "estimated_radius_m": 8800,
        "felt": "",
        "tsunami_potential": "",
        "shakemap_url": "",
        "bmkg_note": "",
        "source": "Rekap bulanan",
        "source_row": 182
      }
    },
    {
      "type": "Feature",
      "id": "180",
      "geometry": {
        "type": "Point",
        "coordinates": [
          112.9576,
          -9.5748
        ]
      },
      "properties": {
        "id": "180",
        "datetime": "2026-07-21T21:02:03",
        "date": "2026-07-21",
        "time": "21:02:03",
        "latitude": -9.5748,
        "longitude": 112.9576,
        "depth_km": 29.0,
        "depth_class": "Dangkal",
        "magnitude": 3.3,
        "magnitude_class": "3to5",
        "location": "South of Java, Indonesia",
        "estimated_radius_km": 16.6,
        "estimated_radius_m": 16600,
        "felt": "",
        "tsunami_potential": "",
        "shakemap_url": "",
        "bmkg_note": "",
        "source": "Rekap bulanan",
        "source_row": 181
      }
    },
    {
      "type": "Feature",
      "id": "179",
      "geometry": {
        "type": "Point",
        "coordinates": [
          110.3617,
          -8.9122
        ]
      },
      "properties": {
        "id": "179",
        "datetime": "2026-07-21T23:27:12",
        "date": "2026-07-21",
        "time": "23:27:12",
        "latitude": -8.9122,
        "longitude": 110.3617,
        "depth_km": 16.0,
        "depth_class": "Dangkal",
        "magnitude": 2.7,
        "magnitude_class": "lt3",
        "location": "Java, Indonesia",
        "estimated_radius_km": 8.7,
        "estimated_radius_m": 8700,
        "felt": "",
        "tsunami_potential": "",
        "shakemap_url": "",
        "bmkg_note": "",
        "source": "Rekap bulanan",
        "source_row": 180
      }
    },
    {
      "type": "Feature",
      "id": "178",
      "geometry": {
        "type": "Point",
        "coordinates": [
          110.2419,
          -8.6904
        ]
      },
      "properties": {
        "id": "178",
        "datetime": "2026-07-21T23:32:57",
        "date": "2026-07-21",
        "time": "23:32:57",
        "latitude": -8.6904,
        "longitude": 110.2419,
        "depth_km": 37.0,
        "depth_class": "Dangkal",
        "magnitude": 2.6,
        "magnitude_class": "lt3",
        "location": "Java, Indonesia",
        "estimated_radius_km": 8.2,
        "estimated_radius_m": 8200,
        "felt": "",
        "tsunami_potential": "",
        "shakemap_url": "",
        "bmkg_note": "",
        "source": "Rekap bulanan",
        "source_row": 179
      }
    },
    {
      "type": "Feature",
      "id": "177",
      "geometry": {
        "type": "Point",
        "coordinates": [
          110.4315,
          -7.9546
        ]
      },
      "properties": {
        "id": "177",
        "datetime": "2026-07-22T00:07:15",
        "date": "2026-07-22",
        "time": "00:07:15",
        "latitude": -7.9546,
        "longitude": 110.4315,
        "depth_km": 12.0,
        "depth_class": "Dangkal",
        "magnitude": 1.4,
        "magnitude_class": "lt3",
        "location": "Java, Indonesia",
        "estimated_radius_km": 6.0,
        "estimated_radius_m": 6000,
        "felt": "",
        "tsunami_potential": "",
        "shakemap_url": "",
        "bmkg_note": "",
        "source": "Rekap bulanan",
        "source_row": 178
      }
    },
    {
      "type": "Feature",
      "id": "176",
      "geometry": {
        "type": "Point",
        "coordinates": [
          114.1328,
          -8.2557
        ]
      },
      "properties": {
        "id": "176",
        "datetime": "2026-07-22T00:15:28",
        "date": "2026-07-22",
        "time": "00:15:28",
        "latitude": -8.2557,
        "longitude": 114.1328,
        "depth_km": 4.0,
        "depth_class": "Dangkal",
        "magnitude": 1.9,
        "magnitude_class": "lt3",
        "location": "Bali Region, Indonesia",
        "estimated_radius_km": 7.1,
        "estimated_radius_m": 7100,
        "felt": "",
        "tsunami_potential": "",
        "shakemap_url": "",
        "bmkg_note": "",
        "source": "Rekap bulanan",
        "source_row": 177
      }
    },
    {
      "type": "Feature",
      "id": "175",
      "geometry": {
        "type": "Point",
        "coordinates": [
          110.4261,
          -7.93
        ]
      },
      "properties": {
        "id": "175",
        "datetime": "2026-07-22T00:22:35",
        "date": "2026-07-22",
        "time": "00:22:35",
        "latitude": -7.93,
        "longitude": 110.4261,
        "depth_km": 13.0,
        "depth_class": "Dangkal",
        "magnitude": 1.4,
        "magnitude_class": "lt3",
        "location": "Java, Indonesia",
        "estimated_radius_km": 6.0,
        "estimated_radius_m": 6000,
        "felt": "",
        "tsunami_potential": "",
        "shakemap_url": "",
        "bmkg_note": "",
        "source": "Rekap bulanan",
        "source_row": 176
      }
    },
    {
      "type": "Feature",
      "id": "174",
      "geometry": {
        "type": "Point",
        "coordinates": [
          110.4852,
          -7.8307
        ]
      },
      "properties": {
        "id": "174",
        "datetime": "2026-07-22T01:48:29",
        "date": "2026-07-22",
        "time": "01:48:29",
        "latitude": -7.8307,
        "longitude": 110.4852,
        "depth_km": 18.0,
        "depth_class": "Dangkal",
        "magnitude": 1.5,
        "magnitude_class": "lt3",
        "location": "Java, Indonesia",
        "estimated_radius_km": 6.1,
        "estimated_radius_m": 6100,
        "felt": "",
        "tsunami_potential": "",
        "shakemap_url": "",
        "bmkg_note": "",
        "source": "Rekap bulanan",
        "source_row": 175
      }
    },
    {
      "type": "Feature",
      "id": "173",
      "geometry": {
        "type": "Point",
        "coordinates": [
          110.4699,
          -5.4621
        ]
      },
      "properties": {
        "id": "173",
        "datetime": "2026-07-22T04:22:06",
        "date": "2026-07-22",
        "time": "04:22:06",
        "latitude": -5.4621,
        "longitude": 110.4699,
        "depth_km": 37.0,
        "depth_class": "Dangkal",
        "magnitude": 3.9,
        "magnitude_class": "3to5",
        "location": "Java Sea",
        "estimated_radius_km": 26.6,
        "estimated_radius_m": 26600,
        "felt": "",
        "tsunami_potential": "",
        "shakemap_url": "",
        "bmkg_note": "",
        "source": "Rekap bulanan",
        "source_row": 174
      }
    },
    {
      "type": "Feature",
      "id": "172",
      "geometry": {
        "type": "Point",
        "coordinates": [
          110.9787,
          -8.5114
        ]
      },
      "properties": {
        "id": "172",
        "datetime": "2026-07-22T06:20:03",
        "date": "2026-07-22",
        "time": "06:20:03",
        "latitude": -8.5114,
        "longitude": 110.9787,
        "depth_km": 267.0,
        "depth_class": "Menengah",
        "magnitude": 2.5,
        "magnitude_class": "lt3",
        "location": "Java, Indonesia",
        "estimated_radius_km": 5.0,
        "estimated_radius_m": 5000,
        "felt": "",
        "tsunami_potential": "",
        "shakemap_url": "",
        "bmkg_note": "",
        "source": "Rekap bulanan",
        "source_row": 173
      }
    },
    {
      "type": "Feature",
      "id": "171",
      "geometry": {
        "type": "Point",
        "coordinates": [
          111.3408,
          -8.8026
        ]
      },
      "properties": {
        "id": "171",
        "datetime": "2026-07-22T08:54:54",
        "date": "2026-07-22",
        "time": "08:54:54",
        "latitude": -8.8026,
        "longitude": 111.3408,
        "depth_km": 25.0,
        "depth_class": "Dangkal",
        "magnitude": 2.8,
        "magnitude_class": "lt3",
        "location": "Java, Indonesia",
        "estimated_radius_km": 8.8,
        "estimated_radius_m": 8800,
        "felt": "",
        "tsunami_potential": "",
        "shakemap_url": "",
        "bmkg_note": "",
        "source": "Rekap bulanan",
        "source_row": 172
      }
    },
    {
      "type": "Feature",
      "id": "170",
      "geometry": {
        "type": "Point",
        "coordinates": [
          110.3558,
          -8.7321
        ]
      },
      "properties": {
        "id": "170",
        "datetime": "2026-07-22T15:17:34",
        "date": "2026-07-22",
        "time": "15:17:34",
        "latitude": -8.7321,
        "longitude": 110.3558,
        "depth_km": 19.0,
        "depth_class": "Dangkal",
        "magnitude": 2.6,
        "magnitude_class": "lt3",
        "location": "Java, Indonesia",
        "estimated_radius_km": 8.5,
        "estimated_radius_m": 8500,
        "felt": "",
        "tsunami_potential": "",
        "shakemap_url": "",
        "bmkg_note": "",
        "source": "Rekap bulanan",
        "source_row": 171
      }
    },
    {
      "type": "Feature",
      "id": "169",
      "geometry": {
        "type": "Point",
        "coordinates": [
          110.4629,
          -7.9251
        ]
      },
      "properties": {
        "id": "169",
        "datetime": "2026-07-22T17:16:12",
        "date": "2026-07-22",
        "time": "17:16:12",
        "latitude": -7.9251,
        "longitude": 110.4629,
        "depth_km": 31.0,
        "depth_class": "Dangkal",
        "magnitude": 1.3,
        "magnitude_class": "lt3",
        "location": "Java, Indonesia",
        "estimated_radius_km": 5.6,
        "estimated_radius_m": 5600,
        "felt": "",
        "tsunami_potential": "",
        "shakemap_url": "",
        "bmkg_note": "",
        "source": "Rekap bulanan",
        "source_row": 170
      }
    },
    {
      "type": "Feature",
      "id": "168",
      "geometry": {
        "type": "Point",
        "coordinates": [
          111.3772,
          -8.3697
        ]
      },
      "properties": {
        "id": "168",
        "datetime": "2026-07-22T17:59:07",
        "date": "2026-07-22",
        "time": "17:59:07",
        "latitude": -8.3697,
        "longitude": 111.3772,
        "depth_km": 119.0,
        "depth_class": "Menengah",
        "magnitude": 2.7,
        "magnitude_class": "lt3",
        "location": "Java, Indonesia",
        "estimated_radius_km": 7.3,
        "estimated_radius_m": 7300,
        "felt": "",
        "tsunami_potential": "",
        "shakemap_url": "",
        "bmkg_note": "",
        "source": "Rekap bulanan",
        "source_row": 169
      }
    },
    {
      "type": "Feature",
      "id": "167",
      "geometry": {
        "type": "Point",
        "coordinates": [
          110.6595,
          -8.4374
        ]
      },
      "properties": {
        "id": "167",
        "datetime": "2026-07-22T21:00:04",
        "date": "2026-07-22",
        "time": "21:00:04",
        "latitude": -8.4374,
        "longitude": 110.6595,
        "depth_km": 10.0,
        "depth_class": "Dangkal",
        "magnitude": 2.3,
        "magnitude_class": "lt3",
        "location": "Java, Indonesia",
        "estimated_radius_km": 7.9,
        "estimated_radius_m": 7900,
        "felt": "",
        "tsunami_potential": "",
        "shakemap_url": "",
        "bmkg_note": "",
        "source": "Rekap bulanan",
        "source_row": 168
      }
    },
    {
      "type": "Feature",
      "id": "166",
      "geometry": {
        "type": "Point",
        "coordinates": [
          114.8001,
          -8.2663
        ]
      },
      "properties": {
        "id": "166",
        "datetime": "2026-07-23T01:38:13",
        "date": "2026-07-23",
        "time": "01:38:13",
        "latitude": -8.2663,
        "longitude": 114.8001,
        "depth_km": 165.0,
        "depth_class": "Menengah",
        "magnitude": 3.6,
        "magnitude_class": "3to5",
        "location": "Bali Region, Indonesia",
        "estimated_radius_km": 17.0,
        "estimated_radius_m": 17000,
        "felt": "",
        "tsunami_potential": "",
        "shakemap_url": "",
        "bmkg_note": "",
        "source": "Rekap bulanan",
        "source_row": 167
      }
    },
    {
      "type": "Feature",
      "id": "165",
      "geometry": {
        "type": "Point",
        "coordinates": [
          111.5223,
          -8.3509
        ]
      },
      "properties": {
        "id": "165",
        "datetime": "2026-07-23T01:58:40",
        "date": "2026-07-23",
        "time": "01:58:40",
        "latitude": -8.3509,
        "longitude": 111.5223,
        "depth_km": 14.0,
        "depth_class": "Dangkal",
        "magnitude": 2.3,
        "magnitude_class": "lt3",
        "location": "Java, Indonesia",
        "estimated_radius_km": 7.9,
        "estimated_radius_m": 7900,
        "felt": "",
        "tsunami_potential": "",
        "shakemap_url": "",
        "bmkg_note": "",
        "source": "Rekap bulanan",
        "source_row": 166
      }
    },
    {
      "type": "Feature",
      "id": "164",
      "geometry": {
        "type": "Point",
        "coordinates": [
          108.1329,
          -9.4206
        ]
      },
      "properties": {
        "id": "164",
        "datetime": "2026-07-23T04:15:49",
        "date": "2026-07-23",
        "time": "04:15:49",
        "latitude": -9.4206,
        "longitude": 108.1329,
        "depth_km": 31.0,
        "depth_class": "Dangkal",
        "magnitude": 3.6,
        "magnitude_class": "3to5",
        "location": "South of Java, Indonesia",
        "estimated_radius_km": 21.7,
        "estimated_radius_m": 21700,
        "felt": "",
        "tsunami_potential": "",
        "shakemap_url": "",
        "bmkg_note": "",
        "source": "Rekap bulanan",
        "source_row": 165
      }
    },
    {
      "type": "Feature",
      "id": "163",
      "geometry": {
        "type": "Point",
        "coordinates": [
          110.8853,
          -7.8615
        ]
      },
      "properties": {
        "id": "163",
        "datetime": "2026-07-23T07:29:11",
        "date": "2026-07-23",
        "time": "07:29:11",
        "latitude": -7.8615,
        "longitude": 110.8853,
        "depth_km": 31.0,
        "depth_class": "Dangkal",
        "magnitude": 2.2,
        "magnitude_class": "lt3",
        "location": "Java, Indonesia",
        "estimated_radius_km": 7.5,
        "estimated_radius_m": 7500,
        "felt": "",
        "tsunami_potential": "",
        "shakemap_url": "",
        "bmkg_note": "",
        "source": "Rekap bulanan",
        "source_row": 164
      }
    },
    {
      "type": "Feature",
      "id": "162",
      "geometry": {
        "type": "Point",
        "coordinates": [
          110.2382,
          -8.3246
        ]
      },
      "properties": {
        "id": "162",
        "datetime": "2026-07-23T10:29:57",
        "date": "2026-07-23",
        "time": "10:29:57",
        "latitude": -8.3246,
        "longitude": 110.2382,
        "depth_km": 12.0,
        "depth_class": "Dangkal",
        "magnitude": 2.6,
        "magnitude_class": "lt3",
        "location": "Java, Indonesia",
        "estimated_radius_km": 8.6,
        "estimated_radius_m": 8600,
        "felt": "",
        "tsunami_potential": "",
        "shakemap_url": "",
        "bmkg_note": "",
        "source": "Rekap bulanan",
        "source_row": 163
      }
    },
    {
      "type": "Feature",
      "id": "161",
      "geometry": {
        "type": "Point",
        "coordinates": [
          112.4787,
          -8.355
        ]
      },
      "properties": {
        "id": "161",
        "datetime": "2026-07-23T14:31:40",
        "date": "2026-07-23",
        "time": "14:31:40",
        "latitude": -8.355,
        "longitude": 112.4787,
        "depth_km": 94.0,
        "depth_class": "Menengah",
        "magnitude": 3.4,
        "magnitude_class": "3to5",
        "location": "Java, Indonesia",
        "estimated_radius_km": 16.4,
        "estimated_radius_m": 16400,
        "felt": "",
        "tsunami_potential": "",
        "shakemap_url": "",
        "bmkg_note": "",
        "source": "Rekap bulanan",
        "source_row": 162
      }
    },
    {
      "type": "Feature",
      "id": "160",
      "geometry": {
        "type": "Point",
        "coordinates": [
          110.4865,
          -8.9348
        ]
      },
      "properties": {
        "id": "160",
        "datetime": "2026-07-23T15:07:34",
        "date": "2026-07-23",
        "time": "15:07:34",
        "latitude": -8.9348,
        "longitude": 110.4865,
        "depth_km": 29.0,
        "depth_class": "Dangkal",
        "magnitude": 2.7,
        "magnitude_class": "lt3",
        "location": "Java, Indonesia",
        "estimated_radius_km": 8.5,
        "estimated_radius_m": 8500,
        "felt": "",
        "tsunami_potential": "",
        "shakemap_url": "",
        "bmkg_note": "",
        "source": "Rekap bulanan",
        "source_row": 161
      }
    },
    {
      "type": "Feature",
      "id": "159",
      "geometry": {
        "type": "Point",
        "coordinates": [
          109.272,
          -8.201
        ]
      },
      "properties": {
        "id": "159",
        "datetime": "2026-07-23T17:09:57",
        "date": "2026-07-23",
        "time": "17:09:57",
        "latitude": -8.201,
        "longitude": 109.272,
        "depth_km": 27.0,
        "depth_class": "Dangkal",
        "magnitude": 2.5,
        "magnitude_class": "lt3",
        "location": "Java, Indonesia",
        "estimated_radius_km": 8.1,
        "estimated_radius_m": 8100,
        "felt": "",
        "tsunami_potential": "",
        "shakemap_url": "",
        "bmkg_note": "",
        "source": "Rekap bulanan",
        "source_row": 160
      }
    },
    {
      "type": "Feature",
      "id": "158",
      "geometry": {
        "type": "Point",
        "coordinates": [
          112.8848,
          -8.3631
        ]
      },
      "properties": {
        "id": "158",
        "datetime": "2026-07-23T17:34:36",
        "date": "2026-07-23",
        "time": "17:34:36",
        "latitude": -8.3631,
        "longitude": 112.8848,
        "depth_km": 116.0,
        "depth_class": "Menengah",
        "magnitude": 2.4,
        "magnitude_class": "lt3",
        "location": "Java, Indonesia",
        "estimated_radius_km": 6.8,
        "estimated_radius_m": 6800,
        "felt": "",
        "tsunami_potential": "",
        "shakemap_url": "",
        "bmkg_note": "",
        "source": "Rekap bulanan",
        "source_row": 159
      }
    },
    {
      "type": "Feature",
      "id": "157",
      "geometry": {
        "type": "Point",
        "coordinates": [
          110.3962,
          -7.9674
        ]
      },
      "properties": {
        "id": "157",
        "datetime": "2026-07-23T17:48:29",
        "date": "2026-07-23",
        "time": "17:48:29",
        "latitude": -7.9674,
        "longitude": 110.3962,
        "depth_km": 13.0,
        "depth_class": "Dangkal",
        "magnitude": 1.4,
        "magnitude_class": "lt3",
        "location": "Java, Indonesia",
        "estimated_radius_km": 6.0,
        "estimated_radius_m": 6000,
        "felt": "",
        "tsunami_potential": "",
        "shakemap_url": "",
        "bmkg_note": "",
        "source": "Rekap bulanan",
        "source_row": 158
      }
    },
    {
      "type": "Feature",
      "id": "156",
      "geometry": {
        "type": "Point",
        "coordinates": [
          110.1328,
          -8.8684
        ]
      },
      "properties": {
        "id": "156",
        "datetime": "2026-07-23T18:32:23",
        "date": "2026-07-23",
        "time": "18:32:23",
        "latitude": -8.8684,
        "longitude": 110.1328,
        "depth_km": 14.0,
        "depth_class": "Dangkal",
        "magnitude": 2.7,
        "magnitude_class": "lt3",
        "location": "Java, Indonesia",
        "estimated_radius_km": 8.7,
        "estimated_radius_m": 8700,
        "felt": "",
        "tsunami_potential": "",
        "shakemap_url": "",
        "bmkg_note": "",
        "source": "Rekap bulanan",
        "source_row": 157
      }
    },
    {
      "type": "Feature",
      "id": "155",
      "geometry": {
        "type": "Point",
        "coordinates": [
          110.7499,
          -8.9414
        ]
      },
      "properties": {
        "id": "155",
        "datetime": "2026-07-23T18:38:11",
        "date": "2026-07-23",
        "time": "18:38:11",
        "latitude": -8.9414,
        "longitude": 110.7499,
        "depth_km": 56.0,
        "depth_class": "Dangkal",
        "magnitude": 2.7,
        "magnitude_class": "lt3",
        "location": "Java, Indonesia",
        "estimated_radius_km": 8.2,
        "estimated_radius_m": 8200,
        "felt": "",
        "tsunami_potential": "",
        "shakemap_url": "",
        "bmkg_note": "",
        "source": "Rekap bulanan",
        "source_row": 156
      }
    },
    {
      "type": "Feature",
      "id": "154",
      "geometry": {
        "type": "Point",
        "coordinates": [
          111.3829,
          -8.7599
        ]
      },
      "properties": {
        "id": "154",
        "datetime": "2026-07-23T19:28:47",
        "date": "2026-07-23",
        "time": "19:28:47",
        "latitude": -8.7599,
        "longitude": 111.3829,
        "depth_km": 10.0,
        "depth_class": "Dangkal",
        "magnitude": 2.6,
        "magnitude_class": "lt3",
        "location": "Java, Indonesia",
        "estimated_radius_km": 8.6,
        "estimated_radius_m": 8600,
        "felt": "",
        "tsunami_potential": "",
        "shakemap_url": "",
        "bmkg_note": "",
        "source": "Rekap bulanan",
        "source_row": 155
      }
    },
    {
      "type": "Feature",
      "id": "153",
      "geometry": {
        "type": "Point",
        "coordinates": [
          111.9727,
          -8.2627
        ]
      },
      "properties": {
        "id": "153",
        "datetime": "2026-07-23T21:25:11",
        "date": "2026-07-23",
        "time": "21:25:11",
        "latitude": -8.2627,
        "longitude": 111.9727,
        "depth_km": 120.0,
        "depth_class": "Menengah",
        "magnitude": 2.8,
        "magnitude_class": "lt3",
        "location": "Java, Indonesia",
        "estimated_radius_km": 7.5,
        "estimated_radius_m": 7500,
        "felt": "",
        "tsunami_potential": "",
        "shakemap_url": "",
        "bmkg_note": "",
        "source": "Rekap bulanan",
        "source_row": 154
      }
    },
    {
      "type": "Feature",
      "id": "152",
      "geometry": {
        "type": "Point",
        "coordinates": [
          113.4924,
          -9.0165
        ]
      },
      "properties": {
        "id": "152",
        "datetime": "2026-07-23T21:56:05",
        "date": "2026-07-23",
        "time": "21:56:05",
        "latitude": -9.0165,
        "longitude": 113.4924,
        "depth_km": 10.0,
        "depth_class": "Dangkal",
        "magnitude": 2.4,
        "magnitude_class": "lt3",
        "location": "South of Java, Indonesia",
        "estimated_radius_km": 8.2,
        "estimated_radius_m": 8200,
        "felt": "",
        "tsunami_potential": "",
        "shakemap_url": "",
        "bmkg_note": "",
        "source": "Rekap bulanan",
        "source_row": 153
      }
    },
    {
      "type": "Feature",
      "id": "151",
      "geometry": {
        "type": "Point",
        "coordinates": [
          128.5205,
          2.4569
        ]
      },
      "properties": {
        "id": "151",
        "datetime": "2026-07-23T22:58:04",
        "date": "2026-07-23",
        "time": "22:58:04",
        "latitude": 2.4569,
        "longitude": 128.5205,
        "depth_km": 10.0,
        "depth_class": "Dangkal",
        "magnitude": 5.7,
        "magnitude_class": "gte5",
        "location": "Halmahera, Indonesia",
        "estimated_radius_km": 78.2,
        "estimated_radius_m": 78200,
        "felt": "",
        "tsunami_potential": "",
        "shakemap_url": "",
        "bmkg_note": "",
        "source": "Rekap bulanan",
        "source_row": 152
      }
    },
    {
      "type": "Feature",
      "id": "150",
      "geometry": {
        "type": "Point",
        "coordinates": [
          109.1745,
          -8.1902
        ]
      },
      "properties": {
        "id": "150",
        "datetime": "2026-07-23T23:49:04",
        "date": "2026-07-23",
        "time": "23:49:04",
        "latitude": -8.1902,
        "longitude": 109.1745,
        "depth_km": 55.0,
        "depth_class": "Dangkal",
        "magnitude": 2.6,
        "magnitude_class": "lt3",
        "location": "Java, Indonesia",
        "estimated_radius_km": 8.0,
        "estimated_radius_m": 8000,
        "felt": "",
        "tsunami_potential": "",
        "shakemap_url": "",
        "bmkg_note": "",
        "source": "Rekap bulanan",
        "source_row": 151
      }
    },
    {
      "type": "Feature",
      "id": "149",
      "geometry": {
        "type": "Point",
        "coordinates": [
          110.2531,
          -8.2767
        ]
      },
      "properties": {
        "id": "149",
        "datetime": "2026-07-24T00:33:20",
        "date": "2026-07-24",
        "time": "00:33:20",
        "latitude": -8.2767,
        "longitude": 110.2531,
        "depth_km": 16.0,
        "depth_class": "Dangkal",
        "magnitude": 2.0,
        "magnitude_class": "lt3",
        "location": "Java, Indonesia",
        "estimated_radius_km": 7.2,
        "estimated_radius_m": 7200,
        "felt": "",
        "tsunami_potential": "",
        "shakemap_url": "",
        "bmkg_note": "",
        "source": "Rekap bulanan",
        "source_row": 150
      }
    },
    {
      "type": "Feature",
      "id": "148",
      "geometry": {
        "type": "Point",
        "coordinates": [
          112.2067,
          -8.7073
        ]
      },
      "properties": {
        "id": "148",
        "datetime": "2026-07-24T02:23:28",
        "date": "2026-07-24",
        "time": "02:23:28",
        "latitude": -8.7073,
        "longitude": 112.2067,
        "depth_km": 50.0,
        "depth_class": "Dangkal",
        "magnitude": 3.0,
        "magnitude_class": "3to5",
        "location": "Java, Indonesia",
        "estimated_radius_km": 11.1,
        "estimated_radius_m": 11100,
        "felt": "",
        "tsunami_potential": "",
        "shakemap_url": "",
        "bmkg_note": "",
        "source": "Rekap bulanan",
        "source_row": 149
      }
    },
    {
      "type": "Feature",
      "id": "147",
      "geometry": {
        "type": "Point",
        "coordinates": [
          111.9321,
          -7.9366
        ]
      },
      "properties": {
        "id": "147",
        "datetime": "2026-07-24T05:00:14",
        "date": "2026-07-24",
        "time": "05:00:14",
        "latitude": -7.9366,
        "longitude": 111.9321,
        "depth_km": 152.0,
        "depth_class": "Menengah",
        "magnitude": 3.5,
        "magnitude_class": "3to5",
        "location": "Java, Indonesia",
        "estimated_radius_km": 16.1,
        "estimated_radius_m": 16100,
        "felt": "",
        "tsunami_potential": "",
        "shakemap_url": "",
        "bmkg_note": "",
        "source": "Rekap bulanan",
        "source_row": 148
      }
    },
    {
      "type": "Feature",
      "id": "146",
      "geometry": {
        "type": "Point",
        "coordinates": [
          110.432,
          -7.9472
        ]
      },
      "properties": {
        "id": "146",
        "datetime": "2026-07-24T08:49:16",
        "date": "2026-07-24",
        "time": "08:49:16",
        "latitude": -7.9472,
        "longitude": 110.432,
        "depth_km": 8.0,
        "depth_class": "Dangkal",
        "magnitude": 1.5,
        "magnitude_class": "lt3",
        "location": "Java, Indonesia",
        "estimated_radius_km": 6.2,
        "estimated_radius_m": 6200,
        "felt": "",
        "tsunami_potential": "",
        "shakemap_url": "",
        "bmkg_note": "",
        "source": "Rekap bulanan",
        "source_row": 147
      }
    },
    {
      "type": "Feature",
      "id": "145",
      "geometry": {
        "type": "Point",
        "coordinates": [
          110.2864,
          -8.8727
        ]
      },
      "properties": {
        "id": "145",
        "datetime": "2026-07-24T09:44:35",
        "date": "2026-07-24",
        "time": "09:44:35",
        "latitude": -8.8727,
        "longitude": 110.2864,
        "depth_km": 7.0,
        "depth_class": "Dangkal",
        "magnitude": 3.5,
        "magnitude_class": "3to5",
        "location": "Java, Indonesia",
        "estimated_radius_km": 20.8,
        "estimated_radius_m": 20800,
        "felt": "",
        "tsunami_potential": "",
        "shakemap_url": "",
        "bmkg_note": "",
        "source": "Rekap bulanan",
        "source_row": 146
      }
    },
    {
      "type": "Feature",
      "id": "144",
      "geometry": {
        "type": "Point",
        "coordinates": [
          110.4582,
          -7.8987
        ]
      },
      "properties": {
        "id": "144",
        "datetime": "2026-07-24T13:24:40",
        "date": "2026-07-24",
        "time": "13:24:40",
        "latitude": -7.8987,
        "longitude": 110.4582,
        "depth_km": 13.0,
        "depth_class": "Dangkal",
        "magnitude": 1.4,
        "magnitude_class": "lt3",
        "location": "Java, Indonesia",
        "estimated_radius_km": 6.0,
        "estimated_radius_m": 6000,
        "felt": "",
        "tsunami_potential": "",
        "shakemap_url": "",
        "bmkg_note": "",
        "source": "Rekap bulanan",
        "source_row": 145
      }
    },
    {
      "type": "Feature",
      "id": "143",
      "geometry": {
        "type": "Point",
        "coordinates": [
          108.5134,
          -8.2194
        ]
      },
      "properties": {
        "id": "143",
        "datetime": "2026-07-24T15:30:40",
        "date": "2026-07-24",
        "time": "15:30:40",
        "latitude": -8.2194,
        "longitude": 108.5134,
        "depth_km": 72.0,
        "depth_class": "Menengah",
        "magnitude": 2.9,
        "magnitude_class": "lt3",
        "location": "Java, Indonesia",
        "estimated_radius_km": 8.3,
        "estimated_radius_m": 8300,
        "felt": "",
        "tsunami_potential": "",
        "shakemap_url": "",
        "bmkg_note": "",
        "source": "Rekap bulanan",
        "source_row": 144
      }
    },
    {
      "type": "Feature",
      "id": "142",
      "geometry": {
        "type": "Point",
        "coordinates": [
          112.44,
          -8.9026
        ]
      },
      "properties": {
        "id": "142",
        "datetime": "2026-07-24T15:46:28",
        "date": "2026-07-24",
        "time": "15:46:28",
        "latitude": -8.9026,
        "longitude": 112.44,
        "depth_km": 35.0,
        "depth_class": "Dangkal",
        "magnitude": 2.7,
        "magnitude_class": "lt3",
        "location": "Java, Indonesia",
        "estimated_radius_km": 8.5,
        "estimated_radius_m": 8500,
        "felt": "",
        "tsunami_potential": "",
        "shakemap_url": "",
        "bmkg_note": "",
        "source": "Rekap bulanan",
        "source_row": 143
      }
    },
    {
      "type": "Feature",
      "id": "141",
      "geometry": {
        "type": "Point",
        "coordinates": [
          111.4425,
          -9.2103
        ]
      },
      "properties": {
        "id": "141",
        "datetime": "2026-07-24T19:02:25",
        "date": "2026-07-24",
        "time": "19:02:25",
        "latitude": -9.2103,
        "longitude": 111.4425,
        "depth_km": 20.0,
        "depth_class": "Dangkal",
        "magnitude": 3.3,
        "magnitude_class": "3to5",
        "location": "South of Java, Indonesia",
        "estimated_radius_km": 16.9,
        "estimated_radius_m": 16900,
        "felt": "",
        "tsunami_potential": "",
        "shakemap_url": "",
        "bmkg_note": "",
        "source": "Rekap bulanan",
        "source_row": 142
      }
    },
    {
      "type": "Feature",
      "id": "140",
      "geometry": {
        "type": "Point",
        "coordinates": [
          111.7203,
          -8.4822
        ]
      },
      "properties": {
        "id": "140",
        "datetime": "2026-07-24T19:56:42",
        "date": "2026-07-24",
        "time": "19:56:42",
        "latitude": -8.4822,
        "longitude": 111.7203,
        "depth_km": 750.0,
        "depth_class": "Dalam",
        "magnitude": 3.3,
        "magnitude_class": "3to5",
        "location": "Java, Indonesia",
        "estimated_radius_km": 7.8,
        "estimated_radius_m": 7800,
        "felt": "",
        "tsunami_potential": "",
        "shakemap_url": "",
        "bmkg_note": "",
        "source": "Rekap bulanan",
        "source_row": 141
      }
    },
    {
      "type": "Feature",
      "id": "139",
      "geometry": {
        "type": "Point",
        "coordinates": [
          113.2297,
          -10.1946
        ]
      },
      "properties": {
        "id": "139",
        "datetime": "2026-07-24T21:33:55",
        "date": "2026-07-24",
        "time": "21:33:55",
        "latitude": -10.1946,
        "longitude": 113.2297,
        "depth_km": 20.0,
        "depth_class": "Dangkal",
        "magnitude": 3.4,
        "magnitude_class": "3to5",
        "location": "South of Java, Indonesia",
        "estimated_radius_km": 18.6,
        "estimated_radius_m": 18600,
        "felt": "",
        "tsunami_potential": "",
        "shakemap_url": "",
        "bmkg_note": "",
        "source": "Rekap bulanan",
        "source_row": 140
      }
    },
    {
      "type": "Feature",
      "id": "138",
      "geometry": {
        "type": "Point",
        "coordinates": [
          110.3738,
          -9.0907
        ]
      },
      "properties": {
        "id": "138",
        "datetime": "2026-07-24T21:39:11",
        "date": "2026-07-24",
        "time": "21:39:11",
        "latitude": -9.0907,
        "longitude": 110.3738,
        "depth_km": 11.0,
        "depth_class": "Dangkal",
        "magnitude": 2.8,
        "magnitude_class": "lt3",
        "location": "South of Java, Indonesia",
        "estimated_radius_km": 9.0,
        "estimated_radius_m": 9000,
        "felt": "",
        "tsunami_potential": "",
        "shakemap_url": "",
        "bmkg_note": "",
        "source": "Rekap bulanan",
        "source_row": 139
      }
    },
    {
      "type": "Feature",
      "id": "137",
      "geometry": {
        "type": "Point",
        "coordinates": [
          118.7387,
          -9.6832
        ]
      },
      "properties": {
        "id": "137",
        "datetime": "2026-07-24T21:45:22",
        "date": "2026-07-24",
        "time": "21:45:22",
        "latitude": -9.6832,
        "longitude": 118.7387,
        "depth_km": 750.0,
        "depth_class": "Dalam",
        "magnitude": 5.2,
        "magnitude_class": "gte5",
        "location": "Sumbawa Region, Indonesia",
        "estimated_radius_km": 26.3,
        "estimated_radius_m": 26300,
        "felt": "",
        "tsunami_potential": "",
        "shakemap_url": "",
        "bmkg_note": "",
        "source": "Rekap bulanan",
        "source_row": 138
      }
    },
    {
      "type": "Feature",
      "id": "136",
      "geometry": {
        "type": "Point",
        "coordinates": [
          110.5198,
          -7.8621
        ]
      },
      "properties": {
        "id": "136",
        "datetime": "2026-07-24T23:20:48",
        "date": "2026-07-24",
        "time": "23:20:48",
        "latitude": -7.8621,
        "longitude": 110.5198,
        "depth_km": 17.0,
        "depth_class": "Dangkal",
        "magnitude": 1.4,
        "magnitude_class": "lt3",
        "location": "Java, Indonesia",
        "estimated_radius_km": 5.9,
        "estimated_radius_m": 5900,
        "felt": "",
        "tsunami_potential": "",
        "shakemap_url": "",
        "bmkg_note": "",
        "source": "Rekap bulanan",
        "source_row": 137
      }
    },
    {
      "type": "Feature",
      "id": "135",
      "geometry": {
        "type": "Point",
        "coordinates": [
          109.7741,
          -9.2304
        ]
      },
      "properties": {
        "id": "135",
        "datetime": "2026-07-25T01:11:01",
        "date": "2026-07-25",
        "time": "01:11:01",
        "latitude": -9.2304,
        "longitude": 109.7741,
        "depth_km": 32.0,
        "depth_class": "Dangkal",
        "magnitude": 3.0,
        "magnitude_class": "3to5",
        "location": "South of Java, Indonesia",
        "estimated_radius_km": 11.4,
        "estimated_radius_m": 11400,
        "felt": "",
        "tsunami_potential": "",
        "shakemap_url": "",
        "bmkg_note": "",
        "source": "Rekap bulanan",
        "source_row": 136
      }
    },
    {
      "type": "Feature",
      "id": "134",
      "geometry": {
        "type": "Point",
        "coordinates": [
          110.6633,
          -8.4341
        ]
      },
      "properties": {
        "id": "134",
        "datetime": "2026-07-25T04:47:22",
        "date": "2026-07-25",
        "time": "04:47:22",
        "latitude": -8.4341,
        "longitude": 110.6633,
        "depth_km": 16.0,
        "depth_class": "Dangkal",
        "magnitude": 2.3,
        "magnitude_class": "lt3",
        "location": "Java, Indonesia",
        "estimated_radius_km": 7.9,
        "estimated_radius_m": 7900,
        "felt": "",
        "tsunami_potential": "",
        "shakemap_url": "",
        "bmkg_note": "",
        "source": "Rekap bulanan",
        "source_row": 135
      }
    },
    {
      "type": "Feature",
      "id": "133",
      "geometry": {
        "type": "Point",
        "coordinates": [
          112.6998,
          -10.7912
        ]
      },
      "properties": {
        "id": "133",
        "datetime": "2026-07-25T05:08:21",
        "date": "2026-07-25",
        "time": "05:08:21",
        "latitude": -10.7912,
        "longitude": 112.6998,
        "depth_km": 10.0,
        "depth_class": "Dangkal",
        "magnitude": 4.0,
        "magnitude_class": "3to5",
        "location": "South of Java, Indonesia",
        "estimated_radius_km": 29.5,
        "estimated_radius_m": 29500,
        "felt": "",
        "tsunami_potential": "",
        "shakemap_url": "",
        "bmkg_note": "",
        "source": "Rekap bulanan",
        "source_row": 134
      }
    },
    {
      "type": "Feature",
      "id": "132",
      "geometry": {
        "type": "Point",
        "coordinates": [
          109.0464,
          -7.422
        ]
      },
      "properties": {
        "id": "132",
        "datetime": "2026-07-25T05:49:24",
        "date": "2026-07-25",
        "time": "05:49:24",
        "latitude": -7.422,
        "longitude": 109.0464,
        "depth_km": 33.0,
        "depth_class": "Dangkal",
        "magnitude": 2.4,
        "magnitude_class": "lt3",
        "location": "Java, Indonesia",
        "estimated_radius_km": 7.9,
        "estimated_radius_m": 7900,
        "felt": "",
        "tsunami_potential": "",
        "shakemap_url": "",
        "bmkg_note": "",
        "source": "Rekap bulanan",
        "source_row": 133
      }
    },
    {
      "type": "Feature",
      "id": "131",
      "geometry": {
        "type": "Point",
        "coordinates": [
          110.8086,
          -8.387
        ]
      },
      "properties": {
        "id": "131",
        "datetime": "2026-07-25T06:59:10",
        "date": "2026-07-25",
        "time": "06:59:10",
        "latitude": -8.387,
        "longitude": 110.8086,
        "depth_km": 16.0,
        "depth_class": "Dangkal",
        "magnitude": 2.5,
        "magnitude_class": "lt3",
        "location": "Java, Indonesia",
        "estimated_radius_km": 8.3,
        "estimated_radius_m": 8300,
        "felt": "",
        "tsunami_potential": "",
        "shakemap_url": "",
        "bmkg_note": "",
        "source": "Rekap bulanan",
        "source_row": 132
      }
    },
    {
      "type": "Feature",
      "id": "130",
      "geometry": {
        "type": "Point",
        "coordinates": [
          110.3552,
          -10.0611
        ]
      },
      "properties": {
        "id": "130",
        "datetime": "2026-07-25T07:53:50",
        "date": "2026-07-25",
        "time": "07:53:50",
        "latitude": -10.0611,
        "longitude": 110.3552,
        "depth_km": 12.0,
        "depth_class": "Dangkal",
        "magnitude": 3.3,
        "magnitude_class": "3to5",
        "location": "South of Java, Indonesia",
        "estimated_radius_km": 17.1,
        "estimated_radius_m": 17100,
        "felt": "",
        "tsunami_potential": "",
        "shakemap_url": "",
        "bmkg_note": "",
        "source": "Rekap bulanan",
        "source_row": 131
      }
    },
    {
      "type": "Feature",
      "id": "129",
      "geometry": {
        "type": "Point",
        "coordinates": [
          110.1431,
          -8.8914
        ]
      },
      "properties": {
        "id": "129",
        "datetime": "2026-07-25T09:07:41",
        "date": "2026-07-25",
        "time": "09:07:41",
        "latitude": -8.8914,
        "longitude": 110.1431,
        "depth_km": 10.0,
        "depth_class": "Dangkal",
        "magnitude": 2.7,
        "magnitude_class": "lt3",
        "location": "Java, Indonesia",
        "estimated_radius_km": 8.8,
        "estimated_radius_m": 8800,
        "felt": "",
        "tsunami_potential": "",
        "shakemap_url": "",
        "bmkg_note": "",
        "source": "Rekap bulanan",
        "source_row": 130
      }
    },
    {
      "type": "Feature",
      "id": "128",
      "geometry": {
        "type": "Point",
        "coordinates": [
          111.3876,
          -9.0102
        ]
      },
      "properties": {
        "id": "128",
        "datetime": "2026-07-25T10:02:01",
        "date": "2026-07-25",
        "time": "10:02:01",
        "latitude": -9.0102,
        "longitude": 111.3876,
        "depth_km": 110.0,
        "depth_class": "Menengah",
        "magnitude": 2.7,
        "magnitude_class": "lt3",
        "location": "South of Java, Indonesia",
        "estimated_radius_km": 7.4,
        "estimated_radius_m": 7400,
        "felt": "",
        "tsunami_potential": "",
        "shakemap_url": "",
        "bmkg_note": "",
        "source": "Rekap bulanan",
        "source_row": 129
      }
    },
    {
      "type": "Feature",
      "id": "127",
      "geometry": {
        "type": "Point",
        "coordinates": [
          111.0766,
          -8.8065
        ]
      },
      "properties": {
        "id": "127",
        "datetime": "2026-07-25T10:47:58",
        "date": "2026-07-25",
        "time": "10:47:58",
        "latitude": -8.8065,
        "longitude": 111.0766,
        "depth_km": 11.0,
        "depth_class": "Dangkal",
        "magnitude": 2.7,
        "magnitude_class": "lt3",
        "location": "Java, Indonesia",
        "estimated_radius_km": 8.8,
        "estimated_radius_m": 8800,
        "felt": "",
        "tsunami_potential": "",
        "shakemap_url": "",
        "bmkg_note": "",
        "source": "Rekap bulanan",
        "source_row": 128
      }
    },
    {
      "type": "Feature",
      "id": "126",
      "geometry": {
        "type": "Point",
        "coordinates": [
          108.7264,
          -8.3371
        ]
      },
      "properties": {
        "id": "126",
        "datetime": "2026-07-25T10:56:35",
        "date": "2026-07-25",
        "time": "10:56:35",
        "latitude": -8.3371,
        "longitude": 108.7264,
        "depth_km": 35.0,
        "depth_class": "Dangkal",
        "magnitude": 2.8,
        "magnitude_class": "lt3",
        "location": "Java, Indonesia",
        "estimated_radius_km": 8.7,
        "estimated_radius_m": 8700,
        "felt": "",
        "tsunami_potential": "",
        "shakemap_url": "",
        "bmkg_note": "",
        "source": "Rekap bulanan",
        "source_row": 127
      }
    },
    {
      "type": "Feature",
      "id": "125",
      "geometry": {
        "type": "Point",
        "coordinates": [
          110.2682,
          -8.366
        ]
      },
      "properties": {
        "id": "125",
        "datetime": "2026-07-25T12:19:09",
        "date": "2026-07-25",
        "time": "12:19:09",
        "latitude": -8.366,
        "longitude": 110.2682,
        "depth_km": 8.0,
        "depth_class": "Dangkal",
        "magnitude": 2.4,
        "magnitude_class": "lt3",
        "location": "Java, Indonesia",
        "estimated_radius_km": 8.2,
        "estimated_radius_m": 8200,
        "felt": "",
        "tsunami_potential": "",
        "shakemap_url": "",
        "bmkg_note": "",
        "source": "Rekap bulanan",
        "source_row": 126
      }
    },
    {
      "type": "Feature",
      "id": "124",
      "geometry": {
        "type": "Point",
        "coordinates": [
          109.9565,
          -8.4947
        ]
      },
      "properties": {
        "id": "124",
        "datetime": "2026-07-25T12:31:12",
        "date": "2026-07-25",
        "time": "12:31:12",
        "latitude": -8.4947,
        "longitude": 109.9565,
        "depth_km": 39.0,
        "depth_class": "Dangkal",
        "magnitude": 3.0,
        "magnitude_class": "3to5",
        "location": "Java, Indonesia",
        "estimated_radius_km": 11.3,
        "estimated_radius_m": 11300,
        "felt": "",
        "tsunami_potential": "",
        "shakemap_url": "",
        "bmkg_note": "",
        "source": "Rekap bulanan",
        "source_row": 125
      }
    },
    {
      "type": "Feature",
      "id": "123",
      "geometry": {
        "type": "Point",
        "coordinates": [
          113.4324,
          -8.9828
        ]
      },
      "properties": {
        "id": "123",
        "datetime": "2026-07-25T13:00:56",
        "date": "2026-07-25",
        "time": "13:00:56",
        "latitude": -8.9828,
        "longitude": 113.4324,
        "depth_km": 27.0,
        "depth_class": "Dangkal",
        "magnitude": 2.8,
        "magnitude_class": "lt3",
        "location": "Java, Indonesia",
        "estimated_radius_km": 8.8,
        "estimated_radius_m": 8800,
        "felt": "",
        "tsunami_potential": "",
        "shakemap_url": "",
        "bmkg_note": "",
        "source": "Rekap bulanan",
        "source_row": 124
      }
    },
    {
      "type": "Feature",
      "id": "122",
      "geometry": {
        "type": "Point",
        "coordinates": [
          110.2857,
          -8.8921
        ]
      },
      "properties": {
        "id": "122",
        "datetime": "2026-07-25T13:31:03",
        "date": "2026-07-25",
        "time": "13:31:03",
        "latitude": -8.8921,
        "longitude": 110.2857,
        "depth_km": 6.0,
        "depth_class": "Dangkal",
        "magnitude": 2.7,
        "magnitude_class": "lt3",
        "location": "Java, Indonesia",
        "estimated_radius_km": 8.9,
        "estimated_radius_m": 8900,
        "felt": "",
        "tsunami_potential": "",
        "shakemap_url": "",
        "bmkg_note": "",
        "source": "Rekap bulanan",
        "source_row": 123
      }
    },
    {
      "type": "Feature",
      "id": "121",
      "geometry": {
        "type": "Point",
        "coordinates": [
          111.6024,
          -7.9919
        ]
      },
      "properties": {
        "id": "121",
        "datetime": "2026-07-25T13:58:44",
        "date": "2026-07-25",
        "time": "13:58:44",
        "latitude": -7.9919,
        "longitude": 111.6024,
        "depth_km": 2.0,
        "depth_class": "Dangkal",
        "magnitude": 2.1,
        "magnitude_class": "lt3",
        "location": "Java, Indonesia",
        "estimated_radius_km": 7.6,
        "estimated_radius_m": 7600,
        "felt": "",
        "tsunami_potential": "",
        "shakemap_url": "",
        "bmkg_note": "",
        "source": "Rekap bulanan",
        "source_row": 122
      }
    },
    {
      "type": "Feature",
      "id": "120",
      "geometry": {
        "type": "Point",
        "coordinates": [
          110.9776,
          -8.4605
        ]
      },
      "properties": {
        "id": "120",
        "datetime": "2026-07-25T16:17:47",
        "date": "2026-07-25",
        "time": "16:17:47",
        "latitude": -8.4605,
        "longitude": 110.9776,
        "depth_km": 32.0,
        "depth_class": "Dangkal",
        "magnitude": 2.5,
        "magnitude_class": "lt3",
        "location": "Java, Indonesia",
        "estimated_radius_km": 8.1,
        "estimated_radius_m": 8100,
        "felt": "",
        "tsunami_potential": "",
        "shakemap_url": "",
        "bmkg_note": "",
        "source": "Rekap bulanan",
        "source_row": 121
      }
    },
    {
      "type": "Feature",
      "id": "119",
      "geometry": {
        "type": "Point",
        "coordinates": [
          111.8686,
          -8.9258
        ]
      },
      "properties": {
        "id": "119",
        "datetime": "2026-07-25T18:07:05",
        "date": "2026-07-25",
        "time": "18:07:05",
        "latitude": -8.9258,
        "longitude": 111.8686,
        "depth_km": 11.0,
        "depth_class": "Dangkal",
        "magnitude": 2.8,
        "magnitude_class": "lt3",
        "location": "Java, Indonesia",
        "estimated_radius_km": 9.0,
        "estimated_radius_m": 9000,
        "felt": "",
        "tsunami_potential": "",
        "shakemap_url": "",
        "bmkg_note": "",
        "source": "Rekap bulanan",
        "source_row": 120
      }
    },
    {
      "type": "Feature",
      "id": "118",
      "geometry": {
        "type": "Point",
        "coordinates": [
          110.1617,
          -9.2786
        ]
      },
      "properties": {
        "id": "118",
        "datetime": "2026-07-25T18:15:03",
        "date": "2026-07-25",
        "time": "18:15:03",
        "latitude": -9.2786,
        "longitude": 110.1617,
        "depth_km": 7.0,
        "depth_class": "Dangkal",
        "magnitude": 2.9,
        "magnitude_class": "lt3",
        "location": "South of Java, Indonesia",
        "estimated_radius_km": 9.3,
        "estimated_radius_m": 9300,
        "felt": "",
        "tsunami_potential": "",
        "shakemap_url": "",
        "bmkg_note": "",
        "source": "Rekap bulanan",
        "source_row": 119
      }
    },
    {
      "type": "Feature",
      "id": "117",
      "geometry": {
        "type": "Point",
        "coordinates": [
          110.6105,
          -8.0792
        ]
      },
      "properties": {
        "id": "117",
        "datetime": "2026-07-25T18:50:44",
        "date": "2026-07-25",
        "time": "18:50:44",
        "latitude": -8.0792,
        "longitude": 110.6105,
        "depth_km": 10.0,
        "depth_class": "Dangkal",
        "magnitude": 1.5,
        "magnitude_class": "lt3",
        "location": "Java, Indonesia",
        "estimated_radius_km": 6.2,
        "estimated_radius_m": 6200,
        "felt": "",
        "tsunami_potential": "",
        "shakemap_url": "",
        "bmkg_note": "",
        "source": "Rekap bulanan",
        "source_row": 118
      }
    },
    {
      "type": "Feature",
      "id": "116",
      "geometry": {
        "type": "Point",
        "coordinates": [
          112.7837,
          -9.4489
        ]
      },
      "properties": {
        "id": "116",
        "datetime": "2026-07-25T19:54:11",
        "date": "2026-07-25",
        "time": "19:54:11",
        "latitude": -9.4489,
        "longitude": 112.7837,
        "depth_km": 29.0,
        "depth_class": "Dangkal",
        "magnitude": 2.9,
        "magnitude_class": "lt3",
        "location": "South of Java, Indonesia",
        "estimated_radius_km": 9.0,
        "estimated_radius_m": 9000,
        "felt": "",
        "tsunami_potential": "",
        "shakemap_url": "",
        "bmkg_note": "",
        "source": "Rekap bulanan",
        "source_row": 117
      }
    },
    {
      "type": "Feature",
      "id": "115",
      "geometry": {
        "type": "Point",
        "coordinates": [
          111.2693,
          -8.4831
        ]
      },
      "properties": {
        "id": "115",
        "datetime": "2026-07-25T20:43:26",
        "date": "2026-07-25",
        "time": "20:43:26",
        "latitude": -8.4831,
        "longitude": 111.2693,
        "depth_km": 16.0,
        "depth_class": "Dangkal",
        "magnitude": 2.6,
        "magnitude_class": "lt3",
        "location": "Java, Indonesia",
        "estimated_radius_km": 8.5,
        "estimated_radius_m": 8500,
        "felt": "",
        "tsunami_potential": "",
        "shakemap_url": "",
        "bmkg_note": "",
        "source": "Rekap bulanan",
        "source_row": 116
      }
    },
    {
      "type": "Feature",
      "id": "114",
      "geometry": {
        "type": "Point",
        "coordinates": [
          111.5157,
          -8.3297
        ]
      },
      "properties": {
        "id": "114",
        "datetime": "2026-07-25T20:50:00",
        "date": "2026-07-25",
        "time": "20:50:00",
        "latitude": -8.3297,
        "longitude": 111.5157,
        "depth_km": 6.0,
        "depth_class": "Dangkal",
        "magnitude": 2.5,
        "magnitude_class": "lt3",
        "location": "Java, Indonesia",
        "estimated_radius_km": 8.4,
        "estimated_radius_m": 8400,
        "felt": "",
        "tsunami_potential": "",
        "shakemap_url": "",
        "bmkg_note": "",
        "source": "Rekap bulanan",
        "source_row": 115
      }
    },
    {
      "type": "Feature",
      "id": "113",
      "geometry": {
        "type": "Point",
        "coordinates": [
          111.5637,
          -8.3922
        ]
      },
      "properties": {
        "id": "113",
        "datetime": "2026-07-25T21:36:05",
        "date": "2026-07-25",
        "time": "21:36:05",
        "latitude": -8.3922,
        "longitude": 111.5637,
        "depth_km": 10.0,
        "depth_class": "Dangkal",
        "magnitude": 2.3,
        "magnitude_class": "lt3",
        "location": "Java, Indonesia",
        "estimated_radius_km": 7.9,
        "estimated_radius_m": 7900,
        "felt": "",
        "tsunami_potential": "",
        "shakemap_url": "",
        "bmkg_note": "",
        "source": "Rekap bulanan",
        "source_row": 114
      }
    },
    {
      "type": "Feature",
      "id": "112",
      "geometry": {
        "type": "Point",
        "coordinates": [
          110.7229,
          -7.8727
        ]
      },
      "properties": {
        "id": "112",
        "datetime": "2026-07-25T21:45:23",
        "date": "2026-07-25",
        "time": "21:45:23",
        "latitude": -7.8727,
        "longitude": 110.7229,
        "depth_km": 264.0,
        "depth_class": "Menengah",
        "magnitude": 2.4,
        "magnitude_class": "lt3",
        "location": "Java, Indonesia",
        "estimated_radius_km": 4.9,
        "estimated_radius_m": 4900,
        "felt": "",
        "tsunami_potential": "",
        "shakemap_url": "",
        "bmkg_note": "",
        "source": "Rekap bulanan",
        "source_row": 113
      }
    },
    {
      "type": "Feature",
      "id": "111",
      "geometry": {
        "type": "Point",
        "coordinates": [
          109.1067,
          -8.5912
        ]
      },
      "properties": {
        "id": "111",
        "datetime": "2026-07-25T23:17:51",
        "date": "2026-07-25",
        "time": "23:17:51",
        "latitude": -8.5912,
        "longitude": 109.1067,
        "depth_km": 10.0,
        "depth_class": "Dangkal",
        "magnitude": 2.8,
        "magnitude_class": "lt3",
        "location": "Java, Indonesia",
        "estimated_radius_km": 9.0,
        "estimated_radius_m": 9000,
        "felt": "",
        "tsunami_potential": "",
        "shakemap_url": "",
        "bmkg_note": "",
        "source": "Rekap bulanan",
        "source_row": 112
      }
    },
    {
      "type": "Feature",
      "id": "110",
      "geometry": {
        "type": "Point",
        "coordinates": [
          113.7972,
          -9.5133
        ]
      },
      "properties": {
        "id": "110",
        "datetime": "2026-07-25T23:59:25",
        "date": "2026-07-25",
        "time": "23:59:25",
        "latitude": -9.5133,
        "longitude": 113.7972,
        "depth_km": 17.0,
        "depth_class": "Dangkal",
        "magnitude": 3.0,
        "magnitude_class": "3to5",
        "location": "South of Java, Indonesia",
        "estimated_radius_km": 11.7,
        "estimated_radius_m": 11700,
        "felt": "",
        "tsunami_potential": "",
        "shakemap_url": "",
        "bmkg_note": "",
        "source": "Rekap bulanan",
        "source_row": 111
      }
    },
    {
      "type": "Feature",
      "id": "109",
      "geometry": {
        "type": "Point",
        "coordinates": [
          111.586,
          -8.7956
        ]
      },
      "properties": {
        "id": "109",
        "datetime": "2026-07-26T00:31:08",
        "date": "2026-07-26",
        "time": "00:31:08",
        "latitude": -8.7956,
        "longitude": 111.586,
        "depth_km": 24.0,
        "depth_class": "Dangkal",
        "magnitude": 2.7,
        "magnitude_class": "lt3",
        "location": "Java, Indonesia",
        "estimated_radius_km": 8.6,
        "estimated_radius_m": 8600,
        "felt": "",
        "tsunami_potential": "",
        "shakemap_url": "",
        "bmkg_note": "",
        "source": "Rekap bulanan",
        "source_row": 110
      }
    },
    {
      "type": "Feature",
      "id": "108",
      "geometry": {
        "type": "Point",
        "coordinates": [
          114.053,
          -9.3738
        ]
      },
      "properties": {
        "id": "108",
        "datetime": "2026-07-26T02:18:05",
        "date": "2026-07-26",
        "time": "02:18:05",
        "latitude": -9.3738,
        "longitude": 114.053,
        "depth_km": 27.0,
        "depth_class": "Dangkal",
        "magnitude": 2.6,
        "magnitude_class": "lt3",
        "location": "South of Bali, Indonesia",
        "estimated_radius_km": 8.4,
        "estimated_radius_m": 8400,
        "felt": "",
        "tsunami_potential": "",
        "shakemap_url": "",
        "bmkg_note": "",
        "source": "Rekap bulanan",
        "source_row": 109
      }
    },
    {
      "type": "Feature",
      "id": "107",
      "geometry": {
        "type": "Point",
        "coordinates": [
          111.2202,
          -8.3611
        ]
      },
      "properties": {
        "id": "107",
        "datetime": "2026-07-26T03:24:17",
        "date": "2026-07-26",
        "time": "03:24:17",
        "latitude": -8.3611,
        "longitude": 111.2202,
        "depth_km": 59.0,
        "depth_class": "Dangkal",
        "magnitude": 2.5,
        "magnitude_class": "lt3",
        "location": "Java, Indonesia",
        "estimated_radius_km": 7.7,
        "estimated_radius_m": 7700,
        "felt": "",
        "tsunami_potential": "",
        "shakemap_url": "",
        "bmkg_note": "",
        "source": "Rekap bulanan",
        "source_row": 108
      }
    },
    {
      "type": "Feature",
      "id": "106",
      "geometry": {
        "type": "Point",
        "coordinates": [
          111.676,
          -8.8724
        ]
      },
      "properties": {
        "id": "106",
        "datetime": "2026-07-26T05:49:38",
        "date": "2026-07-26",
        "time": "05:49:38",
        "latitude": -8.8724,
        "longitude": 111.676,
        "depth_km": 18.0,
        "depth_class": "Dangkal",
        "magnitude": 2.8,
        "magnitude_class": "lt3",
        "location": "Java, Indonesia",
        "estimated_radius_km": 8.9,
        "estimated_radius_m": 8900,
        "felt": "",
        "tsunami_potential": "",
        "shakemap_url": "",
        "bmkg_note": "",
        "source": "Rekap bulanan",
        "source_row": 107
      }
    },
    {
      "type": "Feature",
      "id": "105",
      "geometry": {
        "type": "Point",
        "coordinates": [
          112.4145,
          -8.6641
        ]
      },
      "properties": {
        "id": "105",
        "datetime": "2026-07-26T07:04:46",
        "date": "2026-07-26",
        "time": "07:04:46",
        "latitude": -8.6641,
        "longitude": 112.4145,
        "depth_km": 66.0,
        "depth_class": "Menengah",
        "magnitude": 3.0,
        "magnitude_class": "3to5",
        "location": "Java, Indonesia",
        "estimated_radius_km": 10.8,
        "estimated_radius_m": 10800,
        "felt": "",
        "tsunami_potential": "",
        "shakemap_url": "",
        "bmkg_note": "",
        "source": "Rekap bulanan",
        "source_row": 106
      }
    },
    {
      "type": "Feature",
      "id": "104",
      "geometry": {
        "type": "Point",
        "coordinates": [
          112.8618,
          -9.0472
        ]
      },
      "properties": {
        "id": "104",
        "datetime": "2026-07-26T07:56:28",
        "date": "2026-07-26",
        "time": "07:56:28",
        "latitude": -9.0472,
        "longitude": 112.8618,
        "depth_km": 10.0,
        "depth_class": "Dangkal",
        "magnitude": 3.1,
        "magnitude_class": "3to5",
        "location": "South of Java, Indonesia",
        "estimated_radius_km": 13.6,
        "estimated_radius_m": 13600,
        "felt": "",
        "tsunami_potential": "",
        "shakemap_url": "",
        "bmkg_note": "",
        "source": "Rekap bulanan",
        "source_row": 105
      }
    },
    {
      "type": "Feature",
      "id": "103",
      "geometry": {
        "type": "Point",
        "coordinates": [
          112.1666,
          -7.4865
        ]
      },
      "properties": {
        "id": "103",
        "datetime": "2026-07-26T08:47:20",
        "date": "2026-07-26",
        "time": "08:47:20",
        "latitude": -7.4865,
        "longitude": 112.1666,
        "depth_km": 319.0,
        "depth_class": "Dalam",
        "magnitude": 2.9,
        "magnitude_class": "lt3",
        "location": "Java, Indonesia",
        "estimated_radius_km": 4.8,
        "estimated_radius_m": 4800,
        "felt": "",
        "tsunami_potential": "",
        "shakemap_url": "",
        "bmkg_note": "",
        "source": "Rekap bulanan",
        "source_row": 104
      }
    },
    {
      "type": "Feature",
      "id": "102",
      "geometry": {
        "type": "Point",
        "coordinates": [
          128.4573,
          -10.1483
        ]
      },
      "properties": {
        "id": "102",
        "datetime": "2026-07-26T10:56:42",
        "date": "2026-07-26",
        "time": "10:56:42",
        "latitude": -10.1483,
        "longitude": 128.4573,
        "depth_km": 10.0,
        "depth_class": "Dangkal",
        "magnitude": 5.4,
        "magnitude_class": "gte5",
        "location": "Timor Sea",
        "estimated_radius_km": 65.8,
        "estimated_radius_m": 65800,
        "felt": "",
        "tsunami_potential": "",
        "shakemap_url": "",
        "bmkg_note": "",
        "source": "Rekap bulanan",
        "source_row": 103
      }
    },
    {
      "type": "Feature",
      "id": "101",
      "geometry": {
        "type": "Point",
        "coordinates": [
          109.0215,
          -7.1752
        ]
      },
      "properties": {
        "id": "101",
        "datetime": "2026-07-26T13:45:03",
        "date": "2026-07-26",
        "time": "13:45:03",
        "latitude": -7.1752,
        "longitude": 109.0215,
        "depth_km": 257.0,
        "depth_class": "Menengah",
        "magnitude": 2.7,
        "magnitude_class": "lt3",
        "location": "Java, Indonesia",
        "estimated_radius_km": 5.4,
        "estimated_radius_m": 5400,
        "felt": "",
        "tsunami_potential": "",
        "shakemap_url": "",
        "bmkg_note": "",
        "source": "Rekap bulanan",
        "source_row": 102
      }
    },
    {
      "type": "Feature",
      "id": "100",
      "geometry": {
        "type": "Point",
        "coordinates": [
          112.938,
          -9.0103
        ]
      },
      "properties": {
        "id": "100",
        "datetime": "2026-07-26T14:21:32",
        "date": "2026-07-26",
        "time": "14:21:32",
        "latitude": -9.0103,
        "longitude": 112.938,
        "depth_km": 23.0,
        "depth_class": "Dangkal",
        "magnitude": 3.0,
        "magnitude_class": "3to5",
        "location": "South of Java, Indonesia",
        "estimated_radius_km": 11.6,
        "estimated_radius_m": 11600,
        "felt": "",
        "tsunami_potential": "",
        "shakemap_url": "",
        "bmkg_note": "",
        "source": "Rekap bulanan",
        "source_row": 101
      }
    },
    {
      "type": "Feature",
      "id": "99",
      "geometry": {
        "type": "Point",
        "coordinates": [
          113.2204,
          -8.8982
        ]
      },
      "properties": {
        "id": "99",
        "datetime": "2026-07-26T14:26:15",
        "date": "2026-07-26",
        "time": "14:26:15",
        "latitude": -8.8982,
        "longitude": 113.2204,
        "depth_km": 15.0,
        "depth_class": "Dangkal",
        "magnitude": 2.9,
        "magnitude_class": "lt3",
        "location": "Java, Indonesia",
        "estimated_radius_km": 9.2,
        "estimated_radius_m": 9200,
        "felt": "",
        "tsunami_potential": "",
        "shakemap_url": "",
        "bmkg_note": "",
        "source": "Rekap bulanan",
        "source_row": 100
      }
    },
    {
      "type": "Feature",
      "id": "98",
      "geometry": {
        "type": "Point",
        "coordinates": [
          111.1686,
          -8.7965
        ]
      },
      "properties": {
        "id": "98",
        "datetime": "2026-07-26T16:26:34",
        "date": "2026-07-26",
        "time": "16:26:34",
        "latitude": -8.7965,
        "longitude": 111.1686,
        "depth_km": 27.0,
        "depth_class": "Dangkal",
        "magnitude": 2.7,
        "magnitude_class": "lt3",
        "location": "Java, Indonesia",
        "estimated_radius_km": 8.6,
        "estimated_radius_m": 8600,
        "felt": "",
        "tsunami_potential": "",
        "shakemap_url": "",
        "bmkg_note": "",
        "source": "Rekap bulanan",
        "source_row": 99
      }
    },
    {
      "type": "Feature",
      "id": "97",
      "geometry": {
        "type": "Point",
        "coordinates": [
          111.8417,
          -6.9043
        ]
      },
      "properties": {
        "id": "97",
        "datetime": "2026-07-26T17:37:29",
        "date": "2026-07-26",
        "time": "17:37:29",
        "latitude": -6.9043,
        "longitude": 111.8417,
        "depth_km": 9.0,
        "depth_class": "Dangkal",
        "magnitude": 2.4,
        "magnitude_class": "lt3",
        "location": "Java, Indonesia",
        "estimated_radius_km": 8.2,
        "estimated_radius_m": 8200,
        "felt": "",
        "tsunami_potential": "",
        "shakemap_url": "",
        "bmkg_note": "",
        "source": "Rekap bulanan",
        "source_row": 98
      }
    },
    {
      "type": "Feature",
      "id": "96",
      "geometry": {
        "type": "Point",
        "coordinates": [
          112.1886,
          -8.2576
        ]
      },
      "properties": {
        "id": "96",
        "datetime": "2026-07-26T17:55:23",
        "date": "2026-07-26",
        "time": "17:55:23",
        "latitude": -8.2576,
        "longitude": 112.1886,
        "depth_km": 122.0,
        "depth_class": "Menengah",
        "magnitude": 2.8,
        "magnitude_class": "lt3",
        "location": "Java, Indonesia",
        "estimated_radius_km": 7.4,
        "estimated_radius_m": 7400,
        "felt": "",
        "tsunami_potential": "",
        "shakemap_url": "",
        "bmkg_note": "",
        "source": "Rekap bulanan",
        "source_row": 97
      }
    },
    {
      "type": "Feature",
      "id": "95",
      "geometry": {
        "type": "Point",
        "coordinates": [
          108.7641,
          -8.3808
        ]
      },
      "properties": {
        "id": "95",
        "datetime": "2026-07-26T19:24:53",
        "date": "2026-07-26",
        "time": "19:24:53",
        "latitude": -8.3808,
        "longitude": 108.7641,
        "depth_km": 73.0,
        "depth_class": "Menengah",
        "magnitude": 3.4,
        "magnitude_class": "3to5",
        "location": "Java, Indonesia",
        "estimated_radius_km": 17.0,
        "estimated_radius_m": 17000,
        "felt": "",
        "tsunami_potential": "",
        "shakemap_url": "",
        "bmkg_note": "",
        "source": "Rekap bulanan",
        "source_row": 96
      }
    },
    {
      "type": "Feature",
      "id": "94",
      "geometry": {
        "type": "Point",
        "coordinates": [
          112.1028,
          -7.7661
        ]
      },
      "properties": {
        "id": "94",
        "datetime": "2026-07-26T22:10:30",
        "date": "2026-07-26",
        "time": "22:10:30",
        "latitude": -7.7661,
        "longitude": 112.1028,
        "depth_km": 216.0,
        "depth_class": "Menengah",
        "magnitude": 2.8,
        "magnitude_class": "lt3",
        "location": "Java, Indonesia",
        "estimated_radius_km": 6.1,
        "estimated_radius_m": 6100,
        "felt": "",
        "tsunami_potential": "",
        "shakemap_url": "",
        "bmkg_note": "",
        "source": "Rekap bulanan",
        "source_row": 95
      }
    },
    {
      "type": "Feature",
      "id": "93",
      "geometry": {
        "type": "Point",
        "coordinates": [
          113.9917,
          -10.746
        ]
      },
      "properties": {
        "id": "93",
        "datetime": "2026-07-27T00:17:55",
        "date": "2026-07-27",
        "time": "00:17:55",
        "latitude": -10.746,
        "longitude": 113.9917,
        "depth_km": 5.0,
        "depth_class": "Dangkal",
        "magnitude": 3.5,
        "magnitude_class": "3to5",
        "location": "South of Java, Indonesia",
        "estimated_radius_km": 20.8,
        "estimated_radius_m": 20800,
        "felt": "",
        "tsunami_potential": "",
        "shakemap_url": "",
        "bmkg_note": "",
        "source": "Rekap bulanan",
        "source_row": 94
      }
    },
    {
      "type": "Feature",
      "id": "92",
      "geometry": {
        "type": "Point",
        "coordinates": [
          114.439,
          -9.4006
        ]
      },
      "properties": {
        "id": "92",
        "datetime": "2026-07-27T01:15:07",
        "date": "2026-07-27",
        "time": "01:15:07",
        "latitude": -9.4006,
        "longitude": 114.439,
        "depth_km": 24.0,
        "depth_class": "Dangkal",
        "magnitude": 2.9,
        "magnitude_class": "lt3",
        "location": "South of Bali, Indonesia",
        "estimated_radius_km": 9.0,
        "estimated_radius_m": 9000,
        "felt": "",
        "tsunami_potential": "",
        "shakemap_url": "",
        "bmkg_note": "",
        "source": "Rekap bulanan",
        "source_row": 93
      }
    },
    {
      "type": "Feature",
      "id": "91",
      "geometry": {
        "type": "Point",
        "coordinates": [
          110.6327,
          -8.4493
        ]
      },
      "properties": {
        "id": "91",
        "datetime": "2026-07-27T04:20:50",
        "date": "2026-07-27",
        "time": "04:20:50",
        "latitude": -8.4493,
        "longitude": 110.6327,
        "depth_km": 14.0,
        "depth_class": "Dangkal",
        "magnitude": 2.8,
        "magnitude_class": "lt3",
        "location": "Java, Indonesia",
        "estimated_radius_km": 9.0,
        "estimated_radius_m": 9000,
        "felt": "",
        "tsunami_potential": "",
        "shakemap_url": "",
        "bmkg_note": "",
        "source": "Rekap bulanan",
        "source_row": 92
      }
    },
    {
      "type": "Feature",
      "id": "90",
      "geometry": {
        "type": "Point",
        "coordinates": [
          113.2585,
          -10.3178
        ]
      },
      "properties": {
        "id": "90",
        "datetime": "2026-07-27T05:43:28",
        "date": "2026-07-27",
        "time": "05:43:28",
        "latitude": -10.3178,
        "longitude": 113.2585,
        "depth_km": 76.0,
        "depth_class": "Menengah",
        "magnitude": 3.6,
        "magnitude_class": "3to5",
        "location": "South of Java, Indonesia",
        "estimated_radius_km": 20.1,
        "estimated_radius_m": 20100,
        "felt": "",
        "tsunami_potential": "",
        "shakemap_url": "",
        "bmkg_note": "",
        "source": "Rekap bulanan",
        "source_row": 91
      }
    },
    {
      "type": "Feature",
      "id": "89",
      "geometry": {
        "type": "Point",
        "coordinates": [
          110.5295,
          -7.9466
        ]
      },
      "properties": {
        "id": "89",
        "datetime": "2026-07-27T07:27:55",
        "date": "2026-07-27",
        "time": "07:27:55",
        "latitude": -7.9466,
        "longitude": 110.5295,
        "depth_km": 27.0,
        "depth_class": "Dangkal",
        "magnitude": 1.5,
        "magnitude_class": "lt3",
        "location": "Java, Indonesia",
        "estimated_radius_km": 6.0,
        "estimated_radius_m": 6000,
        "felt": "",
        "tsunami_potential": "",
        "shakemap_url": "",
        "bmkg_note": "",
        "source": "Rekap bulanan",
        "source_row": 90
      }
    },
    {
      "type": "Feature",
      "id": "88",
      "geometry": {
        "type": "Point",
        "coordinates": [
          109.0133,
          -7.4245
        ]
      },
      "properties": {
        "id": "88",
        "datetime": "2026-07-27T07:38:25",
        "date": "2026-07-27",
        "time": "07:38:25",
        "latitude": -7.4245,
        "longitude": 109.0133,
        "depth_km": 8.0,
        "depth_class": "Dangkal",
        "magnitude": 2.6,
        "magnitude_class": "lt3",
        "location": "Java, Indonesia",
        "estimated_radius_km": 8.6,
        "estimated_radius_m": 8600,
        "felt": "",
        "tsunami_potential": "",
        "shakemap_url": "",
        "bmkg_note": "",
        "source": "Rekap bulanan",
        "source_row": 89
      }
    },
    {
      "type": "Feature",
      "id": "87",
      "geometry": {
        "type": "Point",
        "coordinates": [
          111.1744,
          -9.6896
        ]
      },
      "properties": {
        "id": "87",
        "datetime": "2026-07-27T10:12:51",
        "date": "2026-07-27",
        "time": "10:12:51",
        "latitude": -9.6896,
        "longitude": 111.1744,
        "depth_km": 79.0,
        "depth_class": "Menengah",
        "magnitude": 3.3,
        "magnitude_class": "3to5",
        "location": "South of Java, Indonesia",
        "estimated_radius_km": 15.3,
        "estimated_radius_m": 15300,
        "felt": "",
        "tsunami_potential": "",
        "shakemap_url": "",
        "bmkg_note": "",
        "source": "Rekap bulanan",
        "source_row": 88
      }
    },
    {
      "type": "Feature",
      "id": "86",
      "geometry": {
        "type": "Point",
        "coordinates": [
          110.3006,
          -9.2253
        ]
      },
      "properties": {
        "id": "86",
        "datetime": "2026-07-27T11:03:16",
        "date": "2026-07-27",
        "time": "11:03:16",
        "latitude": -9.2253,
        "longitude": 110.3006,
        "depth_km": 5.0,
        "depth_class": "Dangkal",
        "magnitude": 2.9,
        "magnitude_class": "lt3",
        "location": "South of Java, Indonesia",
        "estimated_radius_km": 9.3,
        "estimated_radius_m": 9300,
        "felt": "",
        "tsunami_potential": "",
        "shakemap_url": "",
        "bmkg_note": "",
        "source": "Rekap bulanan",
        "source_row": 87
      }
    },
    {
      "type": "Feature",
      "id": "85",
      "geometry": {
        "type": "Point",
        "coordinates": [
          110.2863,
          -9.2263
        ]
      },
      "properties": {
        "id": "85",
        "datetime": "2026-07-27T12:05:00",
        "date": "2026-07-27",
        "time": "12:05:00",
        "latitude": -9.2263,
        "longitude": 110.2863,
        "depth_km": 7.0,
        "depth_class": "Dangkal",
        "magnitude": 3.0,
        "magnitude_class": "3to5",
        "location": "South of Java, Indonesia",
        "estimated_radius_km": 11.9,
        "estimated_radius_m": 11900,
        "felt": "",
        "tsunami_potential": "",
        "shakemap_url": "",
        "bmkg_note": "",
        "source": "Rekap bulanan",
        "source_row": 86
      }
    },
    {
      "type": "Feature",
      "id": "84",
      "geometry": {
        "type": "Point",
        "coordinates": [
          112.9589,
          -8.4261
        ]
      },
      "properties": {
        "id": "84",
        "datetime": "2026-07-27T15:05:26",
        "date": "2026-07-27",
        "time": "15:05:26",
        "latitude": -8.4261,
        "longitude": 112.9589,
        "depth_km": 105.0,
        "depth_class": "Menengah",
        "magnitude": 2.6,
        "magnitude_class": "lt3",
        "location": "Java, Indonesia",
        "estimated_radius_km": 7.3,
        "estimated_radius_m": 7300,
        "felt": "",
        "tsunami_potential": "",
        "shakemap_url": "",
        "bmkg_note": "",
        "source": "Rekap bulanan",
        "source_row": 85
      }
    },
    {
      "type": "Feature",
      "id": "83",
      "geometry": {
        "type": "Point",
        "coordinates": [
          111.3687,
          -11.0528
        ]
      },
      "properties": {
        "id": "83",
        "datetime": "2026-07-27T17:01:01",
        "date": "2026-07-27",
        "time": "17:01:01",
        "latitude": -11.0528,
        "longitude": 111.3687,
        "depth_km": 36.0,
        "depth_class": "Dangkal",
        "magnitude": 4.0,
        "magnitude_class": "3to5",
        "location": "South of Java, Indonesia",
        "estimated_radius_km": 28.3,
        "estimated_radius_m": 28300,
        "felt": "",
        "tsunami_potential": "",
        "shakemap_url": "",
        "bmkg_note": "",
        "source": "Rekap bulanan",
        "source_row": 84
      }
    },
    {
      "type": "Feature",
      "id": "82",
      "geometry": {
        "type": "Point",
        "coordinates": [
          110.5056,
          -8.2227
        ]
      },
      "properties": {
        "id": "82",
        "datetime": "2026-07-27T17:42:24",
        "date": "2026-07-27",
        "time": "17:42:24",
        "latitude": -8.2227,
        "longitude": 110.5056,
        "depth_km": 105.0,
        "depth_class": "Menengah",
        "magnitude": 1.9,
        "magnitude_class": "lt3",
        "location": "Java, Indonesia",
        "estimated_radius_km": 6.0,
        "estimated_radius_m": 6000,
        "felt": "",
        "tsunami_potential": "",
        "shakemap_url": "",
        "bmkg_note": "",
        "source": "Rekap bulanan",
        "source_row": 83
      }
    },
    {
      "type": "Feature",
      "id": "81",
      "geometry": {
        "type": "Point",
        "coordinates": [
          111.1838,
          -8.7543
        ]
      },
      "properties": {
        "id": "81",
        "datetime": "2026-07-27T18:21:43",
        "date": "2026-07-27",
        "time": "18:21:43",
        "latitude": -8.7543,
        "longitude": 111.1838,
        "depth_km": 20.0,
        "depth_class": "Dangkal",
        "magnitude": 2.5,
        "magnitude_class": "lt3",
        "location": "Java, Indonesia",
        "estimated_radius_km": 8.2,
        "estimated_radius_m": 8200,
        "felt": "",
        "tsunami_potential": "",
        "shakemap_url": "",
        "bmkg_note": "",
        "source": "Rekap bulanan",
        "source_row": 82
      }
    },
    {
      "type": "Feature",
      "id": "80",
      "geometry": {
        "type": "Point",
        "coordinates": [
          110.3725,
          -8.0131
        ]
      },
      "properties": {
        "id": "80",
        "datetime": "2026-07-27T21:33:27",
        "date": "2026-07-27",
        "time": "21:33:27",
        "latitude": -8.0131,
        "longitude": 110.3725,
        "depth_km": 8.0,
        "depth_class": "Dangkal",
        "magnitude": 1.4,
        "magnitude_class": "lt3",
        "location": "Java, Indonesia",
        "estimated_radius_km": 6.0,
        "estimated_radius_m": 6000,
        "felt": "",
        "tsunami_potential": "",
        "shakemap_url": "",
        "bmkg_note": "",
        "source": "Rekap bulanan",
        "source_row": 81
      }
    },
    {
      "type": "Feature",
      "id": "79",
      "geometry": {
        "type": "Point",
        "coordinates": [
          112.6645,
          -9.0656
        ]
      },
      "properties": {
        "id": "79",
        "datetime": "2026-07-27T22:47:36",
        "date": "2026-07-27",
        "time": "22:47:36",
        "latitude": -9.0656,
        "longitude": 112.6645,
        "depth_km": 26.0,
        "depth_class": "Dangkal",
        "magnitude": 3.0,
        "magnitude_class": "3to5",
        "location": "South of Java, Indonesia",
        "estimated_radius_km": 11.5,
        "estimated_radius_m": 11500,
        "felt": "",
        "tsunami_potential": "",
        "shakemap_url": "",
        "bmkg_note": "",
        "source": "Rekap bulanan",
        "source_row": 80
      }
    },
    {
      "type": "Feature",
      "id": "78",
      "geometry": {
        "type": "Point",
        "coordinates": [
          111.2172,
          -8.9597
        ]
      },
      "properties": {
        "id": "78",
        "datetime": "2026-07-27T23:13:19",
        "date": "2026-07-27",
        "time": "23:13:19",
        "latitude": -8.9597,
        "longitude": 111.2172,
        "depth_km": 28.0,
        "depth_class": "Dangkal",
        "magnitude": 3.0,
        "magnitude_class": "3to5",
        "location": "Java, Indonesia",
        "estimated_radius_km": 11.5,
        "estimated_radius_m": 11500,
        "felt": "",
        "tsunami_potential": "",
        "shakemap_url": "",
        "bmkg_note": "",
        "source": "Rekap bulanan",
        "source_row": 79
      }
    },
    {
      "type": "Feature",
      "id": "77",
      "geometry": {
        "type": "Point",
        "coordinates": [
          112.2706,
          -9.0369
        ]
      },
      "properties": {
        "id": "77",
        "datetime": "2026-07-27T23:41:39",
        "date": "2026-07-27",
        "time": "23:41:39",
        "latitude": -9.0369,
        "longitude": 112.2706,
        "depth_km": 4.0,
        "depth_class": "Dangkal",
        "magnitude": 2.9,
        "magnitude_class": "lt3",
        "location": "South of Java, Indonesia",
        "estimated_radius_km": 9.3,
        "estimated_radius_m": 9300,
        "felt": "",
        "tsunami_potential": "",
        "shakemap_url": "",
        "bmkg_note": "",
        "source": "Rekap bulanan",
        "source_row": 78
      }
    },
    {
      "type": "Feature",
      "id": "76",
      "geometry": {
        "type": "Point",
        "coordinates": [
          108.6377,
          -8.34
        ]
      },
      "properties": {
        "id": "76",
        "datetime": "2026-07-28T01:21:11",
        "date": "2026-07-28",
        "time": "01:21:11",
        "latitude": -8.34,
        "longitude": 108.6377,
        "depth_km": 50.0,
        "depth_class": "Dangkal",
        "magnitude": 2.7,
        "magnitude_class": "lt3",
        "location": "Java, Indonesia",
        "estimated_radius_km": 8.3,
        "estimated_radius_m": 8300,
        "felt": "",
        "tsunami_potential": "",
        "shakemap_url": "",
        "bmkg_note": "",
        "source": "Rekap bulanan",
        "source_row": 77
      }
    },
    {
      "type": "Feature",
      "id": "75",
      "geometry": {
        "type": "Point",
        "coordinates": [
          109.4616,
          -8.491
        ]
      },
      "properties": {
        "id": "75",
        "datetime": "2026-07-28T06:38:42",
        "date": "2026-07-28",
        "time": "06:38:42",
        "latitude": -8.491,
        "longitude": 109.4616,
        "depth_km": 31.0,
        "depth_class": "Dangkal",
        "magnitude": 2.7,
        "magnitude_class": "lt3",
        "location": "Java, Indonesia",
        "estimated_radius_km": 8.5,
        "estimated_radius_m": 8500,
        "felt": "",
        "tsunami_potential": "",
        "shakemap_url": "",
        "bmkg_note": "",
        "source": "Rekap bulanan",
        "source_row": 76
      }
    },
    {
      "type": "Feature",
      "id": "74",
      "geometry": {
        "type": "Point",
        "coordinates": [
          110.6146,
          -9.049
        ]
      },
      "properties": {
        "id": "74",
        "datetime": "2026-07-28T06:57:35",
        "date": "2026-07-28",
        "time": "06:57:35",
        "latitude": -9.049,
        "longitude": 110.6146,
        "depth_km": 96.0,
        "depth_class": "Menengah",
        "magnitude": 2.7,
        "magnitude_class": "lt3",
        "location": "South of Java, Indonesia",
        "estimated_radius_km": 7.6,
        "estimated_radius_m": 7600,
        "felt": "",
        "tsunami_potential": "",
        "shakemap_url": "",
        "bmkg_note": "",
        "source": "Rekap bulanan",
        "source_row": 75
      }
    },
    {
      "type": "Feature",
      "id": "73",
      "geometry": {
        "type": "Point",
        "coordinates": [
          108.241,
          -10.0243
        ]
      },
      "properties": {
        "id": "73",
        "datetime": "2026-07-28T08:59:13",
        "date": "2026-07-28",
        "time": "08:59:13",
        "latitude": -10.0243,
        "longitude": 108.241,
        "depth_km": 109.0,
        "depth_class": "Menengah",
        "magnitude": 3.7,
        "magnitude_class": "3to5",
        "location": "South of Java, Indonesia",
        "estimated_radius_km": 20.5,
        "estimated_radius_m": 20500,
        "felt": "",
        "tsunami_potential": "",
        "shakemap_url": "",
        "bmkg_note": "",
        "source": "Rekap bulanan",
        "source_row": 74
      }
    },
    {
      "type": "Feature",
      "id": "72",
      "geometry": {
        "type": "Point",
        "coordinates": [
          101.9183,
          -9.1744
        ]
      },
      "properties": {
        "id": "72",
        "datetime": "2026-07-28T09:19:57",
        "date": "2026-07-28",
        "time": "09:19:57",
        "latitude": -9.1744,
        "longitude": 101.9183,
        "depth_km": 10.0,
        "depth_class": "Dangkal",
        "magnitude": 6.1,
        "magnitude_class": "gte5",
        "location": "Southwest of Sumatra, Indonesia",
        "estimated_radius_km": 94.7,
        "estimated_radius_m": 94700,
        "felt": "",
        "tsunami_potential": "",
        "shakemap_url": "",
        "bmkg_note": "",
        "source": "Rekap bulanan",
        "source_row": 73
      }
    },
    {
      "type": "Feature",
      "id": "71",
      "geometry": {
        "type": "Point",
        "coordinates": [
          114.6276,
          -8.7521
        ]
      },
      "properties": {
        "id": "71",
        "datetime": "2026-07-28T10:05:16",
        "date": "2026-07-28",
        "time": "10:05:16",
        "latitude": -8.7521,
        "longitude": 114.6276,
        "depth_km": 91.0,
        "depth_class": "Menengah",
        "magnitude": 2.2,
        "magnitude_class": "lt3",
        "location": "Bali Region, Indonesia",
        "estimated_radius_km": 6.7,
        "estimated_radius_m": 6700,
        "felt": "",
        "tsunami_potential": "",
        "shakemap_url": "",
        "bmkg_note": "",
        "source": "Rekap bulanan",
        "source_row": 72
      }
    },
    {
      "type": "Feature",
      "id": "70",
      "geometry": {
        "type": "Point",
        "coordinates": [
          112.7945,
          -9.0431
        ]
      },
      "properties": {
        "id": "70",
        "datetime": "2026-07-28T13:29:48",
        "date": "2026-07-28",
        "time": "13:29:48",
        "latitude": -9.0431,
        "longitude": 112.7945,
        "depth_km": 21.0,
        "depth_class": "Dangkal",
        "magnitude": 4.3,
        "magnitude_class": "3to5",
        "location": "South of Java, Indonesia",
        "estimated_radius_km": 34.3,
        "estimated_radius_m": 34300,
        "felt": "",
        "tsunami_potential": "",
        "shakemap_url": "",
        "bmkg_note": "",
        "source": "Rekap bulanan",
        "source_row": 71
      }
    },
    {
      "type": "Feature",
      "id": "69",
      "geometry": {
        "type": "Point",
        "coordinates": [
          110.1079,
          -8.4981
        ]
      },
      "properties": {
        "id": "69",
        "datetime": "2026-07-28T14:42:16",
        "date": "2026-07-28",
        "time": "14:42:16",
        "latitude": -8.4981,
        "longitude": 110.1079,
        "depth_km": 51.0,
        "depth_class": "Dangkal",
        "magnitude": 2.4,
        "magnitude_class": "lt3",
        "location": "Java, Indonesia",
        "estimated_radius_km": 7.6,
        "estimated_radius_m": 7600,
        "felt": "",
        "tsunami_potential": "",
        "shakemap_url": "",
        "bmkg_note": "",
        "source": "Rekap bulanan",
        "source_row": 70
      }
    },
    {
      "type": "Feature",
      "id": "68",
      "geometry": {
        "type": "Point",
        "coordinates": [
          110.754,
          -8.0546
        ]
      },
      "properties": {
        "id": "68",
        "datetime": "2026-07-28T16:29:06",
        "date": "2026-07-28",
        "time": "16:29:06",
        "latitude": -8.0546,
        "longitude": 110.754,
        "depth_km": 125.0,
        "depth_class": "Menengah",
        "magnitude": 1.7,
        "magnitude_class": "lt3",
        "location": "Java, Indonesia",
        "estimated_radius_km": 5.4,
        "estimated_radius_m": 5400,
        "felt": "",
        "tsunami_potential": "",
        "shakemap_url": "",
        "bmkg_note": "",
        "source": "Rekap bulanan",
        "source_row": 69
      }
    },
    {
      "type": "Feature",
      "id": "67",
      "geometry": {
        "type": "Point",
        "coordinates": [
          110.3913,
          -9.2953
        ]
      },
      "properties": {
        "id": "67",
        "datetime": "2026-07-28T16:31:39",
        "date": "2026-07-28",
        "time": "16:31:39",
        "latitude": -9.2953,
        "longitude": 110.3913,
        "depth_km": 10.0,
        "depth_class": "Dangkal",
        "magnitude": 2.8,
        "magnitude_class": "lt3",
        "location": "South of Java, Indonesia",
        "estimated_radius_km": 9.0,
        "estimated_radius_m": 9000,
        "felt": "",
        "tsunami_potential": "",
        "shakemap_url": "",
        "bmkg_note": "",
        "source": "Rekap bulanan",
        "source_row": 68
      }
    },
    {
      "type": "Feature",
      "id": "66",
      "geometry": {
        "type": "Point",
        "coordinates": [
          111.5773,
          -8.4222
        ]
      },
      "properties": {
        "id": "66",
        "datetime": "2026-07-28T19:00:05",
        "date": "2026-07-28",
        "time": "19:00:05",
        "latitude": -8.4222,
        "longitude": 111.5773,
        "depth_km": 109.0,
        "depth_class": "Menengah",
        "magnitude": 2.2,
        "magnitude_class": "lt3",
        "location": "Java, Indonesia",
        "estimated_radius_km": 6.5,
        "estimated_radius_m": 6500,
        "felt": "",
        "tsunami_potential": "",
        "shakemap_url": "",
        "bmkg_note": "",
        "source": "Rekap bulanan",
        "source_row": 67
      }
    },
    {
      "type": "Feature",
      "id": "65",
      "geometry": {
        "type": "Point",
        "coordinates": [
          110.4545,
          -7.9256
        ]
      },
      "properties": {
        "id": "65",
        "datetime": "2026-07-28T19:12:10",
        "date": "2026-07-28",
        "time": "19:12:10",
        "latitude": -7.9256,
        "longitude": 110.4545,
        "depth_km": 11.0,
        "depth_class": "Dangkal",
        "magnitude": 1.1,
        "magnitude_class": "lt3",
        "location": "Java, Indonesia",
        "estimated_radius_km": 5.3,
        "estimated_radius_m": 5300,
        "felt": "",
        "tsunami_potential": "",
        "shakemap_url": "",
        "bmkg_note": "",
        "source": "Rekap bulanan",
        "source_row": 66
      }
    },
    {
      "type": "Feature",
      "id": "64",
      "geometry": {
        "type": "Point",
        "coordinates": [
          110.461,
          -7.924
        ]
      },
      "properties": {
        "id": "64",
        "datetime": "2026-07-28T19:25:53",
        "date": "2026-07-28",
        "time": "19:25:53",
        "latitude": -7.924,
        "longitude": 110.461,
        "depth_km": 17.0,
        "depth_class": "Dangkal",
        "magnitude": 1.2,
        "magnitude_class": "lt3",
        "location": "Java, Indonesia",
        "estimated_radius_km": 5.5,
        "estimated_radius_m": 5500,
        "felt": "",
        "tsunami_potential": "",
        "shakemap_url": "",
        "bmkg_note": "",
        "source": "Rekap bulanan",
        "source_row": 65
      }
    },
    {
      "type": "Feature",
      "id": "63",
      "geometry": {
        "type": "Point",
        "coordinates": [
          110.5125,
          -7.8734
        ]
      },
      "properties": {
        "id": "63",
        "datetime": "2026-07-28T21:44:05",
        "date": "2026-07-28",
        "time": "21:44:05",
        "latitude": -7.8734,
        "longitude": 110.5125,
        "depth_km": 22.0,
        "depth_class": "Dangkal",
        "magnitude": 1.1,
        "magnitude_class": "lt3",
        "location": "Java, Indonesia",
        "estimated_radius_km": 5.2,
        "estimated_radius_m": 5200,
        "felt": "",
        "tsunami_potential": "",
        "shakemap_url": "",
        "bmkg_note": "",
        "source": "Rekap bulanan",
        "source_row": 64
      }
    },
    {
      "type": "Feature",
      "id": "62",
      "geometry": {
        "type": "Point",
        "coordinates": [
          112.727,
          -10.0645
        ]
      },
      "properties": {
        "id": "62",
        "datetime": "2026-07-28T23:21:15",
        "date": "2026-07-28",
        "time": "23:21:15",
        "latitude": -10.0645,
        "longitude": 112.727,
        "depth_km": 30.0,
        "depth_class": "Dangkal",
        "magnitude": 3.5,
        "magnitude_class": "3to5",
        "location": "South of Java, Indonesia",
        "estimated_radius_km": 20.0,
        "estimated_radius_m": 20000,
        "felt": "",
        "tsunami_potential": "",
        "shakemap_url": "",
        "bmkg_note": "",
        "source": "Rekap bulanan",
        "source_row": 63
      }
    },
    {
      "type": "Feature",
      "id": "61",
      "geometry": {
        "type": "Point",
        "coordinates": [
          111.6743,
          -8.1356
        ]
      },
      "properties": {
        "id": "61",
        "datetime": "2026-07-29T00:04:25",
        "date": "2026-07-29",
        "time": "00:04:25",
        "latitude": -8.1356,
        "longitude": 111.6743,
        "depth_km": 103.0,
        "depth_class": "Menengah",
        "magnitude": 2.7,
        "magnitude_class": "lt3",
        "location": "Java, Indonesia",
        "estimated_radius_km": 7.5,
        "estimated_radius_m": 7500,
        "felt": "",
        "tsunami_potential": "",
        "shakemap_url": "",
        "bmkg_note": "",
        "source": "Rekap bulanan",
        "source_row": 62
      }
    },
    {
      "type": "Feature",
      "id": "60",
      "geometry": {
        "type": "Point",
        "coordinates": [
          110.1448,
          -8.7013
        ]
      },
      "properties": {
        "id": "60",
        "datetime": "2026-07-29T00:08:51",
        "date": "2026-07-29",
        "time": "00:08:51",
        "latitude": -8.7013,
        "longitude": 110.1448,
        "depth_km": 2.0,
        "depth_class": "Dangkal",
        "magnitude": 2.5,
        "magnitude_class": "lt3",
        "location": "Java, Indonesia",
        "estimated_radius_km": 8.5,
        "estimated_radius_m": 8500,
        "felt": "",
        "tsunami_potential": "",
        "shakemap_url": "",
        "bmkg_note": "",
        "source": "Rekap bulanan",
        "source_row": 61
      }
    },
    {
      "type": "Feature",
      "id": "59",
      "geometry": {
        "type": "Point",
        "coordinates": [
          111.2878,
          -9.0545
        ]
      },
      "properties": {
        "id": "59",
        "datetime": "2026-07-29T01:24:38",
        "date": "2026-07-29",
        "time": "01:24:38",
        "latitude": -9.0545,
        "longitude": 111.2878,
        "depth_km": 12.0,
        "depth_class": "Dangkal",
        "magnitude": 2.7,
        "magnitude_class": "lt3",
        "location": "South of Java, Indonesia",
        "estimated_radius_km": 8.8,
        "estimated_radius_m": 8800,
        "felt": "",
        "tsunami_potential": "",
        "shakemap_url": "",
        "bmkg_note": "",
        "source": "Rekap bulanan",
        "source_row": 60
      }
    },
    {
      "type": "Feature",
      "id": "58",
      "geometry": {
        "type": "Point",
        "coordinates": [
          110.6692,
          -8.4292
        ]
      },
      "properties": {
        "id": "58",
        "datetime": "2026-07-29T03:47:38",
        "date": "2026-07-29",
        "time": "03:47:38",
        "latitude": -8.4292,
        "longitude": 110.6692,
        "depth_km": 18.0,
        "depth_class": "Dangkal",
        "magnitude": 2.3,
        "magnitude_class": "lt3",
        "location": "Java, Indonesia",
        "estimated_radius_km": 7.8,
        "estimated_radius_m": 7800,
        "felt": "",
        "tsunami_potential": "",
        "shakemap_url": "",
        "bmkg_note": "",
        "source": "Rekap bulanan",
        "source_row": 59
      }
    },
    {
      "type": "Feature",
      "id": "57",
      "geometry": {
        "type": "Point",
        "coordinates": [
          111.1679,
          -8.8593
        ]
      },
      "properties": {
        "id": "57",
        "datetime": "2026-07-29T04:04:34",
        "date": "2026-07-29",
        "time": "04:04:34",
        "latitude": -8.8593,
        "longitude": 111.1679,
        "depth_km": 22.0,
        "depth_class": "Dangkal",
        "magnitude": 2.6,
        "magnitude_class": "lt3",
        "location": "Java, Indonesia",
        "estimated_radius_km": 8.4,
        "estimated_radius_m": 8400,
        "felt": "",
        "tsunami_potential": "",
        "shakemap_url": "",
        "bmkg_note": "",
        "source": "Rekap bulanan",
        "source_row": 58
      }
    },
    {
      "type": "Feature",
      "id": "56",
      "geometry": {
        "type": "Point",
        "coordinates": [
          111.672,
          -8.8815
        ]
      },
      "properties": {
        "id": "56",
        "datetime": "2026-07-29T04:48:50",
        "date": "2026-07-29",
        "time": "04:48:50",
        "latitude": -8.8815,
        "longitude": 111.672,
        "depth_km": 13.0,
        "depth_class": "Dangkal",
        "magnitude": 2.9,
        "magnitude_class": "lt3",
        "location": "Java, Indonesia",
        "estimated_radius_km": 9.2,
        "estimated_radius_m": 9200,
        "felt": "",
        "tsunami_potential": "",
        "shakemap_url": "",
        "bmkg_note": "",
        "source": "Rekap bulanan",
        "source_row": 57
      }
    },
    {
      "type": "Feature",
      "id": "55",
      "geometry": {
        "type": "Point",
        "coordinates": [
          109.5002,
          -7.7376
        ]
      },
      "properties": {
        "id": "55",
        "datetime": "2026-07-29T09:41:39",
        "date": "2026-07-29",
        "time": "09:41:39",
        "latitude": -7.7376,
        "longitude": 109.5002,
        "depth_km": 94.0,
        "depth_class": "Menengah",
        "magnitude": 2.4,
        "magnitude_class": "lt3",
        "location": "Java, Indonesia",
        "estimated_radius_km": 7.1,
        "estimated_radius_m": 7100,
        "felt": "",
        "tsunami_potential": "",
        "shakemap_url": "",
        "bmkg_note": "",
        "source": "Rekap bulanan",
        "source_row": 56
      }
    },
    {
      "type": "Feature",
      "id": "54",
      "geometry": {
        "type": "Point",
        "coordinates": [
          108.8363,
          -8.4042
        ]
      },
      "properties": {
        "id": "54",
        "datetime": "2026-07-29T10:27:40",
        "date": "2026-07-29",
        "time": "10:27:40",
        "latitude": -8.4042,
        "longitude": 108.8363,
        "depth_km": 62.0,
        "depth_class": "Menengah",
        "magnitude": 3.1,
        "magnitude_class": "3to5",
        "location": "Java, Indonesia",
        "estimated_radius_km": 12.5,
        "estimated_radius_m": 12500,
        "felt": "",
        "tsunami_potential": "",
        "shakemap_url": "",
        "bmkg_note": "",
        "source": "Rekap bulanan",
        "source_row": 55
      }
    },
    {
      "type": "Feature",
      "id": "53",
      "geometry": {
        "type": "Point",
        "coordinates": [
          118.5761,
          -0.2369
        ]
      },
      "properties": {
        "id": "53",
        "datetime": "2026-07-29T13:25:48",
        "date": "2026-07-29",
        "time": "13:25:48",
        "latitude": -0.2369,
        "longitude": 118.5761,
        "depth_km": 10.0,
        "depth_class": "Dangkal",
        "magnitude": 5.4,
        "magnitude_class": "gte5",
        "location": "Minahassa Peninsula, Sulawesi",
        "estimated_radius_km": 65.8,
        "estimated_radius_m": 65800,
        "felt": "",
        "tsunami_potential": "",
        "shakemap_url": "",
        "bmkg_note": "",
        "source": "Rekap bulanan",
        "source_row": 54
      }
    },
    {
      "type": "Feature",
      "id": "52",
      "geometry": {
        "type": "Point",
        "coordinates": [
          111.1766,
          -7.1637
        ]
      },
      "properties": {
        "id": "52",
        "datetime": "2026-07-29T13:27:29",
        "date": "2026-07-29",
        "time": "13:27:29",
        "latitude": -7.1637,
        "longitude": 111.1766,
        "depth_km": 29.0,
        "depth_class": "Dangkal",
        "magnitude": 2.8,
        "magnitude_class": "lt3",
        "location": "Java, Indonesia",
        "estimated_radius_km": 8.8,
        "estimated_radius_m": 8800,
        "felt": "",
        "tsunami_potential": "",
        "shakemap_url": "",
        "bmkg_note": "",
        "source": "Rekap bulanan",
        "source_row": 53
      }
    },
    {
      "type": "Feature",
      "id": "51",
      "geometry": {
        "type": "Point",
        "coordinates": [
          124.1677,
          14.7351
        ]
      },
      "properties": {
        "id": "51",
        "datetime": "2026-07-29T14:11:05",
        "date": "2026-07-29",
        "time": "14:11:05",
        "latitude": 14.7351,
        "longitude": 124.1677,
        "depth_km": 10.0,
        "depth_class": "Dangkal",
        "magnitude": 5.7,
        "magnitude_class": "gte5",
        "location": "Luzon, Philippines",
        "estimated_radius_km": 78.2,
        "estimated_radius_m": 78200,
        "felt": "",
        "tsunami_potential": "",
        "shakemap_url": "",
        "bmkg_note": "",
        "source": "Rekap bulanan",
        "source_row": 52
      }
    },
    {
      "type": "Feature",
      "id": "50",
      "geometry": {
        "type": "Point",
        "coordinates": [
          123.4549,
          13.247
        ]
      },
      "properties": {
        "id": "50",
        "datetime": "2026-07-29T15:10:19",
        "date": "2026-07-29",
        "time": "15:10:19",
        "latitude": 13.247,
        "longitude": 123.4549,
        "depth_km": 10.0,
        "depth_class": "Dangkal",
        "magnitude": 5.6,
        "magnitude_class": "gte5",
        "location": "Luzon, Philippines",
        "estimated_radius_km": 74.0,
        "estimated_radius_m": 74000,
        "felt": "",
        "tsunami_potential": "",
        "shakemap_url": "",
        "bmkg_note": "",
        "source": "Rekap bulanan",
        "source_row": 51
      }
    },
    {
      "type": "Feature",
      "id": "49",
      "geometry": {
        "type": "Point",
        "coordinates": [
          109.7626,
          -8.3443
        ]
      },
      "properties": {
        "id": "49",
        "datetime": "2026-07-29T15:50:33",
        "date": "2026-07-29",
        "time": "15:50:33",
        "latitude": -8.3443,
        "longitude": 109.7626,
        "depth_km": 26.0,
        "depth_class": "Dangkal",
        "magnitude": 2.5,
        "magnitude_class": "lt3",
        "location": "Java, Indonesia",
        "estimated_radius_km": 8.2,
        "estimated_radius_m": 8200,
        "felt": "",
        "tsunami_potential": "",
        "shakemap_url": "",
        "bmkg_note": "",
        "source": "Rekap bulanan",
        "source_row": 50
      }
    },
    {
      "type": "Feature",
      "id": "48",
      "geometry": {
        "type": "Point",
        "coordinates": [
          110.4082,
          -7.9884
        ]
      },
      "properties": {
        "id": "48",
        "datetime": "2026-07-29T18:46:46",
        "date": "2026-07-29",
        "time": "18:46:46",
        "latitude": -7.9884,
        "longitude": 110.4082,
        "depth_km": 13.0,
        "depth_class": "Dangkal",
        "magnitude": 1.4,
        "magnitude_class": "lt3",
        "location": "Java, Indonesia",
        "estimated_radius_km": 6.0,
        "estimated_radius_m": 6000,
        "felt": "",
        "tsunami_potential": "",
        "shakemap_url": "",
        "bmkg_note": "",
        "source": "Rekap bulanan",
        "source_row": 49
      }
    },
    {
      "type": "Feature",
      "id": "47",
      "geometry": {
        "type": "Point",
        "coordinates": [
          110.1208,
          -7.8661
        ]
      },
      "properties": {
        "id": "47",
        "datetime": "2026-07-29T18:57:02",
        "date": "2026-07-29",
        "time": "18:57:02",
        "latitude": -7.8661,
        "longitude": 110.1208,
        "depth_km": 3.0,
        "depth_class": "Dangkal",
        "magnitude": 1.6,
        "magnitude_class": "lt3",
        "location": "Java, Indonesia",
        "estimated_radius_km": 6.5,
        "estimated_radius_m": 6500,
        "felt": "",
        "tsunami_potential": "",
        "shakemap_url": "",
        "bmkg_note": "",
        "source": "Rekap bulanan",
        "source_row": 48
      }
    },
    {
      "type": "Feature",
      "id": "46",
      "geometry": {
        "type": "Point",
        "coordinates": [
          113.0319,
          -9.2113
        ]
      },
      "properties": {
        "id": "46",
        "datetime": "2026-07-29T19:28:55",
        "date": "2026-07-29",
        "time": "19:28:55",
        "latitude": -9.2113,
        "longitude": 113.0319,
        "depth_km": 21.0,
        "depth_class": "Dangkal",
        "magnitude": 3.2,
        "magnitude_class": "3to5",
        "location": "South of Java, Indonesia",
        "estimated_radius_km": 15.1,
        "estimated_radius_m": 15100,
        "felt": "",
        "tsunami_potential": "",
        "shakemap_url": "",
        "bmkg_note": "",
        "source": "Rekap bulanan",
        "source_row": 47
      }
    },
    {
      "type": "Feature",
      "id": "45",
      "geometry": {
        "type": "Point",
        "coordinates": [
          110.0456,
          -9.41
        ]
      },
      "properties": {
        "id": "45",
        "datetime": "2026-07-29T21:47:15",
        "date": "2026-07-29",
        "time": "21:47:15",
        "latitude": -9.41,
        "longitude": 110.0456,
        "depth_km": 10.0,
        "depth_class": "Dangkal",
        "magnitude": 2.8,
        "magnitude_class": "lt3",
        "location": "South of Java, Indonesia",
        "estimated_radius_km": 9.0,
        "estimated_radius_m": 9000,
        "felt": "",
        "tsunami_potential": "",
        "shakemap_url": "",
        "bmkg_note": "",
        "source": "Rekap bulanan",
        "source_row": 46
      }
    },
    {
      "type": "Feature",
      "id": "44",
      "geometry": {
        "type": "Point",
        "coordinates": [
          113.2701,
          -9.3515
        ]
      },
      "properties": {
        "id": "44",
        "datetime": "2026-07-30T01:30:13",
        "date": "2026-07-30",
        "time": "01:30:13",
        "latitude": -9.3515,
        "longitude": 113.2701,
        "depth_km": 19.0,
        "depth_class": "Dangkal",
        "magnitude": 2.8,
        "magnitude_class": "lt3",
        "location": "South of Java, Indonesia",
        "estimated_radius_km": 8.9,
        "estimated_radius_m": 8900,
        "felt": "",
        "tsunami_potential": "",
        "shakemap_url": "",
        "bmkg_note": "",
        "source": "Rekap bulanan",
        "source_row": 45
      }
    },
    {
      "type": "Feature",
      "id": "43",
      "geometry": {
        "type": "Point",
        "coordinates": [
          113.2611,
          -9.1842
        ]
      },
      "properties": {
        "id": "43",
        "datetime": "2026-07-30T02:05:42",
        "date": "2026-07-30",
        "time": "02:05:42",
        "latitude": -9.1842,
        "longitude": 113.2611,
        "depth_km": 25.0,
        "depth_class": "Dangkal",
        "magnitude": 2.7,
        "magnitude_class": "lt3",
        "location": "South of Java, Indonesia",
        "estimated_radius_km": 8.6,
        "estimated_radius_m": 8600,
        "felt": "",
        "tsunami_potential": "",
        "shakemap_url": "",
        "bmkg_note": "",
        "source": "Rekap bulanan",
        "source_row": 44
      }
    },
    {
      "type": "Feature",
      "id": "42",
      "geometry": {
        "type": "Point",
        "coordinates": [
          108.9373,
          -8.3723
        ]
      },
      "properties": {
        "id": "42",
        "datetime": "2026-07-30T03:55:31",
        "date": "2026-07-30",
        "time": "03:55:31",
        "latitude": -8.3723,
        "longitude": 108.9373,
        "depth_km": 57.0,
        "depth_class": "Dangkal",
        "magnitude": 2.8,
        "magnitude_class": "lt3",
        "location": "Java, Indonesia",
        "estimated_radius_km": 8.4,
        "estimated_radius_m": 8400,
        "felt": "",
        "tsunami_potential": "",
        "shakemap_url": "",
        "bmkg_note": "",
        "source": "Rekap bulanan",
        "source_row": 43
      }
    },
    {
      "type": "Feature",
      "id": "41",
      "geometry": {
        "type": "Point",
        "coordinates": [
          110.3139,
          -9.0135
        ]
      },
      "properties": {
        "id": "41",
        "datetime": "2026-07-30T04:41:27",
        "date": "2026-07-30",
        "time": "04:41:27",
        "latitude": -9.0135,
        "longitude": 110.3139,
        "depth_km": 10.0,
        "depth_class": "Dangkal",
        "magnitude": 2.6,
        "magnitude_class": "lt3",
        "location": "South of Java, Indonesia",
        "estimated_radius_km": 8.6,
        "estimated_radius_m": 8600,
        "felt": "",
        "tsunami_potential": "",
        "shakemap_url": "",
        "bmkg_note": "",
        "source": "Rekap bulanan",
        "source_row": 42
      }
    },
    {
      "type": "Feature",
      "id": "40",
      "geometry": {
        "type": "Point",
        "coordinates": [
          112.9251,
          -8.6114
        ]
      },
      "properties": {
        "id": "40",
        "datetime": "2026-07-30T09:36:28",
        "date": "2026-07-30",
        "time": "09:36:28",
        "latitude": -8.6114,
        "longitude": 112.9251,
        "depth_km": 136.0,
        "depth_class": "Menengah",
        "magnitude": 2.8,
        "magnitude_class": "lt3",
        "location": "Java, Indonesia",
        "estimated_radius_km": 7.2,
        "estimated_radius_m": 7200,
        "felt": "",
        "tsunami_potential": "",
        "shakemap_url": "",
        "bmkg_note": "",
        "source": "Rekap bulanan",
        "source_row": 41
      }
    },
    {
      "type": "Feature",
      "id": "39",
      "geometry": {
        "type": "Point",
        "coordinates": [
          110.8765,
          -8.6385
        ]
      },
      "properties": {
        "id": "39",
        "datetime": "2026-07-30T09:43:46",
        "date": "2026-07-30",
        "time": "09:43:46",
        "latitude": -8.6385,
        "longitude": 110.8765,
        "depth_km": 19.0,
        "depth_class": "Dangkal",
        "magnitude": 2.4,
        "magnitude_class": "lt3",
        "location": "Java, Indonesia",
        "estimated_radius_km": 8.0,
        "estimated_radius_m": 8000,
        "felt": "",
        "tsunami_potential": "",
        "shakemap_url": "",
        "bmkg_note": "",
        "source": "Rekap bulanan",
        "source_row": 40
      }
    },
    {
      "type": "Feature",
      "id": "38",
      "geometry": {
        "type": "Point",
        "coordinates": [
          110.6209,
          -7.421
        ]
      },
      "properties": {
        "id": "38",
        "datetime": "2026-07-30T10:51:09",
        "date": "2026-07-30",
        "time": "10:51:09",
        "latitude": -7.421,
        "longitude": 110.6209,
        "depth_km": 8.0,
        "depth_class": "Dangkal",
        "magnitude": 2.4,
        "magnitude_class": "lt3",
        "location": "Java, Indonesia",
        "estimated_radius_km": 8.2,
        "estimated_radius_m": 8200,
        "felt": "",
        "tsunami_potential": "",
        "shakemap_url": "",
        "bmkg_note": "",
        "source": "Rekap bulanan",
        "source_row": 39
      }
    },
    {
      "type": "Feature",
      "id": "37",
      "geometry": {
        "type": "Point",
        "coordinates": [
          109.9471,
          -8.5991
        ]
      },
      "properties": {
        "id": "37",
        "datetime": "2026-07-30T12:07:47",
        "date": "2026-07-30",
        "time": "12:07:47",
        "latitude": -8.5991,
        "longitude": 109.9471,
        "depth_km": 10.0,
        "depth_class": "Dangkal",
        "magnitude": 2.4,
        "magnitude_class": "lt3",
        "location": "Java, Indonesia",
        "estimated_radius_km": 8.2,
        "estimated_radius_m": 8200,
        "felt": "",
        "tsunami_potential": "",
        "shakemap_url": "",
        "bmkg_note": "",
        "source": "Rekap bulanan",
        "source_row": 38
      }
    },
    {
      "type": "Feature",
      "id": "36",
      "geometry": {
        "type": "Point",
        "coordinates": [
          113.2248,
          -9.1296
        ]
      },
      "properties": {
        "id": "36",
        "datetime": "2026-07-30T12:43:03",
        "date": "2026-07-30",
        "time": "12:43:03",
        "latitude": -9.1296,
        "longitude": 113.2248,
        "depth_km": 8.0,
        "depth_class": "Dangkal",
        "magnitude": 2.7,
        "magnitude_class": "lt3",
        "location": "South of Java, Indonesia",
        "estimated_radius_km": 8.8,
        "estimated_radius_m": 8800,
        "felt": "",
        "tsunami_potential": "",
        "shakemap_url": "",
        "bmkg_note": "",
        "source": "Rekap bulanan",
        "source_row": 37
      }
    },
    {
      "type": "Feature",
      "id": "35",
      "geometry": {
        "type": "Point",
        "coordinates": [
          110.7003,
          -7.4875
        ]
      },
      "properties": {
        "id": "35",
        "datetime": "2026-07-30T14:40:05",
        "date": "2026-07-30",
        "time": "14:40:05",
        "latitude": -7.4875,
        "longitude": 110.7003,
        "depth_km": 204.0,
        "depth_class": "Menengah",
        "magnitude": 2.6,
        "magnitude_class": "lt3",
        "location": "Java, Indonesia",
        "estimated_radius_km": 6.0,
        "estimated_radius_m": 6000,
        "felt": "",
        "tsunami_potential": "",
        "shakemap_url": "",
        "bmkg_note": "",
        "source": "Rekap bulanan",
        "source_row": 36
      }
    },
    {
      "type": "Feature",
      "id": "34",
      "geometry": {
        "type": "Point",
        "coordinates": [
          110.5872,
          -9.1736
        ]
      },
      "properties": {
        "id": "34",
        "datetime": "2026-07-30T15:17:12",
        "date": "2026-07-30",
        "time": "15:17:12",
        "latitude": -9.1736,
        "longitude": 110.5872,
        "depth_km": 10.0,
        "depth_class": "Dangkal",
        "magnitude": 2.7,
        "magnitude_class": "lt3",
        "location": "South of Java, Indonesia",
        "estimated_radius_km": 8.8,
        "estimated_radius_m": 8800,
        "felt": "",
        "tsunami_potential": "",
        "shakemap_url": "",
        "bmkg_note": "",
        "source": "Rekap bulanan",
        "source_row": 35
      }
    },
    {
      "type": "Feature",
      "id": "33",
      "geometry": {
        "type": "Point",
        "coordinates": [
          113.4909,
          -9.3698
        ]
      },
      "properties": {
        "id": "33",
        "datetime": "2026-07-30T15:19:25",
        "date": "2026-07-30",
        "time": "15:19:25",
        "latitude": -9.3698,
        "longitude": 113.4909,
        "depth_km": 27.0,
        "depth_class": "Dangkal",
        "magnitude": 2.7,
        "magnitude_class": "lt3",
        "location": "South of Java, Indonesia",
        "estimated_radius_km": 8.6,
        "estimated_radius_m": 8600,
        "felt": "",
        "tsunami_potential": "",
        "shakemap_url": "",
        "bmkg_note": "",
        "source": "Rekap bulanan",
        "source_row": 34
      }
    },
    {
      "type": "Feature",
      "id": "32",
      "geometry": {
        "type": "Point",
        "coordinates": [
          110.563,
          -9.1488
        ]
      },
      "properties": {
        "id": "32",
        "datetime": "2026-07-30T15:20:43",
        "date": "2026-07-30",
        "time": "15:20:43",
        "latitude": -9.1488,
        "longitude": 110.563,
        "depth_km": 10.0,
        "depth_class": "Dangkal",
        "magnitude": 2.7,
        "magnitude_class": "lt3",
        "location": "South of Java, Indonesia",
        "estimated_radius_km": 8.8,
        "estimated_radius_m": 8800,
        "felt": "",
        "tsunami_potential": "",
        "shakemap_url": "",
        "bmkg_note": "",
        "source": "Rekap bulanan",
        "source_row": 33
      }
    },
    {
      "type": "Feature",
      "id": "31",
      "geometry": {
        "type": "Point",
        "coordinates": [
          112.7886,
          -9.5314
        ]
      },
      "properties": {
        "id": "31",
        "datetime": "2026-07-30T16:31:01",
        "date": "2026-07-30",
        "time": "16:31:01",
        "latitude": -9.5314,
        "longitude": 112.7886,
        "depth_km": 10.0,
        "depth_class": "Dangkal",
        "magnitude": 2.7,
        "magnitude_class": "lt3",
        "location": "South of Java, Indonesia",
        "estimated_radius_km": 8.8,
        "estimated_radius_m": 8800,
        "felt": "",
        "tsunami_potential": "",
        "shakemap_url": "",
        "bmkg_note": "",
        "source": "Rekap bulanan",
        "source_row": 32
      }
    },
    {
      "type": "Feature",
      "id": "30",
      "geometry": {
        "type": "Point",
        "coordinates": [
          112.7923,
          -9.4791
        ]
      },
      "properties": {
        "id": "30",
        "datetime": "2026-07-30T16:59:56",
        "date": "2026-07-30",
        "time": "16:59:56",
        "latitude": -9.4791,
        "longitude": 112.7923,
        "depth_km": 10.0,
        "depth_class": "Dangkal",
        "magnitude": 2.8,
        "magnitude_class": "lt3",
        "location": "South of Java, Indonesia",
        "estimated_radius_km": 9.0,
        "estimated_radius_m": 9000,
        "felt": "",
        "tsunami_potential": "",
        "shakemap_url": "",
        "bmkg_note": "",
        "source": "Rekap bulanan",
        "source_row": 31
      }
    },
    {
      "type": "Feature",
      "id": "29",
      "geometry": {
        "type": "Point",
        "coordinates": [
          118.3037,
          -3.8618
        ]
      },
      "properties": {
        "id": "29",
        "datetime": "2026-07-30T18:00:33",
        "date": "2026-07-30",
        "time": "18:00:33",
        "latitude": -3.8618,
        "longitude": 118.3037,
        "depth_km": 750.0,
        "depth_class": "Dalam",
        "magnitude": 5.3,
        "magnitude_class": "gte5",
        "location": "Sulawesi, Indonesia",
        "estimated_radius_km": 28.2,
        "estimated_radius_m": 28200,
        "felt": "",
        "tsunami_potential": "",
        "shakemap_url": "",
        "bmkg_note": "",
        "source": "Rekap bulanan",
        "source_row": 30
      }
    },
    {
      "type": "Feature",
      "id": "28",
      "geometry": {
        "type": "Point",
        "coordinates": [
          111.1193,
          -8.9822
        ]
      },
      "properties": {
        "id": "28",
        "datetime": "2026-07-30T18:11:28",
        "date": "2026-07-30",
        "time": "18:11:28",
        "latitude": -8.9822,
        "longitude": 111.1193,
        "depth_km": 10.0,
        "depth_class": "Dangkal",
        "magnitude": 2.7,
        "magnitude_class": "lt3",
        "location": "Java, Indonesia",
        "estimated_radius_km": 8.8,
        "estimated_radius_m": 8800,
        "felt": "",
        "tsunami_potential": "",
        "shakemap_url": "",
        "bmkg_note": "",
        "source": "Rekap bulanan",
        "source_row": 29
      }
    },
    {
      "type": "Feature",
      "id": "27",
      "geometry": {
        "type": "Point",
        "coordinates": [
          111.1956,
          -8.8551
        ]
      },
      "properties": {
        "id": "27",
        "datetime": "2026-07-30T19:29:50",
        "date": "2026-07-30",
        "time": "19:29:50",
        "latitude": -8.8551,
        "longitude": 111.1956,
        "depth_km": 7.0,
        "depth_class": "Dangkal",
        "magnitude": 2.6,
        "magnitude_class": "lt3",
        "location": "Java, Indonesia",
        "estimated_radius_km": 8.6,
        "estimated_radius_m": 8600,
        "felt": "",
        "tsunami_potential": "",
        "shakemap_url": "",
        "bmkg_note": "",
        "source": "Rekap bulanan",
        "source_row": 28
      }
    },
    {
      "type": "Feature",
      "id": "26",
      "geometry": {
        "type": "Point",
        "coordinates": [
          111.9476,
          -10.7672
        ]
      },
      "properties": {
        "id": "26",
        "datetime": "2026-07-30T20:26:35",
        "date": "2026-07-30",
        "time": "20:26:35",
        "latitude": -10.7672,
        "longitude": 111.9476,
        "depth_km": 10.0,
        "depth_class": "Dangkal",
        "magnitude": 3.5,
        "magnitude_class": "3to5",
        "location": "South of Java, Indonesia",
        "estimated_radius_km": 20.7,
        "estimated_radius_m": 20700,
        "felt": "",
        "tsunami_potential": "",
        "shakemap_url": "",
        "bmkg_note": "",
        "source": "Rekap bulanan",
        "source_row": 27
      }
    },
    {
      "type": "Feature",
      "id": "25",
      "geometry": {
        "type": "Point",
        "coordinates": [
          109.7634,
          -8.428
        ]
      },
      "properties": {
        "id": "25",
        "datetime": "2026-07-30T22:17:01",
        "date": "2026-07-30",
        "time": "22:17:01",
        "latitude": -8.428,
        "longitude": 109.7634,
        "depth_km": 22.0,
        "depth_class": "Dangkal",
        "magnitude": 2.3,
        "magnitude_class": "lt3",
        "location": "Java, Indonesia",
        "estimated_radius_km": 7.8,
        "estimated_radius_m": 7800,
        "felt": "",
        "tsunami_potential": "",
        "shakemap_url": "",
        "bmkg_note": "",
        "source": "Rekap bulanan",
        "source_row": 26
      }
    },
    {
      "type": "Feature",
      "id": "24",
      "geometry": {
        "type": "Point",
        "coordinates": [
          110.6684,
          -7.926
        ]
      },
      "properties": {
        "id": "24",
        "datetime": "2026-07-30T22:20:26",
        "date": "2026-07-30",
        "time": "22:20:26",
        "latitude": -7.926,
        "longitude": 110.6684,
        "depth_km": 16.0,
        "depth_class": "Dangkal",
        "magnitude": 1.4,
        "magnitude_class": "lt3",
        "location": "Java, Indonesia",
        "estimated_radius_km": 5.9,
        "estimated_radius_m": 5900,
        "felt": "",
        "tsunami_potential": "",
        "shakemap_url": "",
        "bmkg_note": "",
        "source": "Rekap bulanan",
        "source_row": 25
      }
    },
    {
      "type": "Feature",
      "id": "23",
      "geometry": {
        "type": "Point",
        "coordinates": [
          110.5062,
          -7.8595
        ]
      },
      "properties": {
        "id": "23",
        "datetime": "2026-07-31T03:11:12",
        "date": "2026-07-31",
        "time": "03:11:12",
        "latitude": -7.8595,
        "longitude": 110.5062,
        "depth_km": 13.0,
        "depth_class": "Dangkal",
        "magnitude": 1.4,
        "magnitude_class": "lt3",
        "location": "Java, Indonesia",
        "estimated_radius_km": 6.0,
        "estimated_radius_m": 6000,
        "felt": "",
        "tsunami_potential": "",
        "shakemap_url": "",
        "bmkg_note": "",
        "source": "Rekap bulanan",
        "source_row": 24
      }
    },
    {
      "type": "Feature",
      "id": "22",
      "geometry": {
        "type": "Point",
        "coordinates": [
          111.6703,
          -8.6335
        ]
      },
      "properties": {
        "id": "22",
        "datetime": "2026-07-31T03:42:15",
        "date": "2026-07-31",
        "time": "03:42:15",
        "latitude": -8.6335,
        "longitude": 111.6703,
        "depth_km": 97.0,
        "depth_class": "Menengah",
        "magnitude": 2.7,
        "magnitude_class": "lt3",
        "location": "Java, Indonesia",
        "estimated_radius_km": 7.6,
        "estimated_radius_m": 7600,
        "felt": "",
        "tsunami_potential": "",
        "shakemap_url": "",
        "bmkg_note": "",
        "source": "Rekap bulanan",
        "source_row": 23
      }
    },
    {
      "type": "Feature",
      "id": "21",
      "geometry": {
        "type": "Point",
        "coordinates": [
          114.031,
          -9.334
        ]
      },
      "properties": {
        "id": "21",
        "datetime": "2026-07-31T04:23:08",
        "date": "2026-07-31",
        "time": "04:23:08",
        "latitude": -9.334,
        "longitude": 114.031,
        "depth_km": 10.0,
        "depth_class": "Dangkal",
        "magnitude": 2.9,
        "magnitude_class": "lt3",
        "location": "South of Bali, Indonesia",
        "estimated_radius_km": 9.2,
        "estimated_radius_m": 9200,
        "felt": "",
        "tsunami_potential": "",
        "shakemap_url": "",
        "bmkg_note": "",
        "source": "Rekap bulanan",
        "source_row": 22
      }
    },
    {
      "type": "Feature",
      "id": "20",
      "geometry": {
        "type": "Point",
        "coordinates": [
          110.3725,
          -8.3461
        ]
      },
      "properties": {
        "id": "20",
        "datetime": "2026-07-31T06:40:08",
        "date": "2026-07-31",
        "time": "06:40:08",
        "latitude": -8.3461,
        "longitude": 110.3725,
        "depth_km": 16.0,
        "depth_class": "Dangkal",
        "magnitude": 2.1,
        "magnitude_class": "lt3",
        "location": "Java, Indonesia",
        "estimated_radius_km": 7.4,
        "estimated_radius_m": 7400,
        "felt": "",
        "tsunami_potential": "",
        "shakemap_url": "",
        "bmkg_note": "",
        "source": "Rekap bulanan",
        "source_row": 21
      }
    },
    {
      "type": "Feature",
      "id": "19",
      "geometry": {
        "type": "Point",
        "coordinates": [
          109.081,
          -8.2039
        ]
      },
      "properties": {
        "id": "19",
        "datetime": "2026-07-31T08:34:11",
        "date": "2026-07-31",
        "time": "08:34:11",
        "latitude": -8.2039,
        "longitude": 109.081,
        "depth_km": 42.0,
        "depth_class": "Dangkal",
        "magnitude": 2.4,
        "magnitude_class": "lt3",
        "location": "Java, Indonesia",
        "estimated_radius_km": 7.7,
        "estimated_radius_m": 7700,
        "felt": "",
        "tsunami_potential": "",
        "shakemap_url": "",
        "bmkg_note": "",
        "source": "Rekap bulanan",
        "source_row": 20
      }
    },
    {
      "type": "Feature",
      "id": "18",
      "geometry": {
        "type": "Point",
        "coordinates": [
          113.241,
          -9.2013
        ]
      },
      "properties": {
        "id": "18",
        "datetime": "2026-07-31T08:46:14",
        "date": "2026-07-31",
        "time": "08:46:14",
        "latitude": -9.2013,
        "longitude": 113.241,
        "depth_km": 7.0,
        "depth_class": "Dangkal",
        "magnitude": 3.2,
        "magnitude_class": "3to5",
        "location": "South of Java, Indonesia",
        "estimated_radius_km": 15.4,
        "estimated_radius_m": 15400,
        "felt": "",
        "tsunami_potential": "",
        "shakemap_url": "",
        "bmkg_note": "",
        "source": "Rekap bulanan",
        "source_row": 19
      }
    },
    {
      "type": "Feature",
      "id": "17",
      "geometry": {
        "type": "Point",
        "coordinates": [
          113.9181,
          -9.6185
        ]
      },
      "properties": {
        "id": "17",
        "datetime": "2026-07-31T11:00:42",
        "date": "2026-07-31",
        "time": "11:00:42",
        "latitude": -9.6185,
        "longitude": 113.9181,
        "depth_km": 10.0,
        "depth_class": "Dangkal",
        "magnitude": 3.3,
        "magnitude_class": "3to5",
        "location": "South of Java, Indonesia",
        "estimated_radius_km": 17.1,
        "estimated_radius_m": 17100,
        "felt": "",
        "tsunami_potential": "",
        "shakemap_url": "",
        "bmkg_note": "",
        "source": "Rekap bulanan",
        "source_row": 18
      }
    },
    {
      "type": "Feature",
      "id": "16",
      "geometry": {
        "type": "Point",
        "coordinates": [
          111.1443,
          -8.8288
        ]
      },
      "properties": {
        "id": "16",
        "datetime": "2026-07-31T12:05:20",
        "date": "2026-07-31",
        "time": "12:05:20",
        "latitude": -8.8288,
        "longitude": 111.1443,
        "depth_km": 32.0,
        "depth_class": "Dangkal",
        "magnitude": 2.4,
        "magnitude_class": "lt3",
        "location": "Java, Indonesia",
        "estimated_radius_km": 7.9,
        "estimated_radius_m": 7900,
        "felt": "",
        "tsunami_potential": "",
        "shakemap_url": "",
        "bmkg_note": "",
        "source": "Rekap bulanan",
        "source_row": 17
      }
    },
    {
      "type": "Feature",
      "id": "15",
      "geometry": {
        "type": "Point",
        "coordinates": [
          114.0555,
          -9.1538
        ]
      },
      "properties": {
        "id": "15",
        "datetime": "2026-07-31T12:44:40",
        "date": "2026-07-31",
        "time": "12:44:40",
        "latitude": -9.1538,
        "longitude": 114.0555,
        "depth_km": 10.0,
        "depth_class": "Dangkal",
        "magnitude": 2.2,
        "magnitude_class": "lt3",
        "location": "South of Bali, Indonesia",
        "estimated_radius_km": 7.7,
        "estimated_radius_m": 7700,
        "felt": "",
        "tsunami_potential": "",
        "shakemap_url": "",
        "bmkg_note": "",
        "source": "Rekap bulanan",
        "source_row": 16
      }
    },
    {
      "type": "Feature",
      "id": "14",
      "geometry": {
        "type": "Point",
        "coordinates": [
          109.7989,
          -8.9866
        ]
      },
      "properties": {
        "id": "14",
        "datetime": "2026-07-31T13:44:24",
        "date": "2026-07-31",
        "time": "13:44:24",
        "latitude": -8.9866,
        "longitude": 109.7989,
        "depth_km": 8.0,
        "depth_class": "Dangkal",
        "magnitude": 2.5,
        "magnitude_class": "lt3",
        "location": "Java, Indonesia",
        "estimated_radius_km": 8.4,
        "estimated_radius_m": 8400,
        "felt": "",
        "tsunami_potential": "",
        "shakemap_url": "",
        "bmkg_note": "",
        "source": "Rekap bulanan",
        "source_row": 15
      }
    },
    {
      "type": "Feature",
      "id": "13",
      "geometry": {
        "type": "Point",
        "coordinates": [
          110.5345,
          -7.8693
        ]
      },
      "properties": {
        "id": "13",
        "datetime": "2026-07-31T14:26:37",
        "date": "2026-07-31",
        "time": "14:26:37",
        "latitude": -7.8693,
        "longitude": 110.5345,
        "depth_km": 13.0,
        "depth_class": "Dangkal",
        "magnitude": 1.0,
        "magnitude_class": "lt3",
        "location": "Java, Indonesia",
        "estimated_radius_km": 5.1,
        "estimated_radius_m": 5100,
        "felt": "",
        "tsunami_potential": "",
        "shakemap_url": "",
        "bmkg_note": "",
        "source": "Rekap bulanan",
        "source_row": 14
      }
    },
    {
      "type": "Feature",
      "id": "12",
      "geometry": {
        "type": "Point",
        "coordinates": [
          111.0027,
          -8.3425
        ]
      },
      "properties": {
        "id": "12",
        "datetime": "2026-07-31T15:13:31",
        "date": "2026-07-31",
        "time": "15:13:31",
        "latitude": -8.3425,
        "longitude": 111.0027,
        "depth_km": 21.0,
        "depth_class": "Dangkal",
        "magnitude": 1.9,
        "magnitude_class": "lt3",
        "location": "Java, Indonesia",
        "estimated_radius_km": 6.9,
        "estimated_radius_m": 6900,
        "felt": "",
        "tsunami_potential": "",
        "shakemap_url": "",
        "bmkg_note": "",
        "source": "Rekap bulanan",
        "source_row": 13
      }
    },
    {
      "type": "Feature",
      "id": "11",
      "geometry": {
        "type": "Point",
        "coordinates": [
          110.2994,
          -8.2891
        ]
      },
      "properties": {
        "id": "11",
        "datetime": "2026-07-31T15:15:06",
        "date": "2026-07-31",
        "time": "15:15:06",
        "latitude": -8.2891,
        "longitude": 110.2994,
        "depth_km": 8.0,
        "depth_class": "Dangkal",
        "magnitude": 1.9,
        "magnitude_class": "lt3",
        "location": "Java, Indonesia",
        "estimated_radius_km": 7.1,
        "estimated_radius_m": 7100,
        "felt": "",
        "tsunami_potential": "",
        "shakemap_url": "",
        "bmkg_note": "",
        "source": "Rekap bulanan",
        "source_row": 12
      }
    },
    {
      "type": "Feature",
      "id": "10",
      "geometry": {
        "type": "Point",
        "coordinates": [
          112.7955,
          -9.5693
        ]
      },
      "properties": {
        "id": "10",
        "datetime": "2026-07-31T15:25:48",
        "date": "2026-07-31",
        "time": "15:25:48",
        "latitude": -9.5693,
        "longitude": 112.7955,
        "depth_km": 12.0,
        "depth_class": "Dangkal",
        "magnitude": 2.8,
        "magnitude_class": "lt3",
        "location": "South of Java, Indonesia",
        "estimated_radius_km": 9.0,
        "estimated_radius_m": 9000,
        "felt": "",
        "tsunami_potential": "",
        "shakemap_url": "",
        "bmkg_note": "",
        "source": "Rekap bulanan",
        "source_row": 11
      }
    },
    {
      "type": "Feature",
      "id": "9",
      "geometry": {
        "type": "Point",
        "coordinates": [
          112.8393,
          -9.6804
        ]
      },
      "properties": {
        "id": "9",
        "datetime": "2026-07-31T15:58:48",
        "date": "2026-07-31",
        "time": "15:58:48",
        "latitude": -9.6804,
        "longitude": 112.8393,
        "depth_km": 24.0,
        "depth_class": "Dangkal",
        "magnitude": 2.8,
        "magnitude_class": "lt3",
        "location": "South of Java, Indonesia",
        "estimated_radius_km": 8.8,
        "estimated_radius_m": 8800,
        "felt": "",
        "tsunami_potential": "",
        "shakemap_url": "",
        "bmkg_note": "",
        "source": "Rekap bulanan",
        "source_row": 10
      }
    },
    {
      "type": "Feature",
      "id": "8",
      "geometry": {
        "type": "Point",
        "coordinates": [
          110.2788,
          -8.4452
        ]
      },
      "properties": {
        "id": "8",
        "datetime": "2026-07-31T16:08:12",
        "date": "2026-07-31",
        "time": "16:08:12",
        "latitude": -8.4452,
        "longitude": 110.2788,
        "depth_km": 5.0,
        "depth_class": "Dangkal",
        "magnitude": 2.1,
        "magnitude_class": "lt3",
        "location": "Java, Indonesia",
        "estimated_radius_km": 7.6,
        "estimated_radius_m": 7600,
        "felt": "",
        "tsunami_potential": "",
        "shakemap_url": "",
        "bmkg_note": "",
        "source": "Rekap bulanan",
        "source_row": 9
      }
    },
    {
      "type": "Feature",
      "id": "7",
      "geometry": {
        "type": "Point",
        "coordinates": [
          112.9744,
          -9.0108
        ]
      },
      "properties": {
        "id": "7",
        "datetime": "2026-07-31T16:28:42",
        "date": "2026-07-31",
        "time": "16:28:42",
        "latitude": -9.0108,
        "longitude": 112.9744,
        "depth_km": 10.0,
        "depth_class": "Dangkal",
        "magnitude": 2.4,
        "magnitude_class": "lt3",
        "location": "South of Java, Indonesia",
        "estimated_radius_km": 8.2,
        "estimated_radius_m": 8200,
        "felt": "",
        "tsunami_potential": "",
        "shakemap_url": "",
        "bmkg_note": "",
        "source": "Rekap bulanan",
        "source_row": 8
      }
    },
    {
      "type": "Feature",
      "id": "6",
      "geometry": {
        "type": "Point",
        "coordinates": [
          113.2026,
          -9.0587
        ]
      },
      "properties": {
        "id": "6",
        "datetime": "2026-07-31T17:06:21",
        "date": "2026-07-31",
        "time": "17:06:21",
        "latitude": -9.0587,
        "longitude": 113.2026,
        "depth_km": 10.0,
        "depth_class": "Dangkal",
        "magnitude": 2.6,
        "magnitude_class": "lt3",
        "location": "South of Java, Indonesia",
        "estimated_radius_km": 8.6,
        "estimated_radius_m": 8600,
        "felt": "",
        "tsunami_potential": "",
        "shakemap_url": "",
        "bmkg_note": "",
        "source": "Rekap bulanan",
        "source_row": 7
      }
    },
    {
      "type": "Feature",
      "id": "5",
      "geometry": {
        "type": "Point",
        "coordinates": [
          112.1456,
          -8.7307
        ]
      },
      "properties": {
        "id": "5",
        "datetime": "2026-07-31T17:44:58",
        "date": "2026-07-31",
        "time": "17:44:58",
        "latitude": -8.7307,
        "longitude": 112.1456,
        "depth_km": 71.0,
        "depth_class": "Menengah",
        "magnitude": 2.3,
        "magnitude_class": "lt3",
        "location": "Java, Indonesia",
        "estimated_radius_km": 7.2,
        "estimated_radius_m": 7200,
        "felt": "",
        "tsunami_potential": "",
        "shakemap_url": "",
        "bmkg_note": "",
        "source": "Rekap bulanan",
        "source_row": 6
      }
    },
    {
      "type": "Feature",
      "id": "4",
      "geometry": {
        "type": "Point",
        "coordinates": [
          111.0533,
          -10.1363
        ]
      },
      "properties": {
        "id": "4",
        "datetime": "2026-07-31T18:38:12",
        "date": "2026-07-31",
        "time": "18:38:12",
        "latitude": -10.1363,
        "longitude": 111.0533,
        "depth_km": 10.0,
        "depth_class": "Dangkal",
        "magnitude": 3.6,
        "magnitude_class": "3to5",
        "location": "South of Java, Indonesia",
        "estimated_radius_km": 22.4,
        "estimated_radius_m": 22400,
        "felt": "",
        "tsunami_potential": "",
        "shakemap_url": "",
        "bmkg_note": "",
        "source": "Rekap bulanan",
        "source_row": 5
      }
    },
    {
      "type": "Feature",
      "id": "3",
      "geometry": {
        "type": "Point",
        "coordinates": [
          110.8848,
          -8.593
        ]
      },
      "properties": {
        "id": "3",
        "datetime": "2026-07-31T20:18:41",
        "date": "2026-07-31",
        "time": "20:18:41",
        "latitude": -8.593,
        "longitude": 110.8848,
        "depth_km": 47.0,
        "depth_class": "Dangkal",
        "magnitude": 2.3,
        "magnitude_class": "lt3",
        "location": "Java, Indonesia",
        "estimated_radius_km": 7.5,
        "estimated_radius_m": 7500,
        "felt": "",
        "tsunami_potential": "",
        "shakemap_url": "",
        "bmkg_note": "",
        "source": "Rekap bulanan",
        "source_row": 4
      }
    },
    {
      "type": "Feature",
      "id": "2",
      "geometry": {
        "type": "Point",
        "coordinates": [
          121.1541,
          -8.8386
        ]
      },
      "properties": {
        "id": "2",
        "datetime": "2026-07-31T20:21:41",
        "date": "2026-07-31",
        "time": "20:21:41",
        "latitude": -8.8386,
        "longitude": 121.1541,
        "depth_km": 415.0,
        "depth_class": "Dalam",
        "magnitude": 5.0,
        "magnitude_class": "gte5",
        "location": "Flores Region, Indonesia",
        "estimated_radius_km": 22.5,
        "estimated_radius_m": 22500,
        "felt": "",
        "tsunami_potential": "",
        "shakemap_url": "",
        "bmkg_note": "",
        "source": "Rekap bulanan",
        "source_row": 3
      }
    },
    {
      "type": "Feature",
      "id": "1",
      "geometry": {
        "type": "Point",
        "coordinates": [
          110.325,
          -9.0095
        ]
      },
      "properties": {
        "id": "1",
        "datetime": "2026-07-31T23:44:22",
        "date": "2026-07-31",
        "time": "23:44:22",
        "latitude": -9.0095,
        "longitude": 110.325,
        "depth_km": 15.0,
        "depth_class": "Dangkal",
        "magnitude": 2.5,
        "magnitude_class": "lt3",
        "location": "South of Java, Indonesia",
        "estimated_radius_km": 8.3,
        "estimated_radius_m": 8300,
        "felt": "",
        "tsunami_potential": "",
        "shakemap_url": "",
        "bmkg_note": "",
        "source": "Rekap bulanan",
        "source_row": 2
      }
    }
  ]
}
